Date,Adj Close,Close,High,Low,Open,Volume,daily_return,ma_7,ma_30,ma_90,volatility_30,target_30d_return,ticker
,AAPL,AAPL,AAPL,AAPL,AAPL,AAPL,,,,,,,
2022-05-11,143.61697387695312,146.5,155.4499969482422,145.80999755859375,153.5,142689800,-0.05184160936496707,152.91779000418526,161.1983678181966,163.24551815456815,0.024422590295057382,-0.033037323729223744,AAPL
2022-05-12,139.75454711914062,142.55999755859375,146.1999969482422,138.8000030517578,142.77000427246094,182602000,-0.026893943337935267,150.58098493303572,160.056320699056,162.82123819986978,0.024710285428443862,-0.006313166328818731,AAPL
2022-05-13,144.21499633789062,147.11000061035156,148.10000610351562,143.11000061035156,144.58999633789062,113990900,0.0319163083470011,147.96683175223214,159.1660639444987,162.47161153157552,0.025611075502099186,-0.06573314877973069,AAPL
2022-05-16,142.67588806152344,145.5399932861328,147.52000427246094,144.17999267578125,145.5500030517578,86643800,-0.010672317827205124,146.42632184709822,158.23429361979166,162.15680694580078,0.025619726454189615,-0.04335597370253508,AAPL
2022-05-17,146.3031463623047,149.24000549316406,149.77000427246094,146.67999267578125,148.86000061035156,78336300,0.02542306447195286,145.30036054338728,157.2886713663737,161.91402435302734,0.02568982725060655,-0.08389191502862448,AAPL
2022-05-18,138.04876708984375,140.82000732421875,147.36000061035156,139.89999389648438,146.85000610351562,109742900,-0.05641969757793053,143.7262442452567,156.17819112141927,161.5776794433594,0.027227756262333425,-0.013421222385268994,AAPL
2022-05-19,134.6470947265625,137.35000610351562,141.66000366210938,136.60000610351562,139.8800048828125,136095600,-0.02464109194881403,141.32305908203125,155.0597147623698,161.2033213297526,0.027342166526969434,0.03065150598941635,AAPL
2022-05-20,134.8823699951172,137.58999633789062,140.6999969482422,132.61000061035156,139.08999633789062,137426100,0.0017473475312073106,140.07525852748327,153.9389643351237,160.80018412272136,0.02734153357287838,0.03873806782643352,AAPL
2022-05-23,140.29373168945312,143.11000061035156,143.25999450683594,137.64999389648438,137.7899932861328,117726300,0.04011911782490052,140.15228489467077,153.06548360188802,160.45228491889105,0.028640388905694085,0.02264002984461011,AAPL
2022-05-24,137.5978240966797,140.36000061035156,141.97000122070312,137.3300018310547,140.80999755859375,104132700,-0.01921616568544171,139.20697457449776,152.2437510172526,160.11071268717447,0.028509794295977407,0.04759187327996295,AAPL
2022-05-25,137.7547149658203,140.52000427246094,141.7899932861328,138.33999633789062,138.42999267578125,92482700,0.0011402133003963755,138.50394984654017,151.36492614746095,159.76132439507379,0.028363902928590628,0.030956503361304843,AAPL
2022-05-26,140.95057678222656,143.77999877929688,144.33999633789062,137.13999938964844,137.38999938964844,90601500,0.023199654670253533,137.73929704938615,150.50322621663412,159.48296678331164,0.02857226107007108,0.014466290447127772,AAPL
2022-05-27,146.69522094726562,149.63999938964844,149.67999267578125,145.25999450683594,145.38999938964844,90978500,0.040756443117751395,138.97450474330358,149.99974975585937,159.30721808539496,0.02936427787301644,-0.02773310249892391,AAPL
2022-05-31,145.9109649658203,148.83999633789062,150.66000366210938,146.83999633789062,149.07000732421875,103718400,-0.005346159038999931,140.58362906319755,149.47731119791666,159.14143981933594,0.029366304983530007,-0.0024859813220940996,AAPL
2022-06-01,145.7835235595703,148.7100067138672,151.74000549316406,147.67999267578125,149.89999389648438,74286600,-0.0008734189804026071,142.14093671526228,148.87459716796874,158.99705624050563,0.029192490290931135,0.009817701756183572,AAPL
2022-06-02,148.2343292236328,151.2100067138672,151.27000427246094,146.86000061035156,147.8300018310547,72348100,0.016811266487608556,143.27530779157365,148.35912322998047,158.88848520914715,0.02942479786969534,-0.027378962879393454,AAPL
2022-06-03,142.51905822753906,145.3800048828125,147.97000122070312,144.4600067138672,146.89999389648438,88570300,-0.03855565054348131,143.97834123883928,147.67957051595053,158.73639882405598,0.030137435213576893,0.038657281928333065,AAPL
2022-06-06,143.2640838623047,146.13999938964844,148.57000732421875,144.89999389648438,147.02999877929688,71598400,0.0052275509256884956,144.76539393833704,147.1759267171224,158.59356757269964,0.0298393910156853,0.047214945646240736,AAPL
2022-06-07,145.7835235595703,148.7100067138672,149.0,144.10000610351562,144.35000610351562,67808200,0.017585982678583578,145.455814906529,146.72069702148437,158.4838360256619,0.03002540924380114,0.044650504408121794,AAPL
2022-06-08,145.0482940673828,147.9600067138672,149.8699951171875,147.4600067138672,148.5800018310547,53950200,-0.0050432962123259095,145.22053963797433,146.43934682210286,158.24525146484376,0.029305547210873528,0.041429809007788254,AAPL
2022-06-09,139.83297729492188,142.63999938964844,147.9499969482422,142.52999877929688,147.0800018310547,69473000,-0.0359557263737148,144.35225568498885,145.9916564941406,157.90038011338976,0.029974456049888548,0.07227970380923643,AAPL
2022-06-10,134.43141174316406,137.1300048828125,140.75999450683594,137.05999755859375,140.27999877929688,91437900,-0.03862869586453388,142.73052542550224,145.1332239786784,157.4973378499349,0.02926486802867404,0.10552040459940448,AAPL
2022-06-13,129.28468322753906,131.8800048828125,135.1999969482422,131.44000244140625,132.8699951171875,122207100,-0.03828516303509488,140.023433140346,144.2986857096354,157.02374877929688,0.029328167930066484,0.18888417183408412,AAPL
2022-06-14,130.1473846435547,132.75999450683594,133.88999938964844,131.47999572753906,133.1300048828125,84784300,0.006672881848635459,138.25605119977678,143.4827880859375,156.59168141682943,0.029381821831771553,0.18522173875372983,AAPL
2022-06-15,132.7648468017578,135.42999267578125,137.33999633789062,132.16000366210938,134.2899932861328,91533000,0.020111523296236777,136.75616019112724,142.7045435587565,156.19185112847222,0.029626988858567824,0.19995593547638935,AAPL
2022-06-16,127.50051879882812,130.05999755859375,132.38999938964844,129.0399932861328,132.0800018310547,108123900,-0.03965152018583873,134.14430236816406,141.53742523193358,155.74146813286674,0.02896429776245895,0.2418116884002799,AAPL
2022-06-17,128.9710235595703,131.55999755859375,133.0800018310547,129.80999755859375,130.07000732421875,134520300,0.011533323743273316,131.84754943847656,140.7211441040039,155.2729453192817,0.027690012993530643,0.21625106702420482,AAPL
2022-06-21,133.19618225097656,135.8699951171875,137.05999755859375,133.32000732421875,133.4199981689453,81000500,0.032760526936926215,130.8994358607701,140.02152099609376,154.8355980767144,0.028504737812642917,0.22271310649553877,AAPL
2022-06-22,132.68646240234375,135.35000610351562,137.75999450683594,133.91000366210938,134.7899932861328,73409200,-0.0038268352742450995,130.65015738351005,139.4754837036133,154.43783348931206,0.027983954604879947,0.22504582703714693,AAPL
2022-06-23,135.5489959716797,138.27000427246094,138.58999633789062,135.6300048828125,136.82000732421875,72433800,0.021573667105962313,131.54505920410156,138.9448038736979,154.10972510443793,0.028133247112868607,0.19750974267671206,AAPL
2022-06-24,138.87225341796875,141.66000366210938,141.91000366210938,139.77000427246094,139.89999389648438,89116800,0.02451702000790479,132.79146902901786,138.7866465250651,153.81593119303386,0.027023258855479355,0.16545963732863123,AAPL
2022-06-27,138.87225341796875,141.66000366210938,143.49000549316406,140.97000122070312,142.6999969482422,70207900,0.0,133.66395568847656,138.75723673502605,153.4796106974284,0.026568796973093615,0.16581310984172082,AAPL
2022-06-28,134.73529052734375,137.44000244140625,143.4199981689453,137.32000732421875,142.1300048828125,67083400,-0.02978970088556021,134.69749450683594,138.44124654134114,153.09993387858074,0.026411436907959614,0.23308439444929396,AAPL
2022-06-29,136.4900360107422,139.22999572753906,140.6699981689453,136.6699981689453,137.4600067138672,66242400,0.01302365160998642,135.77163914271765,138.23505147298178,152.77967088487412,0.02649498835397525,0.21183730238006415,AAPL
2022-06-30,134.0294952392578,136.72000122070312,138.3699951171875,133.77000427246094,137.25,98964500,-0.01802725564004337,135.89068385532923,137.8259297688802,152.44925350613065,0.02617888896367428,0.26052553594094197,AAPL
2022-07-01,136.19598388671875,138.92999267578125,139.0399932861328,135.66000366210938,136.0399932861328,71051600,0.01616426775012103,136.3920440673828,137.76417032877603,152.17531992594402,0.02431978110958625,0.24833067062226766,AAPL
2022-07-05,138.77423095703125,141.55999755859375,141.61000061035156,136.92999267578125,137.77000427246094,73353800,0.018930419214541416,136.85279192243303,137.90174153645833,151.97625885009765,0.024107673760764607,0.2240063122422402,AAPL
2022-07-06,140.10745239257812,142.9199981689453,144.1199951171875,141.0800018310547,141.35000610351562,74064300,0.009607125374448522,137.0292489188058,138.07591094970704,151.76297115749782,0.02415548574278547,0.22300922601213968,AAPL
2022-07-07,143.46998596191406,146.35000610351562,146.5500030517578,143.27999877929688,143.2899932861328,66253700,0.023999676761762734,137.68606785365515,138.1817860921224,151.56409539116754,0.023436579749782055,0.19160816506422962,AAPL
2022-07-08,144.1463623046875,147.0399932861328,147.5500030517578,145.0,145.25999450683594,64547800,0.004714410043596073,139.03050667898995,138.400070699056,151.3697981092665,0.023129527476998007,0.16810592312128492,AAPL
2022-07-11,142.0191192626953,144.8699951171875,146.63999938964844,143.77999877929688,145.6699981689453,63141600,-0.0147575215078668,139.82037571498327,138.54221750895184,151.17274797227648,0.023326715999579004,0.15829883108699394,AAPL
2022-07-12,142.98960876464844,145.86000061035156,148.4499969482422,145.0500030517578,145.75999450683594,77588800,0.0068335130297350055,141.1003919328962,138.6101852416992,150.94993625217015,0.02298532474394209,0.14810296525427957,AAPL
2022-07-13,142.6269073486328,145.49000549316406,146.4499969482422,142.1199951171875,142.99000549316406,71185600,-0.0025365578600372585,142.01909528459822,138.47457478841145,150.7266833835178,0.02170971000547967,0.1530874977814205,AAPL
2022-07-14,145.54823303222656,148.47000122070312,148.9499969482422,143.25,144.0800018310547,78140700,0.020482290038393414,142.98680986676897,138.46248372395834,150.5691716512044,0.022029182995084357,0.14680527609308203,AAPL
2022-07-15,147.21478271484375,150.1699981689453,150.86000061035156,148.1999969482422,149.77999877929688,76259900,0.011450153999795987,144.00214276994978,138.51019236246745,150.4722691853841,0.022124061796903217,0.09107856782451829,AAPL
2022-07-18,144.1758270263672,147.07000732421875,151.57000732421875,146.6999969482422,150.74000549316406,81420900,-0.02064300630978777,144.1029772077288,138.37490895589193,150.36183047824437,0.022232164608088884,0.098824421161541,AAPL
2022-07-19,148.02845764160156,151.0,151.22999572753906,146.91000366210938,147.9199981689453,82982400,0.02672175145234168,144.65756225585938,138.55855560302734,150.23426988389758,0.021582679657721947,0.053845748662046056,AAPL
2022-07-20,150.02828979492188,153.0399932861328,153.72000122070312,150.3699951171875,151.1199951171875,64823400,0.013509781735091764,145.8017294747489,138.78402913411458,150.17711198594836,0.021684837814206444,0.02874040886250495,AAPL
2022-07-21,152.29283142089844,155.35000610351562,155.57000732421875,151.94000244140625,154.5,65086600,0.015094097447035049,147.1307612827846,139.00100606282552,150.18633795844184,0.021626854287545943,0.01821331909513435,AAPL
2022-07-22,151.0576171875,154.08999633789062,156.27999877929688,153.41000366210938,155.38999938964844,66675400,-0.008110783822677936,148.33514840262276,139.2013168334961,150.2265416463216,0.02166697686561804,0.012567234279138528,AAPL
2022-07-25,149.9400634765625,152.9499969482422,155.0399932861328,152.27999877929688,154.00999450683594,53623900,-0.0073981950181984946,148.9625527518136,139.53821970621746,150.2057098388672,0.02055992527084752,0.011733611005048328,AAPL
2022-07-26,148.61666870117188,151.60000610351562,153.08999633789062,150.8000030517578,152.25999450683594,55138700,-0.008826158564335218,149.16282217843192,140.0110616048177,150.12122989230687,0.019175806614054228,0.030188684669470778,AAPL
2022-07-27,153.7045135498047,156.7899932861328,157.3300018310547,152.16000366210938,152.5800018310547,78620700,0.03423468506660643,150.52406311035156,140.82505594889324,150.082078382704,0.01827269977016871,-0.013492066407238434,AAPL
2022-07-28,154.25350952148438,157.35000610351562,157.63999938964844,154.41000366210938,156.97999572753906,81378700,0.0035717622013864414,151.4133562360491,141.62859344482422,150.01248219807943,0.018277214562896216,0.001516347850137434,AAPL
2022-07-29,159.3119659423828,162.50999450683594,163.6300048828125,159.5,161.24000549316406,101786900,0.032793136678643364,152.7395956856864,142.51349741617838,149.9838634914822,0.018758923505939325,0.007057976840372904,AAPL
2022-08-01,158.33163452148438,161.50999450683594,163.58999633789062,160.88999938964844,161.00999450683594,67829400,-0.006153532881848833,153.60228184291296,143.54120127360025,149.90693749321832,0.016829278158452712,-0.04616620256963333,AAPL
2022-08-02,156.86114501953125,160.00999450683594,162.41000366210938,159.6300048828125,160.10000610351562,59907000,-0.00928740176527132,154.43135724748885,144.4708719889323,149.79855448404948,0.017079609787430318,-0.02802476096424411,AAPL
2022-08-03,162.8607177734375,166.1300048828125,166.58999633789062,160.75,160.83999633789062,82507500,0.03824766645149258,156.27716500418526,145.45968983968098,149.71484985351563,0.01739492276149806,-0.08155283681431313,AAPL
2022-08-04,162.5469970703125,165.80999755859375,167.19000244140625,164.42999267578125,166.00999450683594,55474100,-0.001926312909669381,158.2672119140625,146.45504099527994,149.62058953179255,0.01735804265388634,-0.08986602432439539,AAPL
2022-08-05,162.3212432861328,165.35000610351562,165.85000610351562,163.0,163.2100067138672,56697000,-0.0013888523826868227,159.4981733049665,147.34744923909506,149.51424984402126,0.017195739802950243,-0.0657395713527642,AAPL
2022-08-08,161.85000610351562,164.8699951171875,167.80999755859375,164.1999969482422,166.3699951171875,60276900,-0.002903114669880358,160.58338710239954,148.11337432861328,149.36612955729166,0.016913232454912098,-0.048341180665375516,AAPL
2022-08-09,161.8990936279297,164.9199981689453,165.82000732421875,163.25,164.02000427246094,63135500,0.0003032902228170542,160.9529767717634,148.8809356689453,149.23149770100912,0.016910073791301307,-0.06791151059181721,AAPL
2022-08-10,166.13998413085938,169.24000549316406,169.33999633789062,166.89999389648438,167.67999267578125,70170500,0.026194652532619767,162.0684552873884,149.9277587890625,149.17835642496746,0.015971281373157058,-0.09749479939199956,AAPL
2022-08-11,165.40371704101562,168.49000549316406,170.99000549316406,168.19000244140625,170.05999755859375,57149200,-0.004431606838627311,163.288822719029,150.89154815673828,149.12029774983725,0.01606685706182006,-0.10718735545297564,AAPL
2022-08-12,168.94760131835938,172.10000610351562,172.1699981689453,169.39999389648438,169.82000732421875,68039400,0.02142566286140335,164.15837751116072,152.05548502604168,149.05669538709853,0.015593578864943511,-0.12393979489078455,AAPL
2022-08-15,170.0176239013672,173.19000244140625,173.38999938964844,171.35000610351562,171.52000427246094,54091700,0.006333458271428727,165.2256099155971,153.18287302652996,149.04174482557508,0.015516237202397264,-0.12373693882084225,AAPL
2022-08-16,169.86053466796875,173.02999877929688,173.7100067138672,171.66000366210938,172.77999877929688,56377100,-0.0009239585273205231,166.30265154157365,154.21908315022787,149.060179816352,0.015436699513387503,-0.13402296806138714,AAPL
2022-08-17,171.3527069091797,174.5500030517578,176.14999389648438,172.57000732421875,172.77000427246094,79542000,0.00878469059412601,167.6601802280971,155.26059163411458,149.0918223063151,0.015432408617196617,-0.1837298374116445,AAPL
2022-08-18,170.9600067138672,174.14999389648438,174.89999389648438,173.1199951171875,173.75,62290100,-0.0022917653441018038,168.95459638323103,156.1769256591797,149.14139845106337,0.015169019180736362,-0.20643107594719223,AAPL
2022-08-19,168.3782196044922,171.52000427246094,173.74000549316406,171.30999755859375,173.02999877929688,70346300,-0.015101702199252331,169.27434430803572,156.98465423583986,149.2094919840495,0.01564944357443809,-0.16948481785183012,AAPL
2022-08-22,164.50057983398438,167.57000732421875,169.86000061035156,167.13999938964844,169.69000244140625,69026800,-0.02302934298519188,169.14532470703125,157.73403625488282,149.21372663709852,0.01608209507972044,-0.1281255130691763,AAPL
2022-08-23,164.1667938232422,167.22999572753906,168.7100067138672,166.64999389648438,167.0800018310547,54147100,-0.0020290871380456155,168.4623522077288,158.4399424235026,149.1844512939453,0.016129235984744878,-0.12455902521044337,AAPL
2022-08-24,164.4613037109375,167.52999877929688,168.11000061035156,166.25,167.32000732421875,53841500,0.0017939674695262031,167.66859218052454,159.16775563557943,149.21402672661677,0.016081185141241173,-0.1319167804154633,AAPL
2022-08-25,166.9154815673828,170.02999877929688,170.13999938964844,168.35000610351562,168.77999877929688,51218200,0.014922524636913126,167.24787030901228,159.87999725341797,149.27326405843098,0.015926509128152667,-0.17608654852699612,AAPL
2022-08-26,160.62289428710938,163.6199951171875,171.0500030517578,163.55999755859375,170.57000732421875,78961000,-0.037699242881392925,165.7150399344308,160.32693430582682,149.23724127875434,0.017643361564968416,-0.14179189408299864,AAPL
2022-08-29,158.42391967773438,161.3800048828125,162.89999389648438,159.82000732421875,161.14999389648438,73314000,-0.013690293772470441,163.9241703578404,160.80187072753907,149.17863430447048,0.017364740832596245,-0.13880280896549668,AAPL
2022-08-30,155.99916076660156,158.91000366210938,162.55999755859375,157.72000122070312,162.1300048828125,77906200,-0.015305510153171609,162.1557333809989,161.06756083170572,149.10189565022787,0.01710260477302362,-0.12944413399597265,AAPL
2022-08-31,154.3401641845703,157.22000122070312,160.5800018310547,157.13999938964844,160.30999755859375,87991100,-0.01063465068580316,160.7042454310826,161.21128997802734,149.05708194308812,0.017105060265642583,-0.09051020792524878,AAPL
2022-09-01,155.06658935546875,157.9600067138672,158.4199981689453,154.6699981689453,156.63999938964844,74229900,0.00470665024063166,159.40421622140067,161.30374857584636,149.00848388671875,0.016915802588891478,-0.1239555169996509,AAPL
2022-09-02,152.95599365234375,155.80999755859375,160.36000061035156,154.97000122070312,159.75,76957800,-0.013610899110489516,157.76060049874442,161.36702779134114,149.0025638156467,0.01704434722169606,-0.08600232798397145,AAPL
2022-09-06,151.69940185546875,154.52999877929688,157.08999633789062,153.69000244140625,156.47000122070312,73714800,-0.008215381214358497,155.58687482561385,161.42567240397136,148.9851828681098,0.017058145058975977,-0.06975989793368831,AAPL
2022-09-07,153.10321044921875,155.9600067138672,156.6699981689453,153.61000061035156,154.82000732421875,87449600,0.009253883512919003,154.51263427734375,161.57522379557292,148.90650312635634,0.017035607177188796,-0.0775839833713583,AAPL
2022-09-08,151.63072204589844,154.4600067138672,156.36000061035156,152.67999267578125,154.63999938964844,84923800,-0.009617619375843933,153.54217747279577,161.50609741210937,148.876613023546,0.015943610308881244,-0.07166927419006686,AAPL
2022-09-09,154.48741149902344,157.3699951171875,157.82000732421875,154.75,155.47000122070312,68028800,0.01883978005631537,153.32621329171317,161.513894144694,148.87509189181858,0.016311893245466124,-0.06418004191224702,AAPL
2022-09-12,160.43638610839844,163.42999267578125,164.25999450683594,159.3000030517578,159.58999633789062,104956000,0.0385078276064752,154.19710213797433,161.55137481689454,148.92313859727648,0.016733809115517768,-0.08554111572564715,AAPL
2022-09-13,151.02206420898438,153.83999633789062,160.5399932861328,153.3699951171875,159.89999389648438,122656600,-0.0586794687151162,153.6193128313337,161.30772247314454,148.79544965955947,0.01989005670637283,-0.00975035620530762,AAPL
2022-09-14,152.46514892578125,155.30999755859375,157.10000610351562,153.61000061035156,154.7899932861328,87965400,0.009555456180230237,153.54919215611048,161.16118927001952,148.78440178765192,0.019929274884450073,-0.03837506890542752,AAPL
2022-09-15,149.57896423339844,152.3699951171875,155.24000549316406,151.3800048828125,154.64999389648438,90481100,-0.01893012739447608,153.24627249581474,160.71846415201824,148.73322499593098,0.01877122676109489,-0.049681484089200145,AAPL
2022-09-16,147.93954467773438,150.6999969482422,151.35000610351562,148.3699951171875,151.2100067138672,162278800,-0.010960228024483154,152.50860595703125,160.23154907226564,148.72069125705295,0.01883142324761725,0.03344422479770226,AAPL
2022-09-19,151.6503143310547,154.47999572753906,154.55999755859375,149.10000610351562,149.30999755859375,81474200,0.025083013885190075,152.51140485491072,159.8758514404297,148.7227015177409,0.01951539894536246,-0.007379342369187469,AAPL
2022-09-20,154.02598571777344,156.89999389648438,158.0800018310547,153.0800018310547,153.39999389648438,107689800,0.01566545639683037,152.44548688616072,159.61505076090495,148.8383572048611,0.019780991196861525,-0.03983417485226981,AAPL
2022-09-21,150.90428161621094,153.72000122070312,158.74000549316406,153.60000610351562,157.33999633789062,101696800,-0.02026738596747235,151.08375767299108,159.248557027181,148.96224314371744,0.020072172278278184,-0.05653155218736983,AAPL
2022-09-22,149.94219970703125,152.74000549316406,154.47000122070312,150.91000366210938,152.3800048828125,86652500,-0.006375444744679326,150.9294913155692,158.70863087972006,149.0258787367079,0.019354468944817207,-0.09074236369564603,AAPL
2022-09-23,147.67453002929688,150.42999267578125,151.47000122070312,148.55999755859375,151.19000244140625,96029900,-0.015123625518133843,150.2451171875,158.11765797932944,149.08141920301648,0.019475410835579236,-0.07857792489727733,AAPL
2022-09-26,148.00827026367188,150.77000427246094,153.77000427246094,149.63999938964844,149.66000366210938,93339400,0.0022599715354352234,150.02073233468192,157.4196802775065,149.1003650241428,0.018933424688016252,-0.07706794008579498,AAPL
2022-09-27,148.98016357421875,151.75999450683594,154.72000122070312,149.9499969482422,152.74000549316406,84442700,0.006566479756945132,150.16939217703683,156.7184315999349,149.2218249850803,0.018937953297392087,-0.0792605036439562,AAPL
2022-09-28,147.09532165527344,149.83999633789062,150.63999938964844,144.83999633789062,147.63999938964844,146691400,-0.01265163008098269,149.51867893763952,155.9595911661784,149.36013861762152,0.018988583012196556,-0.09841339853500597,AAPL
2022-09-29,139.87010192871094,142.47999572753906,146.72000122070312,140.67999267578125,146.10000610351562,128138200,-0.04911930335551551,147.4964098249163,154.91017100016276,149.41555786132812,0.02046563284375975,0.032521586419807624,AAPL
2022-09-30,135.66854858398438,138.1999969482422,143.10000610351562,138.0,141.27999877929688,124925300,-0.030038966775530196,145.31987653459822,153.7337890625,149.36416693793402,0.020889655357557026,0.08500969613236675,AAPL
2022-10-03,139.84066772460938,142.4499969482422,143.07000732421875,137.69000244140625,138.2100067138672,114311700,0.0307522943539289,143.87680053710938,152.78253733317058,149.3890874226888,0.02196159081479848,0.042653589388208735,AAPL
2022-10-04,143.42385864257812,146.10000610351562,146.22000122070312,144.25999450683594,145.02999877929688,87830100,0.025623382498610514,143.26956176757812,152.0799799601237,149.4520779079861,0.02244680491800545,0.028671325249009838,AAPL
2022-10-05,143.7183380126953,146.39999389648438,147.3800048828125,143.00999450683594,144.07000732421875,79471000,0.002053210483278445,142.6567143031529,151.3983647664388,149.4828308105469,0.02247349168043729,0.01801093035416157,AAPL
2022-10-06,142.76609802246094,145.42999267578125,147.5399932861328,145.22000122070312,145.80999755859375,68402200,-0.006625737560020051,141.76899065290178,150.6751912434896,149.43917388916014,0.022448902369328536,0.03809404104327774,AAPL
2022-10-07,137.52391052246094,140.08999633789062,143.10000610351562,139.4499969482422,142.5399932861328,85925600,-0.036718713844622,140.40164620535714,149.69547220865886,149.34598439534506,0.02288716299067917,0.08174004720193029,AAPL
2022-10-10,137.84786987304688,140.4199981689453,141.88999938964844,138.57000732421875,140.4199981689453,74899000,0.002355658367735547,140.11275591169084,148.9363047281901,149.2578104654948,0.022141201360888423,0.05580054367955367,AAPL
2022-10-11,136.43423461914062,138.97999572753906,141.35000610351562,138.22000122070312,139.89999389648438,77033700,-0.010255038798990257,140.2221396309989,148.20331522623698,149.12669830322267,0.02210272663415436,0.08237980511676413,AAPL
2022-10-12,135.8059844970703,138.33999633789062,140.36000061035156,138.16000366210938,139.1300048828125,70433700,-0.0046047835708104,139.645756312779,147.53020935058595,149.05210859510635,0.022012337750083637,0.09383101309962116,AAPL
2022-10-13,140.3708038330078,142.99000549316406,143.58999633789062,134.3699951171875,134.99000549316406,113224000,0.03361279955991914,139.20960562569755,147.06456400553387,149.01996103922525,0.023036886369045002,0.037524861835211976,AAPL
2022-10-14,135.84523010253906,138.3800048828125,144.52000427246094,138.19000244140625,144.30999755859375,88598000,-0.032240135461877095,138.08487592424666,146.4238520304362,148.90953555636935,0.023597069056814204,0.04393157936651737,AAPL
2022-10-17,139.80142211914062,142.41000366210938,142.89999389648438,140.27000427246094,141.07000732421875,85250900,0.029122789321460507,137.6613507952009,145.98536631266276,148.85123697916666,0.02428482688047751,-0.007062957472506626,AAPL
2022-10-18,141.1168670654297,143.75,146.6999969482422,140.61000061035156,145.49000549316406,99136600,0.009409381724085897,138.17463030133928,145.6326151529948,148.8655024210612,0.024360012867724015,0.03148222336478268,AAPL
2022-10-19,141.224853515625,143.86000061035156,144.9499969482422,141.5,141.69000244140625,61758300,0.0007652270946834072,138.6570565359933,145.236669921875,148.94098510742188,0.02427250755915362,0.03264287578852021,AAPL
2022-10-20,140.76345825195312,143.38999938964844,145.88999938964844,142.64999389648438,143.02000427246094,64522000,-0.0032670967764242276,139.2755170549665,144.87442779541016,149.0685270521376,0.02423506480509907,0.032535131967505126,AAPL
2022-10-21,144.57240295410156,147.27000427246094,147.85000610351562,142.64999389648438,142.8699951171875,86548600,0.027059186733894958,140.52786254882812,144.54392751057944,149.2288050333659,0.0245257188689127,-0.0026940175501126706,AAPL
2022-10-24,146.7124786376953,149.4499969482422,150.22999572753906,146.0,147.19000244140625,75981900,0.0148027952767249,141.4338160923549,144.08646392822266,149.38377872043185,0.023540529873052107,-0.042174222660983474,AAPL
2022-10-25,149.54954528808594,152.33999633789062,152.49000549316406,149.36000061035156,150.08999633789062,74732300,0.019337596070452268,143.3915754045759,144.0373799641927,149.62876790364584,0.021351324806359456,-0.07329791542166775,AAPL
2022-10-26,146.61428833007812,149.35000610351562,151.99000549316406,148.0399932861328,150.9600067138672,88194300,-0.019627321182110302,144.3648420061384,143.84235127766928,149.8248041788737,0.021559776570467405,-0.043276619048481346,AAPL
2022-10-27,142.1476593017578,144.8000030517578,149.0500030517578,144.1300048828125,148.07000732421875,109180200,-0.03046516870350613,144.51209803989954,143.59464111328126,149.92426503499348,0.021987747252776437,-0.016603531917693704,AAPL
2022-10-28,152.88726806640625,155.74000549316406,157.5,147.82000732421875,148.1999969482422,164762400,0.07555248406764048,146.17815726143974,143.759565226237,150.14871843126085,0.026005283290703052,-0.0706967928923452,AAPL
2022-10-31,150.53123474121094,153.33999633789062,154.24000549316406,151.9199981689453,153.16000366210938,97943200,-0.015410265059952355,147.57355390276228,143.72226257324218,150.31518775092232,0.025784747193029974,-0.04975046159663021,AAPL
2022-11-01,147.89048767089844,150.64999389648438,155.4499969482422,149.1300048828125,155.0800018310547,80379300,-0.017542851321537323,148.04756600516183,143.5177459716797,150.41539035373265,0.0258050272255812,-0.047808788781767864,AAPL
2022-11-02,142.37342834472656,145.02999877929688,152.1699981689453,145.0,148.9499969482422,93604600,-0.03730503166944055,147.42770167759485,143.23338419596354,150.45429229736328,0.02642296960247415,-0.05725396639117486,AAPL
2022-11-03,136.33609008789062,138.8800048828125,142.8000030517578,138.75,142.05999755859375,97918500,-0.04240495102932984,145.5400652204241,142.77984720865885,150.47207895914713,0.02744634867807332,-0.029859242195958702,AAPL
2022-11-04,136.07057189941406,138.3800048828125,142.6699981689453,134.3800048828125,142.08999633789062,140814800,-0.0019475267943022123,144.03382001604353,142.39304860432944,150.46741824679904,0.027347659215839606,-0.04343124058805137,AAPL
2022-11-07,136.60157775878906,138.9199981689453,139.14999389648438,135.6699981689453,137.11000061035156,83374600,0.003902429834479859,143.24152265276228,142.01282552083333,150.4959969414605,0.027358879290058827,-0.04765322869901556,AAPL
2022-11-08,137.1719207763672,139.5,141.42999267578125,137.49000549316406,140.41000366210938,89908500,0.0041752300883759474,140.99647303989954,141.6192174275716,150.50684068467882,0.027335599066998943,-0.02903245147585032,AAPL
2022-11-09,132.61917114257812,134.8699951171875,138.5500030517578,134.58999633789062,138.5,74917800,-0.033190099023337694,138.43760681152344,141.13667907714844,150.4384511311849,0.027853742599929163,-0.01957456453730322,AAPL
2022-11-10,144.4188995361328,146.8699951171875,146.8699951171875,139.5,141.24000549316406,118854000,0.08897452979003218,137.94166564941406,141.2883056640625,150.48635609944662,0.03119259814658342,-0.10219895385316946,AAPL
2022-11-11,147.20169067382812,149.6999969482422,150.00999450683594,144.3699951171875,145.82000732421875,93979700,0.019268884797166486,138.63141741071428,141.67274373372396,150.52781948513456,0.03076806468910901,-0.13139630828619442,AAPL
2022-11-14,145.8053741455078,148.27999877929688,150.27999877929688,147.42999267578125,148.97000122070312,73374100,-0.00948573703147404,139.98417227608817,141.87156728108724,150.54625295003254,0.030399140476340982,-0.14998648422515992,AAPL
2022-11-15,147.5360107421875,150.0399932861328,153.58999633789062,148.55999755859375,152.22000122070312,89868300,0.011869497999110745,141.6220921107701,142.00863901774088,150.60755174424912,0.03013046823996608,-0.13616391489432123,AAPL
2022-11-16,146.3068389892578,148.7899932861328,149.8699951171875,147.2899932861328,149.1300048828125,64218300,-0.008331333799431628,143.00855800083704,142.0949223836263,150.6444098578559,0.030181983762881986,-0.12675596934409572,AAPL
2022-11-17,148.2046356201172,150.72000122070312,151.47999572753906,146.14999389648438,146.42999267578125,80389400,0.012971346001116935,144.58466012137276,142.27620697021484,150.70638461642795,0.03022270447084701,-0.17018309665275677,AAPL
2022-11-18,148.76512145996094,151.2899932861328,152.6999969482422,149.97000122070312,152.30999755859375,74829600,0.003781837440499425,146.89122445242745,142.65091400146486,150.74212782118056,0.02934002085834321,-0.1647827866763233,AAPL
2022-11-21,145.53985595703125,148.00999450683594,150.3699951171875,147.72000122070312,150.16000366210938,58724100,-0.021680253215789813,147.05136108398438,142.90731353759764,150.72351752387152,0.029685203075692355,-0.1553272664367117,AAPL
2022-11-22,147.6736602783203,150.17999267578125,150.4199981689453,146.92999267578125,148.1300048828125,51804100,0.014661305710780947,147.11878531319755,143.2819610595703,150.76238233778213,0.029672453189297395,-0.1369023638395812,AAPL
2022-11-23,148.54879760742188,151.07000732421875,151.8300018310547,149.33999633789062,149.4499969482422,58301400,0.0059261572270383756,147.51070295061385,143.70672149658202,150.7681638929579,0.029640939689906616,-0.13847886874294701,AAPL
2022-11-25,145.63819885253906,148.11000061035156,148.8800048828125,147.1199951171875,148.30999755859375,35195900,-0.01959355310687072,147.23958696637834,143.8823013305664,150.7193851047092,0.02936192064142587,-0.11734524799243962,AAPL
2022-11-28,141.81312561035156,144.22000122070312,146.63999938964844,143.3800048828125,145.13999938964844,69246000,-0.02626421689038083,146.5976279122489,144.08123118082682,150.60294392903646,0.029143630382218667,-0.07440026296917379,AAPL
2022-11-29,138.8140106201172,141.1699981689453,144.80999755859375,140.35000610351562,144.2899932861328,83763800,-0.021148359697499397,145.25611005510603,144.0483174641927,150.46690385606553,0.028965263092563857,-0.054969076040568,AAPL
2022-11-30,145.55953979492188,148.02999877929688,148.72000122070312,140.5500030517578,141.39999389648438,111380900,0.04859400823209925,144.7981698172433,144.19640655517577,150.41823137071398,0.030251670680051263,-0.08964399191143246,AAPL
2022-12-01,145.8348388671875,148.30999755859375,149.1300048828125,146.61000061035156,148.2100067138672,71250400,0.0018913159017506231,144.8403102329799,144.3500727335612,150.38732215033636,0.030251469855772293,-0.08340629574973701,AAPL
2022-12-02,145.3432159423828,147.80999755859375,148.0,145.64999389648438,145.9600067138672,65447400,-0.0033710938252032863,144.50738961356026,144.5027313232422,150.29441884358724,0.03025204133000677,-0.08524460292908931,AAPL
2022-12-05,144.18292236328125,146.6300048828125,150.9199981689453,145.77000427246094,147.77000427246094,68826400,-0.007983128566258824,143.8836931501116,144.4897486368815,150.1825234307183,0.02990566874846056,-0.07747408979326442,AAPL
2022-12-06,140.52499389648438,142.91000366210938,147.3000030517578,141.9199981689453,147.07000732421875,64727200,-0.02537005358776412,143.15323529924666,144.28349914550782,149.973779296875,0.030133904673379754,-0.035266942224320585,AAPL
2022-12-07,138.58787536621094,140.94000244140625,143.3699951171875,140.0,142.19000244140625,69721100,-0.013784868275464102,142.69248526436942,143.918110148112,149.75440419514973,0.02996912548040418,0.001205946163471694,AAPL
2022-12-08,140.26931762695312,142.64999389648438,143.52000427246094,141.10000610351562,142.36000061035156,62128300,0.012132679401420043,142.900386265346,143.70661112467448,149.57005055745444,0.029889888722742425,-0.0008411030938713093,AAPL
2022-12-09,139.78750610351562,142.16000366210938,145.57000732421875,140.89999389648438,142.33999633789062,76097000,-0.0034349031676256248,142.0758100237165,143.62793935139973,149.31368153889974,0.029375674584046097,-0.002110332869998177,AAPL
2022-12-12,142.07862854003906,144.49000549316406,144.5,141.05999755859375,142.6999969482422,70462700,0.016390037281492242,141.5392085484096,143.2676513671875,149.0862552218967,0.02589822757144625,-0.0036681374657471233,AAPL
2022-12-13,143.042236328125,145.47000122070312,149.97000122070312,144.24000549316406,149.5,93886200,0.0067822148762815004,141.2104971749442,143.0180180867513,148.8720440334744,0.025822464275588687,0.0031621169788069725,AAPL
2022-12-14,140.8200225830078,143.2100067138672,146.66000366210938,141.16000366210938,145.35000610351562,82291200,-0.015535367749841655,140.73008292061942,142.78233591715494,148.6383775499132,0.025781715056630482,-0.0014666075617136842,AAPL
2022-12-15,134.22198486328125,136.5,141.8000030517578,136.02999877929688,141.11000061035156,98931900,-0.04685440038072197,139.82965305873327,142.5106211344401,148.33085411919487,0.026295197850529303,0.05706932358022154,AAPL
2022-12-16,132.26519775390625,134.50999450683594,137.64999389648438,133.72999572753906,136.69000244140625,160156900,-0.014578737688674348,138.9264133998326,142.3749247233073,147.9544676038954,0.025278614718155533,0.08118335069193683,AAPL
2022-12-19,130.16085815429688,132.3699951171875,135.1999969482422,131.32000732421875,135.11000061035156,79592600,-0.015910002293458403,137.4823477608817,142.1779342651367,147.56288028293187,0.02543030766423528,0.13938230446991873,AAPL
2022-12-20,130.09207153320312,132.3000030517578,133.25,129.88999938964844,131.38999938964844,77432800,-0.0005284739365517543,136.0972856794085,141.96095072428386,147.1311521742079,0.025412673674850738,0.1678002569638155,AAPL
2022-12-21,133.18948364257812,135.4499969482422,136.80999755859375,132.75,132.97999572753906,85928000,0.023809384175917714,134.82740783691406,141.8282028198242,146.7219506157769,0.025808837926299923,0.12019181308203075,AAPL
2022-12-22,130.02320861816406,132.22999572753906,134.55999755859375,130.3000030517578,134.35000610351562,77852100,-0.02377271041091311,132.96754673549108,141.74167073567708,146.27931365966796,0.025454449711489018,0.16955321204135432,AAPL
2022-12-23,129.65943908691406,131.86000061035156,132.4199981689453,129.63999938964844,130.9199981689453,63814900,-0.002797727691202234,131.37317766462053,141.24968872070312,145.81605512830947,0.019060584071513953,0.15213076153878835,AAPL
2022-12-27,127.85993194580078,130.02999877929688,131.41000366210938,128.72000122070312,131.3800048828125,69007800,-0.013878720699285307,130.46431296212333,140.60496342976887,145.33716540866428,0.018656980498419927,0.16027077502958575,AAPL
2022-12-28,123.93653869628906,126.04000091552734,131.02999877929688,125.87000274658203,129.6699981689453,85438400,-0.03068508789113722,129.27450452532088,139.87600224812826,144.8433689541287,0.019243922096641317,0.19994090347506033,AAPL
2022-12-29,127.44692993164062,129.61000061035156,130.47999572753906,127.7300033569336,127.98999786376953,75703700,0.02832410257925555,128.88680049351282,139.20636622111002,144.43166173299153,0.019968734684284468,0.18883508641028723,AAPL
2022-12-30,127.7615737915039,129.92999267578125,129.9499969482422,127.43000030517578,128.41000366210938,77034200,0.002468822591741082,128.55387224469865,138.58819071451822,144.02715928819444,0.019997870307653858,0.18089701011557113,AAPL
2023-01-03,122.98271179199219,125.06999969482422,130.89999389648438,124.16999816894531,130.27999877929688,112117500,-0.03740453297256985,127.09576198032924,137.7474599202474,143.5662860446506,0.020602206901570712,0.24384094136389334,AAPL
2023-01-04,124.25119018554688,126.36000061035156,128.66000366210938,125.08000183105469,126.88999938964844,89113600,0.010314282187077861,126.27118791852679,136.93032887776693,143.0922383626302,0.020743129414192797,0.21830236453088236,AAPL
2023-01-05,122.93354797363281,125.0199966430664,127.7699966430664,124.76000213623047,127.12999725341797,80962700,-0.010604664711431733,125.31034633091518,136.17678527832032,142.673467848036,0.02054794921023127,0.222067869303735,AAPL
2023-01-06,127.456787109375,129.6199951171875,130.2899932861328,124.88999938964844,126.01000213623047,87754700,0.03679418035435167,125.25275421142578,135.50288950602214,142.32938859727648,0.021660544729165038,0.14725102621714248,AAPL
2023-01-09,127.9779281616211,130.14999389648438,133.41000366210938,129.88999938964844,130.47000122070312,70790800,0.004088766585641945,125.83009556361607,134.81719385782878,142.01804156833225,0.021632131997224146,0.14588839144208676,AAPL
2023-01-10,128.54824829101562,130.72999572753906,131.25999450683594,128.1199951171875,130.25999450683594,63896200,0.0044563944547866274,125.9874267578125,134.24752883911134,141.73146472507054,0.021507598393855746,0.14455843157215265,AAPL
2023-01-11,131.26219177246094,133.49000549316406,133.50999450683594,130.4600067138672,131.25,69458900,0.021112255651289047,126.48751504080636,133.89583104451498,141.46697141859266,0.02155032835057156,0.10071190606248326,AAPL
2023-01-12,131.18353271484375,133.41000366210938,134.25999450683594,131.44000244140625,133.8800048828125,71379600,-0.0005992514413711847,127.65906088692802,133.64148178100587,141.22505518595378,0.021256782112522906,0.11045551341802096,AAPL
2023-01-13,132.51100158691406,134.75999450683594,134.9199981689453,131.66000366210938,132.02999877929688,57809700,0.010119173074534027,128.8390339442662,133.2065305074056,141.0118507385254,0.01917907049231504,0.0955406465573676,AAPL
2023-01-17,133.67129516601562,135.94000244140625,137.2899932861328,134.1300048828125,134.8300018310547,63646600,0.008756205637314718,130.3729978288923,132.80107905069988,140.795940568712,0.019279478537580094,0.0705596007069178,AAPL
2023-01-18,132.9534912109375,135.2100067138672,138.61000061035156,135.02999877929688,136.82000732421875,69672800,-0.0053699184569628855,131.15824127197266,132.38808822631836,140.5884157816569,0.01928526573050959,0.0807837268341054,AAPL
2023-01-19,133.01248168945312,135.27000427246094,136.25,133.77000427246094,134.0800018310547,58280400,0.0004436925873727571,131.8774632045201,132.01574020385743,140.34980545043945,0.019268301898914826,0.11821262698881951,AAPL
2023-01-20,135.56910705566406,137.8699951171875,138.02000427246094,134.22000122070312,135.27999877929688,80223600,0.0192209432809467,132.8804430280413,131.85054397583008,140.07350234985353,0.019163170708420624,0.11746463594486545,AAPL
2023-01-23,138.7550048828125,141.11000061035156,143.32000732421875,137.89999389648438,138.1199951171875,81760300,0.023500175639869836,133.95084490094865,131.8561149597168,139.93720169067382,0.019512472472277026,0.07597976037252319,AAPL
2023-01-24,140.15133666992188,142.52999877929688,143.16000366210938,140.3000030517578,140.30999755859375,66435100,0.01006328952450164,135.2319597516741,131.8521822611491,139.80038155449762,0.01947254341039917,0.07418357275014209,AAPL
2023-01-25,139.4925079345703,141.86000061035156,142.42999267578125,138.80999755859375,140.88999938964844,65799300,-0.004700838044115141,136.22931780133928,131.84234898885092,139.68830981784396,0.01948196347539402,0.0631602310315682,AAPL
2023-01-26,141.55746459960938,143.9600067138672,144.25,141.89999389648438,143.1699981689453,54105100,0.014803351775764417,137.35591343470983,131.82497685750326,139.6173978169759,0.019438359020222257,0.03311149700714977,AAPL
2023-01-27,143.4945526123047,145.92999267578125,147.22999572753906,143.0800018310547,143.16000366210938,70555800,0.013684110676708494,138.86177934919084,131.8400540669759,139.52677824232313,0.019561104663769983,0.032685566945081845,AAPL
2023-01-30,140.61349487304688,143.0,145.5500030517578,142.85000610351562,144.9600067138672,64015300,-0.020077819588328882,139.94763837541853,131.83316980997722,139.3777505662706,0.01970488945757448,0.06869203491691911,AAPL
2023-01-31,141.88194274902344,144.2899932861328,144.33999633789062,142.27999877929688,142.6999969482422,65874500,0.009020811815549923,140.84947204589844,132.08850173950196,139.2775023566352,0.01764256075515159,0.06191436675763229,AAPL
2023-02-01,143.0029296875,145.42999267578125,146.61000061035156,141.32000732421875,143.97000122070312,77663600,0.007900842889214443,141.45631844656808,132.4464261372884,139.2003993564182,0.017389604981324917,0.07328614231570318,AAPL
2023-02-02,148.302978515625,150.82000732421875,151.17999267578125,148.1699981689453,148.89999389648438,118339000,0.037062519206473965,142.62083871023995,133.05116348266603,139.2073821173774,0.01810409485327459,0.0292844543327917,AAPL
2023-02-03,151.9215545654297,154.5,157.3800048828125,147.8300018310547,148.02999877929688,154357300,0.024399887891823013,144.39641680036272,133.77881291707357,139.2508630540636,0.018433594749375604,0.020325861002411516,AAPL
2023-02-06,149.19776916503906,151.72999572753906,153.10000610351562,150.77999877929688,152.57000732421875,69858300,-0.017928893685836722,145.4878888811384,134.31242243448892,139.2532808939616,0.01856682230876071,0.0513624451245549,AAPL
2023-02-07,152.06906127929688,154.64999389648438,155.22999572753906,150.63999938964844,150.63999938964844,83322600,0.019244872965102244,146.7128186907087,135.04728418986002,139.30854466756185,0.01800399175347762,0.022121015878189043,AAPL
2023-02-08,149.38462829589844,151.9199981689453,154.5800018310547,151.1699981689453,153.8800048828125,64120100,-0.017652722788023878,147.96583775111608,135.70479049682618,139.41426162719728,0.018436069659123932,0.04774000106842946,AAPL
2023-02-09,148.35214233398438,150.8699951171875,154.3300018310547,150.4199981689453,153.77999877929688,56007100,-0.006911594410295874,148.89015197753906,136.3878641764323,139.55519044664172,0.01823418931615277,0.06379439410368182,AAPL
2023-02-10,148.71652221679688,151.00999450683594,151.33999633789062,149.22000122070312,149.4600067138672,57450700,0.002456182142568375,149.70637948172433,137.2138636271159,139.65381105211046,0.0169482240038927,0.04814244113090882,AAPL
2023-02-13,151.5133819580078,153.85000610351562,154.25999450683594,150.9199981689453,150.9499969482422,62199000,0.018806651066878288,150.16500854492188,138.01607869466145,139.74369464450413,0.016606068368046956,0.024699430922614063,AAPL
2023-02-14,150.87326049804688,153.1999969482422,153.77000427246094,150.86000061035156,152.1199951171875,61707600,-0.004224850978102657,150.01525224958147,138.7864682515462,139.82319378323024,0.01669868700971912,0.04941275108393017,AAPL
2023-02-15,152.97093200683594,155.3300018310547,155.5,152.8800048828125,153.11000061035156,65573800,0.013903534011689311,150.5542755126953,139.78607559204102,139.93658082750107,0.014632108820707332,0.04525858736812971,AAPL
2023-02-16,151.37551879882812,153.7100067138672,156.3300018310547,153.35000610351562,153.50999450683594,68167900,-0.010429518779009106,150.45519801548548,140.6902198791504,140.09048758612738,0.014975874439351073,0.07279931971486242,AAPL
2023-02-17,150.23313903808594,152.5500030517578,153.0,150.85000610351562,152.35000610351562,59144100,-0.007546661242234021,150.57641383579798,141.6002062479655,140.22810168796116,0.014863938082884448,0.0892822120241783,AAPL
2023-02-21,146.2249298095703,148.47999572753906,151.3000030517578,148.41000366210938,150.1999969482422,58867200,-0.02667992730618174,150.27252633231026,142.22581100463867,140.33688719007705,0.014966391876248956,0.11550394933860453,AAPL
2023-02-22,146.64842224121094,148.91000366210938,149.9499969482422,147.16000366210938,148.8699951171875,51011300,0.00289617120823471,149.97708347865515,142.84816080729166,140.4573587205675,0.014969647730840016,0.09972456887084058,AAPL
2023-02-23,147.1309814453125,149.39999389648438,150.33999633789062,147.24000549316406,150.08999633789062,48394200,0.0032905857200962174,149.3510262625558,143.46758524576822,140.53247180514865,0.014971701198050224,0.10214194094899431,AAPL
2023-02-24,144.4818572998047,146.7100067138672,147.19000244140625,145.72000122070312,147.11000061035156,55469600,-0.01800520950437945,148.43796866280692,143.90824076334636,140.6284343295627,0.015187571136616642,0.10442335498311661,AAPL
2023-02-27,145.67347717285156,147.9199981689453,149.1699981689453,147.4499969482422,147.7100067138672,44998500,0.00824753983176052,147.39547511509485,144.3912389119466,140.69367938571506,0.015194837373754669,0.08707399723280651,AAPL
2023-02-28,145.1711883544922,147.41000366210938,149.0800018310547,146.8300018310547,147.0500030517578,50547000,-0.0034480457809308307,146.50914219447546,144.81324513753256,140.738727400038,0.015196317299452004,0.0860864254017184,AAPL
2023-03-01,143.10308837890625,145.30999755859375,147.22999572753906,145.00999450683594,146.8300018310547,55479000,-0.014245939562992804,145.49056352887834,145.1276382446289,140.75959667629667,0.015481704295355449,0.13935718700111455,AAPL
2023-03-02,143.6939697265625,145.91000366210938,146.7100067138672,143.89999389648438,144.3800048828125,52238100,0.004129060765563075,145.12899780273438,145.48565419514975,140.79215791490344,0.015414499974032183,0.13227344897510163,AAPL
2023-03-03,148.73623657226562,151.02999877929688,151.11000061035156,147.3300018310547,148.0399932861328,70732300,0.03509031628326609,145.42725699288505,146.00977935791016,140.83842273288303,0.016498811821011157,0.09402099680556542,AAPL
2023-03-06,151.49368286132812,153.8300018310547,156.3000030517578,153.4600067138672,153.7899932861328,87558000,0.018539169422393975,146.05050005231584,146.54059855143228,140.89154722425673,0.016477382643316343,0.08216863125472762,AAPL
2023-03-07,149.29757690429688,151.60000610351562,154.02999877929688,151.1300048828125,153.6999969482422,56182000,-0.014496353349871982,146.73845999581474,146.89201761881512,140.88874757554797,0.01637403540850646,0.10573888998019898,AAPL
2023-03-08,150.5482635498047,152.8699951171875,153.47000122070312,151.8300018310547,152.80999755859375,47204800,0.008377139612316231,147.43485804966517,147.23858184814452,140.9324584113227,0.01635031468571692,0.09014181664896515,AAPL
2023-03-09,148.30288696289062,150.58999633789062,154.5399932861328,150.22999572753906,153.55999755859375,53833600,-0.014914662806265078,147.88224356515067,147.53226114908855,141.00084982977972,0.01661006691244571,0.09582332991534881,AAPL
2023-03-10,146.24464416503906,148.5,150.94000244140625,147.61000061035156,150.2100067138672,68572400,-0.013878642823498044,148.33103724888392,147.6885004679362,140.92704289754232,0.016683499157473095,0.11333339384903773,AAPL
2023-03-13,148.18475341796875,150.47000122070312,153.13999938964844,147.6999969482422,147.80999755859375,84457100,0.013266190115928334,148.97257777622767,147.84484049479167,140.90097088283963,0.01667290413619571,0.08838970879280872,AAPL
2023-03-14,150.27252197265625,152.58999633789062,153.39999389648438,150.10000610351562,151.27999877929688,73695900,0.014088956566258526,149.19204711914062,148.16680806477865,140.92743793063693,0.01633234502526997,0.07320267742728159,AAPL
2023-03-15,150.66647338867188,152.99000549316406,153.25,149.9199981689453,151.19000244140625,77167900,0.002621579852684741,149.0738743373326,148.45962575276693,141.01958287556965,0.016283869228684546,0.10079067635479477,AAPL
2023-03-16,153.48306274414062,155.85000610351562,156.4600067138672,151.63999938964844,152.16000366210938,76161100,0.018694201119334952,149.6718008858817,148.8089635213216,141.21010479397245,0.016533052125529184,0.08873870551025353,AAPL
2023-03-17,152.6459503173828,155.0,156.74000549316406,154.27999877929688,156.0800018310547,98944600,-0.005454102959577378,149.97147042410714,148.95372924804687,141.3942756652832,0.015239075098782029,0.09412878399768898,AAPL
2023-03-20,155.00949096679688,157.39999389648438,157.82000732421875,154.14999389648438,155.07000732421875,73641400,0.015483808410899691,150.92955671037947,149.0566604614258,141.59880803426105,0.014850470096244591,0.07077498680441652,AAPL
2023-03-21,156.86093139648438,159.27999877929688,159.39999389648438,156.5399932861328,157.32000732421875,73938300,0.011944045607401366,152.44616917201452,149.31209920247395,141.81757481892905,0.0145514377073426,0.05129329288471496,AAPL
2023-03-22,155.4329833984375,157.8300018310547,162.13999938964844,157.80999755859375,159.3000030517578,75701800,-0.00910327374276243,153.48163059779577,149.42422993977866,142.07106162177192,0.014295922892419119,0.05043363462228667,AAPL
2023-03-23,156.51625061035156,158.92999267578125,161.5500030517578,157.67999267578125,158.8300018310547,67622100,0.006969352245766336,154.37359183175224,149.66195068359374,142.2054766337077,0.01389963265563296,0.09211588573338259,AAPL
2023-03-24,157.81617736816406,160.25,160.33999633789062,157.85000610351562,158.86000061035156,59196500,0.00830537885199334,155.39497811453683,149.9774185180664,142.32341537475585,0.013854046181768734,0.08268323342171491,AAPL
2023-03-27,155.8760986328125,158.27999877929688,160.77000427246094,157.8699951171875,159.94000244140625,52390300,-0.01229328176429989,155.7368403843471,150.21607106526693,142.4353123135037,0.014102513813487538,0.08522895021445853,AAPL
2023-03-28,155.25567626953125,157.64999389648438,158.49000549316406,155.97999572753906,157.97000122070312,45992200,-0.00398022768546924,156.10965837751115,150.34081420898437,142.5210863749186,0.013756809983617843,0.10091975929636599,AAPL
2023-03-29,158.3283233642578,160.77000427246094,161.0500030517578,159.35000610351562,159.3699951171875,51305700,0.019790884098770833,156.58377729143416,150.58931630452474,142.65465842352972,0.014141387952290793,0.08073626147517321,AAPL
2023-03-30,159.89418029785156,162.36000061035156,162.47000122070312,161.27000427246094,161.52999877929688,49501700,0.009889935674940897,157.01709856305803,150.8200912475586,142.78454225328232,0.014040633085978312,0.06435473442871698,AAPL
2023-03-31,162.3955535888672,164.89999389648438,165.0,161.91000366210938,162.44000244140625,68749800,0.015643929543627255,158.01175144740515,151.1874257405599,142.93599149915906,0.014079067264145371,0.044924270078565254,AAPL
2023-04-03,163.6462860107422,166.1699981689453,166.2899932861328,164.22000122070312,164.27000427246094,56976200,0.007701765191437726,159.03032793317522,151.63453063964843,143.13717405531142,0.01398097712902069,0.03693801695391108,AAPL
2023-04-04,163.11448669433594,165.6300048828125,166.83999633789062,165.11000061035156,166.60000610351562,46278300,-0.0032496876609307,159.78722926548548,152.19751586914063,143.30873879326714,0.012879835320406267,0.044067229623257376,AAPL
2023-04-05,161.2728729248047,163.75999450683594,165.0500030517578,161.8000030517578,164.74000549316406,51511700,-0.011290313980402589,160.55819702148438,152.68499755859375,143.45011740790474,0.013168694782087542,0.07042098539536523,AAPL
2023-04-06,162.1592254638672,164.66000366210938,164.9600067138672,162.0,162.42999267578125,45390100,0.005495980340573192,161.54441833496094,153.1859390258789,143.6336843702528,0.013175042135233569,0.06523925671576714,AAPL
2023-04-10,159.5691375732422,162.02999877929688,162.02999877929688,160.0800018310547,161.4199981689453,47716900,-0.01597249791503308,161.72167750767298,153.68884836832683,143.83097339206273,0.013066309945122524,0.07659672371746162,AAPL
2023-04-11,158.35784912109375,160.8000030517578,162.36000061035156,160.50999450683594,162.35000610351562,47644200,-0.007590994540485396,161.502201625279,154.11166076660157,144.04812715318468,0.013183082274782923,0.06839106044050292,AAPL
2023-04-12,157.66845703125,160.10000610351562,162.05999755859375,159.77999877929688,161.22000122070312,50133100,-0.0043533812417253515,160.82690211704798,154.52823638916016,144.18267067803276,0.013199071450692263,0.07481389650206727,AAPL
2023-04-13,163.0455322265625,165.55999755859375,165.8000030517578,161.4199981689453,161.6300048828125,68445600,0.034103683745993374,160.74108014787947,155.19298451741537,144.37390060424804,0.013970150428866096,0.04632341545697316,AAPL
2023-04-14,162.70086669921875,165.2100067138672,166.32000732421875,163.82000732421875,164.58999633789062,49386500,-0.0021139219372464657,160.68199157714844,155.82654774983723,144.5667633904351,0.014021529033747109,0.06332935812890539,AAPL
2023-04-17,162.72056579589844,165.22999572753906,165.38999938964844,164.02999877929688,165.08999633789062,41516200,0.00012107554851636948,160.88880484444755,156.29269205729167,144.77273720635307,0.012766098673671938,0.07453374912263677,AAPL
2023-04-18,163.94171142578125,166.47000122070312,167.41000366210938,165.64999389648438,166.10000610351562,49923000,0.007504556193680623,161.14344569614954,156.70762634277344,145.0329229566786,0.012460582106266898,0.0662292848790087,AAPL
2023-04-19,165.08413696289062,167.6300048828125,168.16000366210938,165.5399932861328,165.8000030517578,47720200,0.006968486098954507,161.9313027518136,157.23384501139324,145.32732586330837,0.0120479205586483,0.07581629425543346,AAPL
2023-04-20,164.11895751953125,166.64999389648438,167.8699951171875,165.55999755859375,166.08999633789062,52456400,-0.005846591084498587,162.7543182373047,157.6862014770508,145.5923218621148,0.012125974994545017,0.08731072826501296,AAPL
2023-04-21,162.51376342773438,165.02000427246094,166.4499969482422,164.49000549316406,165.0500030517578,58337300,-0.009780674433091274,163.4465048653739,158.15989735921224,145.8448358323839,0.011899241124803455,0.08973680301642117,AAPL
2023-04-24,162.8190460205078,165.3300018310547,165.60000610351562,163.88999938964844,165.0,41949600,0.001878503003895915,163.41414969308036,158.7123774210612,146.07528491550022,0.011462663338868851,0.08545271832861956,AAPL
2023-04-25,161.2827606201172,163.77000427246094,166.30999755859375,163.72999572753906,165.19000244140625,48714100,-0.009435538642064811,163.21156311035156,159.14897766113282,146.27795740763347,0.011554790641933134,0.08729272484781436,AAPL
2023-04-26,161.2728729248047,163.75999450683594,165.27999877929688,162.8000030517578,163.05999755859375,45498800,-6.130658524494681e-05,163.00474984305245,159.51565602620443,146.5052113003201,0.011369258222473285,0.10417545203842238,AAPL
2023-04-27,165.8522491455078,168.41000366210938,168.55999755859375,165.19000244140625,165.19000244140625,64902300,0.028395204584954037,163.2776838030134,160.0218485514323,146.8566586812337,0.012319152079125921,0.07600687551619045,AAPL
2023-04-28,167.1029510498047,169.67999267578125,169.85000610351562,167.8800048828125,168.49000549316406,55275900,0.007541060858328175,163.5660858154297,160.47584482828776,147.24374482896593,0.012002112356000792,0.08465492415073017,AAPL
2023-05-01,167.0143280029297,169.58999633789062,170.4499969482422,168.63999938964844,169.27999877929688,52472900,-0.0005303499807647327,163.9797101702009,160.9547907511393,147.65322782728407,0.011917198439496008,0.08239633067655228,AAPL
2023-05-02,165.98028564453125,168.5399932861328,170.35000610351562,167.5399932861328,170.08999633789062,48425700,-0.006191339214802527,164.4749276297433,161.3204839070638,148.05198576185438,0.011795133069643618,0.09294202699765863,AAPL
2023-05-03,164.90684509277344,167.4499969482422,170.9199981689453,167.16000366210938,169.5,65136000,-0.006467277409419103,164.77318464006697,161.58868103027345,148.40440088907877,0.011757581078359534,0.1123757151971323,AAPL
2023-05-04,163.27203369140625,165.7899932861328,167.0399932861328,164.30999755859375,164.88999938964844,81235400,-0.009913544828581644,165.05736650739397,161.84998270670573,148.77383227878147,0.011784237220667982,0.11692991418101117,AAPL
2023-05-05,170.9338836669922,173.57000732421875,174.3000030517578,170.75999450683594,170.97999572753906,113453200,0.046926897413841706,166.43751089913505,162.33057047526043,149.2324372185601,0.01437314168207575,0.06738441660716266,AAPL
2023-05-08,170.86492919921875,173.5,173.85000610351562,172.11000061035156,172.47999572753906,55962800,-0.0004033984736915297,167.15360804966517,162.7655288696289,149.71027052137586,0.014351056016361113,0.061754965527169414,AAPL
2023-05-09,169.1612548828125,171.77000427246094,173.5399932861328,171.60000610351562,173.0500030517578,45326900,-0.009970883576815637,167.44765145438058,163.20836741129557,150.2127673678928,0.01427316524532474,0.09017060202674476,AAPL
2023-05-10,170.92404174804688,173.55999755859375,174.02999877929688,171.89999389648438,173.02000427246094,53724500,0.010420748335400853,168.00618198939733,163.73064626057942,150.6958463880751,0.0142784958080961,0.07708121943873047,AAPL
2023-05-11,171.1111602783203,173.75,174.58999633789062,172.1699981689453,173.85000610351562,49514700,0.0010947466977715425,168.7391640799386,164.1567408243815,151.17750846015082,0.013938180263570158,0.06777715345568525,AAPL
2023-05-12,170.1841278076172,172.57000732421875,174.05999755859375,171.0,173.6199951171875,45533100,-0.005417720674649518,169.49306161063058,164.49973907470704,151.70196863810222,0.013945472045750784,0.08976089076602056,AAPL
2023-05-15,169.69105529785156,172.07000732421875,173.2100067138672,171.47000122070312,173.16000366210938,37266700,-0.0028972884611366823,170.41006469726562,164.7429224650065,152.20685602823895,0.013737205286219816,0.09984324072399708,AAPL
2023-05-16,169.69105529785156,172.07000732421875,173.13999938964844,171.8000030517578,171.99000549316406,42110300,0.0,170.2325177873884,164.9444147745768,152.7263838873969,0.013690268051299345,0.10181925465743569,AAPL
2023-05-17,170.302490234375,172.69000244140625,172.92999267578125,170.4199981689453,171.7100067138672,57951600,0.003603224315213316,170.15216936383928,165.18401489257812,153.20244725545248,0.013668912440791022,0.12322667329931947,AAPL
2023-05-18,172.62986755371094,175.0500030517578,175.24000549316406,172.5800018310547,173.0,65496700,0.01366613791808291,170.64768545968192,165.56258138020834,153.69857991536458,0.01362127934806354,0.09945736370385361,AAPL
2023-05-19,172.73837280273438,175.16000366210938,176.38999938964844,174.94000244140625,176.38999938964844,55809500,0.0006285427345860128,170.90687561035156,165.91521962483725,154.18958129882813,0.013611612123260525,0.0923153950918778,AAPL
2023-05-22,171.79161071777344,174.1999969482422,174.7100067138672,173.4499969482422,173.97999572753906,43570900,-0.005480901953627493,171.00408281598772,166.3226353963216,154.63990817599827,0.013258902857506846,0.10109068364578522,AAPL
2023-05-23,169.1881103515625,171.55999755859375,173.3800048828125,171.27999877929688,173.1300048828125,50747300,-0.015154991302154364,170.8617946079799,166.68364410400392,155.0621812608507,0.013527526084933414,0.11144794439205508,AAPL
2023-05-24,169.46424865722656,171.83999633789062,172.4199981689453,170.52000427246094,171.08999633789062,45143500,0.0016321377730992292,170.8293936593192,167.07683715820312,155.4727728949653,0.013470114528912367,0.09759077270691918,AAPL
2023-05-25,170.59835815429688,172.99000549316406,173.89999389648438,171.69000244140625,172.41000366210938,56058300,0.006692323047820414,170.9590083530971,167.32859802246094,155.88307359483508,0.012113375302625972,0.08723030993528469,AAPL
2023-05-26,173.00460815429688,175.42999267578125,175.77000427246094,173.11000061035156,173.32000732421875,54835000,0.014104766458676421,171.34502519880022,167.67205607096355,156.32808600531683,0.012303251514154958,0.08174206630252345,AAPL
2023-05-30,174.84873962402344,177.3000030517578,178.99000549316406,176.57000732421875,176.9600067138672,55964400,0.010659435545681273,171.66200692313058,168.07632853190105,156.79293331570096,0.01239429179673361,0.07467575166767948,AAPL
2023-05-31,174.79945373535156,177.25,179.35000610351562,176.75999450683594,177.3300018310547,99625300,-0.0002818772887802634,171.9564470563616,168.4382532755534,157.22882605658637,0.012366772010519587,0.07582515782377208,AAPL
2023-06-01,177.60020446777344,180.08999633789062,180.1199951171875,176.92999267578125,177.6999969482422,68901800,0.016022651516189867,172.78624616350447,168.85545552571614,157.66043938530817,0.012595210641006778,0.07718360881458675,AAPL
2023-06-02,178.44830322265625,180.9499969482422,181.77999877929688,179.25999450683594,181.02999877929688,61996900,0.0047753253292943665,174.109130859375,169.33310038248698,158.0859612358941,0.012501013590725365,0.07062718879555585,AAPL
2023-06-05,177.09722900390625,179.5800018310547,184.9499969482422,178.0399932861328,182.6300048828125,121946500,-0.00757123600701437,175.1995566231864,169.8192159016927,158.50379146999782,0.012430231076122332,0.08642382496869794,AAPL
2023-06-06,176.7323760986328,179.2100067138672,180.1199951171875,177.42999267578125,179.97000122070312,64848400,-0.002060184156045697,176.07584490094865,170.28299357096355,158.89462381998698,0.012462610936427702,0.07767433383239797,AAPL
2023-06-07,175.361572265625,177.82000732421875,181.2100067138672,177.32000732421875,178.44000244140625,61944600,-0.0077563820691393115,176.41255405970983,170.75228729248047,159.248701816135,0.01240937056633799,0.07940624908636029,AAPL
2023-06-08,178.07354736328125,180.57000732421875,180.83999633789062,177.4600067138672,177.89999389648438,50214900,0.015465047801626275,176.8732408796038,171.31230977376302,159.66492462158203,0.01260526404688632,0.06745300948704691,AAPL
2023-06-09,178.45816040039062,180.9600067138672,182.22999572753906,180.6300048828125,181.5,48900000,0.0021598549745558415,177.39591326032365,171.73250681559244,160.07132703993057,0.011686865375509479,0.06996020840269801,AAPL
2023-06-12,181.24903869628906,183.7899932861328,183.88999938964844,180.97000122070312,181.27000427246094,54274900,0.01563883819959133,177.91717529296875,172.20404307047525,160.4962838066949,0.011898671733603103,0.05827297204987536,AAPL
2023-06-13,180.77569580078125,183.30999755859375,184.14999389648438,182.44000244140625,182.8000030517578,54929100,-0.002611560860750095,178.2496599469866,172.66275533040366,160.85709177652996,0.011924675203685916,0.05406135870774453,AAPL
2023-06-14,181.40682983398438,183.9499969482422,184.38999938964844,182.02000427246094,183.3699951171875,57462900,0.0034912548968897283,178.86531720842635,173.17697347005208,161.18470594618054,0.011805875377055249,0.0645827904498717,AAPL
2023-06-15,183.43836975097656,186.00999450683594,186.52000427246094,183.77999877929688,183.9600067138672,65433200,0.0111988061246171,179.8233163016183,173.79469095865886,161.56515706380208,0.011756141010450279,0.05612562560218648,AAPL
2023-06-16,182.36341857910156,184.9199981689453,186.99000549316406,184.27000427246094,186.72999572753906,101256200,-0.005860012675288573,180.8235800606864,174.43107045491536,161.90176103379991,0.011617686235921437,0.057808858550012054,AAPL
2023-06-20,182.45216369628906,185.00999450683594,186.10000610351562,184.41000366210938,184.41000366210938,49799100,0.00048663881100141637,181.4490966796875,174.81501312255858,162.26917809380424,0.008282359707772871,0.04091673750970659,AAPL
2023-06-21,181.41668701171875,183.9600067138672,185.41000366210938,182.58999633789062,184.89999389648438,49515700,-0.005675332446558268,181.87174333844865,175.16673838297527,162.63656192355685,0.008394867146696558,0.039193313261544516,AAPL
2023-06-22,184.4146270751953,187.0,187.0500030517578,183.6699981689453,183.74000549316406,51245300,0.016525161565114965,182.323970249721,175.67518412272136,163.0332075330946,0.008481718326812718,-0.026791365104014253,AAPL
2023-06-23,184.0990753173828,186.67999267578125,187.55999755859375,185.00999450683594,185.5500030517578,53117000,-0.0017110994003953772,182.79873875209265,176.11435190836588,163.39527079264323,0.008400419230122566,-0.04194331476437407,AAPL
2023-06-26,182.70858764648438,185.27000427246094,188.0500030517578,185.22999572753906,186.8300018310547,48088700,-0.0075529313143005705,182.98470415387834,176.500932820638,163.7489966498481,0.008596810516565374,-0.02952441082713453,AAPL
2023-06-27,185.4600067138672,188.05999755859375,188.38999938964844,185.6699981689453,185.88999938964844,50730800,0.015059057173089307,183.2735094342913,177.0101287841797,164.1099863688151,0.008780105718606497,-0.05248320615893609,AAPL
2023-06-28,186.63356018066406,189.25,189.89999389648438,187.60000610351562,187.92999267578125,51216800,0.0063277980389997435,183.88352966308594,177.57487894694012,164.50174238416884,0.00873123952509616,-0.05960371727523106,AAPL
2023-06-29,186.9688720703125,189.58999633789062,190.07000732421875,188.94000244140625,189.0800018310547,46347300,0.0017966323383846738,184.52877371651786,178.1508061726888,164.90991719563803,0.008714580025300461,-0.06097341819176583,AAPL
2023-06-30,191.28829956054688,193.97000122070312,194.47999572753906,191.25999450683594,191.6300048828125,85213200,0.023102388340931812,185.93900408063615,178.85033315022787,165.4106213039822,0.0094371965171953,-0.07355608965027083,AAPL
2023-07-03,189.79917907714844,192.4600067138672,193.8800048828125,191.75999450683594,193.77999877929688,31458200,-0.007784691937873123,186.7082257952009,179.42264353434246,165.89007415771485,0.009486107150428297,-0.07674520742918123,AAPL
2023-07-05,188.68478393554688,191.3300018310547,192.97999572753906,190.6199951171875,191.57000732421875,46920300,-0.005871443422569178,187.3633270263672,179.95419057210287,166.35178307427302,0.009620355637700606,-0.0758978544266915,AAPL
2023-07-06,189.15814208984375,191.80999755859375,192.02000427246094,189.1999969482422,189.83999633789062,45094300,0.0025087245745187836,188.2846919468471,180.53307495117187,166.84818623860676,0.009487376010359094,-0.0916273630946638,AAPL
2023-07-07,188.0437774658203,190.67999267578125,192.6699981689453,190.24000549316406,191.41000366210938,46815000,-0.0058911797912148955,188.65380205426897,181.1615971883138,167.3189673529731,0.009005933127328246,-0.08367099744985995,AAPL
2023-07-10,186.0023956298828,188.61000061035156,189.99000549316406,187.0399932861328,189.25999450683594,59922200,-0.010855886131667103,188.56363568987166,181.712868754069,167.77264743381076,0.009379330037565617,-0.06644690465094205,AAPL
2023-07-11,185.47970581054688,188.0800018310547,189.3000030517578,186.60000610351562,189.16000366210938,46638100,-0.0028101241253688514,188.35089765276228,182.20891367594402,168.24349873860677,0.009415994897191315,-0.05641573536735911,AAPL
2023-07-12,187.1463623046875,189.77000427246094,191.6999969482422,188.47000122070312,189.67999267578125,60750200,0.008985654181719482,187.75919233049666,182.68030548095703,168.72630310058594,0.009249622321915833,-0.04429260460647455,AAPL
2023-07-13,187.90570068359375,190.5399932861328,191.19000244140625,189.77999877929688,190.5,41342300,0.004057457326742009,187.4886954171317,183.11553751627605,169.1615193684896,0.0091305985109411,-0.0730651321830661,AAPL
2023-07-14,188.05364990234375,190.69000244140625,191.17999267578125,189.6300048828125,190.22999572753906,41616200,0.0007873588625133543,187.3985334123884,183.55734405517578,169.56774122450088,0.009121675382307065,-0.06208417462629068,AAPL
2023-07-17,191.3080291748047,193.99000549316406,194.32000732421875,191.80999755859375,191.89999389648438,50520200,0.017305589517411235,187.7056601388114,184.01427154541017,170.0345240275065,0.009190110359829603,-0.06988343747504999,AAPL
2023-07-18,191.05160522460938,193.72999572753906,194.3300018310547,192.4199981689453,193.35000610351562,48288200,-0.0013403721281400882,188.1353498186384,184.43438161214192,170.48456115722655,0.009206218378975804,-0.04832183482821084,AAPL
2023-07-19,192.40264892578125,195.10000610351562,198.22999572753906,192.64999389648438,193.10000610351562,80507300,0.007071616590625052,189.04967171805245,184.94456227620444,170.97455851236978,0.00905067780034352,-0.03688666301856569,AAPL
2023-07-20,190.45994567871094,193.1300048828125,196.47000122070312,192.5,195.08999633789062,59581200,-0.010097071209345443,189.7611345563616,185.4021479288737,171.4658396402995,0.009314779349960339,-0.02592216316910545,AAPL
2023-07-21,189.286376953125,191.94000244140625,194.97000122070312,191.22999572753906,194.10000610351562,71951700,-0.00616176131629087,190.06685093470983,185.8663080851237,171.92252434624567,0.009258386802079554,-0.011587760232266264,AAPL
2023-07-24,190.08514404296875,192.75,194.91000366210938,192.25,193.41000366210938,45377800,0.004219886833385589,190.3781999860491,186.26669464111328,172.36488681369357,0.00894142221949446,-0.014494574317956643,AAPL
2023-07-25,190.94313049316406,193.6199951171875,194.44000244140625,192.9199981689453,193.3300018310547,37283200,0.004513695452188271,190.79098292759485,186.6828603108724,172.8124052259657,0.008951228876387293,-0.05403883391646991,AAPL
2023-07-26,191.8109588623047,194.5,195.63999938964844,193.32000732421875,193.6699981689453,47471900,0.004544957270257388,190.86283002580916,187.03492431640626,173.23827073838976,0.008603356516361236,-0.08586237820017517,AAPL
2023-07-27,190.54867553710938,193.22000122070312,197.1999969482422,192.5500030517578,196.02000427246094,47460200,-0.006580871774388375,190.79098292759485,187.36069030761718,173.65941212972004,0.008705450697927065,-0.07659372773326412,AAPL
2023-07-28,193.12258911132812,195.8300018310547,196.6300048828125,194.13999938964844,194.6699981689453,48291400,0.01350790587740125,190.89383152553015,187.75121561686197,174.08289099799262,0.008961164981967681,-0.08286686616391503,AAPL
2023-07-31,193.7339630126953,196.4499969482422,196.49000549316406,195.25999450683594,196.05999755859375,38824100,0.003165729623761271,191.3615482875279,188.09440205891926,174.49259134928386,0.008799295215687133,-0.10135856601663962,AAPL
2023-08-01,192.9056396484375,195.61000061035156,196.72999572753906,195.27999877929688,196.24000549316406,35175100,-0.004275571259560351,191.8785858154297,188.44580942789713,174.90895419650607,0.00875601478294998,-0.10819889538772487,AAPL
2023-08-02,189.91751098632812,192.5800018310547,195.17999267578125,191.85000610351562,195.0399932861328,50389300,-0.015490105253299524,191.8546382359096,188.6946543375651,175.2800793117947,0.009313795662463811,-0.08621192222607699,AAPL
2023-08-03,188.52700805664062,191.1699981689453,192.3699951171875,190.69000244140625,191.57000732421875,61235200,-0.007321615171060225,191.50947788783483,188.9316650390625,175.62131076388889,0.009361522279517746,-0.08329603491811532,AAPL
2023-08-04,179.47390747070312,181.99000549316406,187.3800048828125,181.9199981689453,185.52000427246094,115956800,-0.04802017853705931,189.7470419747489,188.76697438557943,175.88350863986545,0.012603326822767992,-0.020768488221648007,AAPL
2023-08-07,176.37734985351562,178.85000610351562,183.1300048828125,177.35000610351562,182.1300048828125,97576100,-0.01725352537773761,187.72256687709265,188.50958353678385,176.11819390190973,0.012955451477645678,0.0025819560161695065,AAPL
2023-08-08,177.31422424316406,179.8000030517578,180.27000427246094,177.5800018310547,179.69000244140625,67823000,0.00531176134819189,185.4642290387835,188.32977142333985,176.3291483561198,0.012955797287290505,-0.022653224290077878,AAPL
2023-08-09,175.72647094726562,178.19000244140625,180.92999267578125,177.00999450683594,180.8699951171875,60378500,-0.008954460944549103,182.89173017229353,188.00532023111978,176.50506269666883,0.01267349594261012,-0.022589244391264307,AAPL
2023-08-10,175.50950622558594,177.97000122070312,180.75,177.60000610351562,179.47999572753906,54686900,-0.0012346729579790772,180.4065682547433,187.6345184326172,176.65077328152125,0.012582855282255034,-0.016541978828207626,AAPL
2023-08-11,175.56874084472656,177.7899932861328,178.6199951171875,176.5500030517578,177.32000732421875,52036700,0.0003375009161297182,178.35674394880022,187.254514058431,176.78324500189888,0.012570612585033112,-0.00961805126736115,AAPL
2023-08-14,177.21788024902344,179.4600067138672,179.69000244140625,177.30999755859375,177.97000122070312,43675600,0.00939312656889979,176.74115426199776,186.7855000813802,176.93994937472874,0.011854751825926243,-0.04179203456197533,AAPL
2023-08-15,175.23300170898438,177.4499969482422,179.47999572753906,177.0500030517578,178.8800048828125,43622600,-0.011200216012345665,176.13531058175224,186.29996083577473,177.09506191677517,0.011923709733226444,-0.039560364922888835,AAPL
2023-08-16,174.364013671875,176.57000732421875,178.5399932861328,176.5,177.1300048828125,46964900,-0.004959043266019814,175.84769112723214,185.82260182698568,177.2306706746419,0.011916207954897536,-0.03330139177675562,AAPL
2023-08-17,171.82608032226562,174.0,177.50999450683594,173.47999572753906,177.13999938964844,66062900,-0.014555373532438631,175.0636705671038,185.24486643473307,177.36685892740886,0.012072265750816111,-0.01603448211555958,AAPL
2023-08-18,172.30996704101562,174.49000549316406,175.10000610351562,171.9600067138672,172.3000030517578,61172200,0.0028161424496353504,174.57559858049666,184.72040608723958,177.52188245985243,0.01210812706018439,-0.004240865579349662,AAPL
2023-08-21,173.6431121826172,175.83999633789062,176.1300048828125,173.74000549316406,175.07000732421875,46311900,0.007736900914641964,174.30897086007255,184.30842997233074,177.69937862820095,0.012159224596481116,-0.019563308032821136,AAPL
2023-08-22,175.01573181152344,177.22999572753906,177.67999267578125,176.25,177.05999755859375,42038900,0.007904831995078965,174.22996956961495,183.95963083902996,177.83238084581163,0.012297772219827986,-0.020143278484225258,AAPL
2023-08-23,178.85716247558594,181.1199951171875,181.5500030517578,178.3300018310547,178.52000427246094,52722800,0.021949059231997303,174.46415274483817,183.6833241780599,178.01189524332682,0.012904755962768846,-0.03428683651346409,AAPL
2023-08-24,174.1763458251953,176.3800048828125,181.10000610351562,176.00999450683594,180.6699981689453,54945800,-0.026170697251386654,174.31320190429688,183.22567901611328,178.13918168809678,0.013621913755391443,0.006293484584646514,AAPL
2023-08-25,176.3784942626953,178.61000061035156,179.14999389648438,175.82000732421875,177.3800048828125,51449600,0.012643211838363477,174.60098484584265,182.83650716145834,178.2773681640625,0.013888003481213369,0.002127666753091839,AAPL
2023-08-28,177.9387664794922,180.19000244140625,180.58999633789062,178.5500030517578,180.08999633789062,43820700,0.00884615907012476,175.47422572544642,182.39086507161457,178.42019738091363,0.013563766902780942,-0.00998937091145613,AAPL
2023-08-29,181.81964111328125,184.1199951171875,184.89999389648438,179.5,179.6999969482422,53003900,0.021810169366529575,176.83275059291296,182.0831329345703,178.61687164306642,0.014262102863764956,-0.023462679422464383,AAPL
2023-08-30,185.30555725097656,187.64999389648438,187.85000610351562,184.74000549316406,184.94000244140625,60813900,0.019172384877404136,178.49881417410714,181.84656321207683,178.870113796658,0.014679361300741926,-0.0369836263199218,AAPL
2023-08-31,185.52281188964844,187.8699951171875,189.1199951171875,187.47999572753906,187.83999633789062,60794500,0.0011724129696639718,179.99982561383928,181.68199208577474,179.12237786187066,0.01458632108170573,-0.048011818637992754,AAPL
2023-09-01,187.0929718017578,189.4600067138672,189.9199981689453,188.27999877929688,189.49000549316406,45766500,0.008463433127799513,181.1763698032924,181.60887858072917,179.4091579861111,0.014644227871330991,-0.056687756013318324,AAPL
2023-09-05,187.32994079589844,189.6999969482422,189.97999572753906,187.61000061035156,188.27999877929688,45280000,0.0012665841579111436,183.05545479910714,181.51703847249348,179.6986809624566,0.014622821107687827,-0.06615717136025467,AAPL
2023-09-06,180.62478637695312,182.91000366210938,188.85000610351562,181.47000122070312,188.39999389648438,81755800,-0.03579328745024679,183.66206795828683,181.1730936686198,179.8628202650282,0.01594907346529056,-0.038652913226236874,AAPL
2023-09-07,175.34161376953125,177.55999755859375,178.2100067138672,173.5399932861328,175.17999267578125,112488800,-0.029249433111556478,183.29104614257812,180.62411549886068,179.95436096191406,0.016668150162173052,-0.01182706261528399,AAPL
2023-09-08,175.95384216308594,178.17999267578125,180.24000549316406,177.7899932861328,178.35000610351562,65551300,0.003491632022729174,182.4530748639788,180.1376210530599,180.05368889702692,0.01669187926643807,-0.02974492666098416,AAPL
2023-09-11,177.11912536621094,179.36000061035156,180.3000030517578,177.33999633789062,180.07000732421875,58953100,0.006622664153278057,181.28358459472656,179.604172261556,180.17745378282336,0.016510301210677345,-0.03545928518526398,AAPL
2023-09-12,174.0973663330078,176.3000030517578,180.1300048828125,174.82000732421875,179.49000549316406,90370200,-0.01706060272686727,179.65137808663505,178.94961903889973,180.27957068549262,0.01667275422715811,-0.016222240043401892,AAPL
2023-09-13,172.03346252441406,174.2100067138672,177.3000030517578,173.97999572753906,176.50999450683594,84267900,-0.011854882426228008,177.50001961844308,178.2538798014323,180.37691989474826,0.016743440545756785,-0.017851971526606558,AAPL
2023-09-14,173.5443572998047,175.74000549316406,176.10000610351562,173.5800018310547,174.0,60895800,0.008782563306113822,175.53065054757255,177.7081080118815,180.40592515733508,0.016739158695858552,-0.05035836679663952,AAPL
2023-09-15,172.82345581054688,175.00999450683594,176.5,173.82000732421875,176.47999572753906,109259500,-0.004153989795314561,174.41617475237166,177.18465627034504,180.4276865641276,0.016720048063712016,-0.038797622282860655,AAPL
2023-09-18,175.7465057373047,177.97000122070312,179.3800048828125,176.1699981689453,176.47999572753906,67257600,0.01691350235446132,174.47401646205358,177.06040954589844,180.5008560180664,0.014744954198221668,-0.04315349483574138,AAPL
2023-09-19,176.83274841308594,179.07000732421875,179.6300048828125,177.1300048828125,177.52000427246094,51826900,0.006180735549899952,174.59957449776786,177.07558949788412,180.56650831434462,0.014449706688332615,-0.046350515592017194,AAPL
2023-09-20,173.2974853515625,175.49000549316406,179.6999969482422,175.39999389648438,179.25999450683594,58436200,-0.01999212868232403,174.05362592424666,176.9416982014974,180.59080081515842,0.014872618209860793,-0.008661359501230259,AAPL
2023-09-21,171.75694274902344,173.92999267578125,176.3000030517578,173.86000061035156,174.5500030517578,63149100,-0.008889584285737384,173.71927969796317,176.80938059488932,180.6082765367296,0.014871374606169852,0.020928171276737295,AAPL
2023-09-22,172.60623168945312,174.7899932861328,177.0800018310547,174.0500030517578,174.6699981689453,56725400,0.004944713889503127,173.80110386439733,176.71260477701824,180.64066738552518,0.014905804858782977,0.01064125088557022,AAPL
2023-09-25,173.88011169433594,176.0800018310547,176.97000122070312,174.14999389648438,174.1999969482422,46172700,0.007380266589532614,173.84906877790178,176.65631713867188,180.68721245659722,0.01497390252076919,0.01788948828242809,AAPL
2023-09-26,169.81158447265625,171.9600067138672,175.1999969482422,171.66000366210938,174.82000732421875,64588900,-0.023398462204991866,173.4188014439174,176.40944061279296,180.68175794813368,0.0154381555275773,0.05733903075739177,AAPL
2023-09-27,168.30072021484375,170.42999267578125,173.0399932861328,169.0500030517578,172.6199951171875,66921800,-0.008897297922897507,172.35511779785156,176.1783645629883,180.63365631103517,0.015392920787145175,0.07310914221493214,AAPL
2023-09-28,168.5574493408203,170.69000244140625,172.02999877929688,167.6199951171875,169.33999633789062,56294400,0.0015254190573208426,171.17293221609933,175.98481241861978,180.58720160590278,0.015384265919982877,0.06866251195731965,AAPL
2023-09-29,169.07093811035156,171.2100067138672,173.07000732421875,170.33999633789062,172.02000427246094,51861100,0.0030463724477283183,170.5691397530692,175.89297434488932,180.55697191026476,0.015184329723383088,0.09015595610669913,AAPL
2023-10-02,171.5792236328125,173.75,174.3000030517578,170.92999267578125,171.22000122070312,52164500,0.014835698852181167,170.5437513078962,175.86861623128254,180.583539835612,0.015429431673697123,0.06499830674520135,AAPL
2023-10-03,170.24607849121094,172.39999389648438,173.6300048828125,170.82000732421875,172.25999450683594,49594600,-0.007769851811747053,170.20658656529017,175.75538177490233,180.59222683376737,0.0154201518631892,0.0886715154733062,AAPL
2023-10-04,171.49034118652344,173.66000366210938,174.2100067138672,170.97000122070312,171.08999633789062,53020300,0.007308612958017324,169.86519077845983,175.63786875406902,180.60213775634764,0.015409269482318237,0.08405913055950598,AAPL
2023-10-05,172.72471618652344,174.91000366210938,175.4499969482422,172.67999267578125,173.7899932861328,48527900,0.007197927250359948,170.28135245186942,175.43345387776694,180.5990278455946,0.014892862327442798,0.08604398690529158,AAPL
2023-10-06,175.27252197265625,177.49000549316406,177.99000549316406,173.17999267578125,173.8000030517578,57266700,0.0147506728763791,171.27732413155692,175.4699930826823,180.6037365383572,0.0143782155431295,0.07014423687999827,AAPL
2023-10-09,176.75376892089844,178.99000549316406,179.0500030517578,175.8000030517578,176.80999755859375,42390800,0.008451107632680088,172.44822692871094,175.48250223795574,180.62545115152994,0.014274213411250812,0.07102191132652802,AAPL
2023-10-10,176.16127014160156,178.38999938964844,179.72000122070312,177.9499969482422,178.10000610351562,43698000,-0.003352113977054927,173.4611315046038,175.42325236002605,180.60946299235027,0.014192050184446702,0.0700776662952185,AAPL
2023-10-11,177.5536651611328,179.8000030517578,179.85000610351562,177.60000610351562,178.1999969482422,47551100,0.007904092757800907,174.3146231515067,175.2810531616211,180.59952256944445,0.013664429333183684,0.06541730229318832,AAPL
2023-10-12,178.45228576660156,180.7100067138672,182.33999633789062,179.0399932861328,180.07000732421875,56743100,0.005061121124440016,175.4869384765625,175.0526107788086,180.6145787556966,0.013191458439204058,0.05262705611579732,AAPL
2023-10-13,176.6155242919922,178.85000610351562,181.92999267578125,178.13999938964844,181.4199981689453,51427100,-0.01029273156529742,176.21910749162947,174.75570119222004,180.6132804022895,0.013286977197906079,0.06256642195137219,AAPL
2023-10-16,176.48709106445312,178.72000122070312,179.0800018310547,176.50999450683594,176.75,52517000,-0.0007271910442410157,176.75658961704798,174.40217183430988,180.62578616672093,0.0131533585396653,0.06675737304147988,AAPL
2023-10-17,174.9367218017578,177.14999389648438,178.4199981689453,174.8000030517578,176.64999389648438,57549400,-0.00878460432060224,176.7086181640625,173.98906453450522,180.59093254937065,0.013198932800535936,0.07038948322291128,AAPL
2023-10-18,173.6431121826172,175.83999633789062,177.5800018310547,175.11000061035156,175.5800018310547,54764400,-0.0073947288243263465,176.26423863002233,173.75634206136067,180.53743201361763,0.01163139933079469,0.08166653851645989,AAPL
2023-10-19,173.26783752441406,175.4600067138672,177.83999633789062,175.19000244140625,176.0399932861328,59302900,-0.0021611836685376806,175.85089111328125,173.68721618652344,180.44875200059678,0.010365149475689766,0.09137105457804173,AAPL
2023-10-20,170.72010803222656,172.8800048828125,175.4199981689453,172.63999938964844,175.30999755859375,64244000,-0.014703995436132322,174.87466866629464,173.51275838216145,180.33702324761285,0.01066107954188089,0.0971745248814544,AAPL
2023-10-23,170.83860778808594,173.0,174.00999450683594,169.92999267578125,170.91000366210938,55980100,0.0006941171560002068,173.78700038364954,173.30340779622395,180.219598558214,0.010570412780985578,0.11950746328245798,AAPL
2023-10-24,171.2731170654297,173.44000244140625,173.6699981689453,171.4499969482422,173.0500030517578,43816600,0.002543390413733304,173.0237993512835,173.20926615397136,180.08442908393013,0.010150422985505692,0.11031680097785612,AAPL
2023-10-25,168.9623260498047,171.10000610351562,173.05999755859375,170.64999389648438,171.8800048828125,57157000,-0.013491848897350445,171.94883292061942,173.10689493815104,179.93552805582684,0.010217772012232514,0.13691377719819586,AAPL
2023-10-26,164.80494689941406,166.88999938964844,171.3800048828125,165.6699981689453,170.3699951171875,70625300,-0.02460536172522365,170.5014365059989,172.81558125813802,179.7394478691949,0.010957774627184974,0.17423347487101948,AAPL
2023-10-27,166.11831665039062,168.22000122070312,168.9600067138672,166.8300018310547,166.91000366210938,58499100,0.00796923742694533,169.4264657156808,172.59207661946616,179.56946597629124,0.011085525749016528,0.14989000370175432,AAPL
2023-10-30,168.1624298095703,170.2899932861328,171.1699981689453,168.8699951171875,169.02000427246094,51131000,0.012305164176938277,168.6971217564174,172.33927408854166,179.38888600667318,0.010854557685985998,0.1449091268579934,AAPL
2023-10-31,168.63645935058594,170.77000427246094,170.89999389648438,167.89999389648438,169.35000610351562,44846000,0.0028188789942702464,168.39945765904017,172.066064453125,179.21707916259766,0.010790632394270265,0.16074717155884422,AAPL
2023-11-01,171.79649353027344,173.97000122070312,174.22999572753906,170.1199951171875,171.0,56934900,0.018738736521489496,168.53629847935267,172.01603139241536,179.09583367241754,0.010821768938687342,0.14025964451980233,AAPL
2023-11-02,175.35150146484375,177.57000732421875,177.77999877929688,175.4600067138672,175.52000427246094,77334800,0.020693134426191584,169.1189248221261,172.13585001627604,178.9835169474284,0.01134112439039101,0.11409743403926065,AAPL
2023-11-03,174.44297790527344,176.64999389648438,176.82000732421875,173.35000610351562,174.24000549316406,79829200,-0.005181156431400491,169.90187508719308,172.19707489013672,178.84806603325737,0.011362730162727392,0.11037705027730649,AAPL
2023-11-06,176.99073791503906,179.22999572753906,179.42999267578125,176.2100067138672,176.3800048828125,63841300,0.014605116470489898,171.64270237513952,172.30076243082684,178.73719787597656,0.0115897331480351,0.10025928367012904,AAPL
2023-11-07,179.5484161376953,181.82000732421875,182.44000244140625,178.97000122070312,179.17999267578125,70530000,0.014450915639913298,173.56128801618303,172.6253234863281,178.60675472683377,0.010921735172971063,0.07296586989674836,AAPL
2023-11-08,180.60504150390625,182.88999938964844,183.4499969482422,181.58999633789062,182.35000610351562,49340300,0.005884904968477267,175.33880397251673,173.03546752929688,178.50459764268663,0.010749063910463888,0.065867295160277,AAPL
2023-11-09,180.1310272216797,182.41000366210938,184.1199951171875,181.80999755859375,182.9600067138672,53763500,-0.002624590533461424,176.9808850969587,173.42125345865887,178.40955590142144,0.010787484604687834,0.06274356596197217,AAPL
2023-11-10,184.31369018554688,186.39999389648438,186.57000732421875,183.52999877929688,183.97000122070312,66133400,0.02322011387144185,178.76905604771204,173.9293451944987,178.35572865804036,0.011446079718802663,0.03567592573735534,AAPL
2023-11-13,182.73158264160156,184.8000030517578,186.02999877929688,184.2100067138672,185.82000732421875,43627500,-0.008583776616661654,179.82335335867745,174.30109049479168,178.2967042711046,0.011405686797515168,0.045183928483302216,AAPL
2023-11-14,185.34205627441406,187.44000244140625,188.11000061035156,186.3000030517578,187.6999969482422,60108400,0.014285837155652015,181.38036455426897,174.80428975423177,178.28936716715495,0.011454012120036355,0.032757129848186795,AAPL
2023-11-15,185.90567016601562,188.00999450683594,189.5,187.77999877929688,187.85000610351562,53790500,0.0030409390233971934,182.6539263044085,175.28480072021483,178.29410010443794,0.011423823507652002,0.024041257719242592,AAPL
2023-11-16,187.58663940429688,189.7100067138672,190.9600067138672,188.64999389648438,189.57000732421875,54412900,0.009042054697848245,183.80224391392298,175.7801981608073,178.29899207221138,0.011453466601808491,-0.021453872470061475,AAPL
2023-11-17,187.56687927246094,189.69000244140625,190.3800048828125,188.57000732421875,190.25,50922700,-0.00010533869522200145,184.79679216657365,176.19001007080078,178.29522738986546,0.011238928098876323,-0.028678572738906727,AAPL
2023-11-20,189.30715942382812,191.4499969482422,191.91000366210938,189.8800048828125,189.88999938964844,46505100,0.009278184709994752,186.10766819545202,176.60845642089845,178.3091552734375,0.011255480142933654,-0.04983011234332124,AAPL
2023-11-21,188.50624084472656,190.63999938964844,191.52000427246094,189.74000549316406,191.41000366210938,38134500,-0.004230788637573091,186.70660400390625,177.01995544433595,178.27802429199218,0.01127196354719308,-0.04962252948349699,AAPL
2023-11-22,189.1687469482422,191.30999755859375,192.92999267578125,190.8300018310547,191.49000549316406,39617700,0.0035145048808296053,187.6261989048549,177.4071248372396,178.25710364447698,0.011225393636006253,-0.03005606918180903,AAPL
2023-11-24,187.8437042236328,189.97000122070312,190.89999389648438,189.25,190.8699951171875,24048300,-0.0070045541136449785,187.98357718331474,177.7201721191406,178.206448703342,0.011334055372906916,-0.025424910797874123,AAPL
2023-11-27,187.6657257080078,189.7899932861328,190.6699981689453,188.89999389648438,189.9199981689453,40552600,-0.0009474819311118265,188.2350136893136,178.08851216634113,178.17540181477864,0.011117351209559046,-0.01896826055681089,AAPL
2023-11-28,188.26890563964844,190.39999389648438,191.0800018310547,189.39999389648438,189.77999877929688,38415400,0.003214118770835661,188.33248029436385,178.48123931884766,178.16409657796223,0.011106259683372362,-0.025262451157529342,AAPL
2023-11-29,187.25042724609375,189.3699951171875,192.08999633789062,188.97000122070312,190.89999389648438,43014200,-0.0054097005030883105,188.28727286202567,178.89169616699218,178.13259972466363,0.011007645432378305,-0.018218341405601413,AAPL
2023-11-30,187.82394409179688,189.9499969482422,190.32000732421875,188.19000244140625,189.83999633789062,48794400,0.0030628333090496618,188.07538495744978,179.36439056396483,178.09794209798176,0.010853622156156519,-0.033271861846760564,AAPL
2023-12-01,189.09950256347656,191.24000549316406,191.55999755859375,189.22999572753906,190.3300018310547,45704800,0.006791245268794155,188.16013663155692,179.8921127319336,178.06781480577257,0.010839070974073719,-0.044760577188816875,AAPL
2023-12-04,187.30975341796875,189.42999267578125,190.0500030517578,187.4499969482422,189.97999572753906,43389500,-0.00946458938942496,187.89456612723214,180.44510091145833,178.03182678222657,0.010583582935766165,-0.004223116358622936,AAPL
2023-12-05,191.25509643554688,193.4199981689453,194.39999389648438,190.17999267578125,190.2100067138672,66628400,0.021063201171240387,188.3819078717913,181.12565053304036,178.01107686360677,0.011063095339618077,-0.009616171699366571,AAPL
2023-12-06,190.16741943359375,192.32000732421875,194.75999450683594,192.11000061035156,194.4499969482422,41089700,-0.00568704846158008,188.73929268973214,181.75546061197917,177.97144860161674,0.011197315692160615,0.008163245983330292,AAPL
2023-12-07,192.09559631347656,194.27000427246094,195.0,193.58999633789062,193.6300048828125,47477700,0.010139365016498703,189.2859627859933,182.52656962076824,177.9624481201172,0.010780205391870221,0.0046842617273552545,AAPL
2023-12-08,193.5194854736328,195.7100067138672,195.99000549316406,193.6699981689453,194.1999969482422,53406400,0.007412398761253325,190.1815425327846,183.4837209065755,178.00247005886501,0.00929858774910536,-0.006182696099260587,AAPL
2023-12-11,191.01779174804688,193.17999267578125,193.49000549316406,191.4199981689453,193.11000061035156,60943700,-0.012927347959111879,190.63780648367745,184.31370340983074,178.030145433214,0.009865631754757347,0.00512479807952082,AAPL
2023-12-12,192.53070068359375,194.7100067138672,194.72000122070312,191.72000122070312,193.0800018310547,52696900,0.007920251415859836,191.1279776436942,185.1259791056315,178.1752209133572,0.009781397084856851,-0.011761263470371652,AAPL
2023-12-13,195.74429321289062,197.9600067138672,198.0,194.85000610351562,195.08999633789062,70404200,0.0166913251646974,192.3329119001116,186.02957356770833,178.3904091729058,0.010020882184024306,-0.03147097144141808,AAPL
2023-12-14,195.89260864257812,198.11000061035156,199.6199951171875,196.16000366210938,198.02000427246094,66831600,0.0007576998912872668,192.99541364397322,186.83277740478516,178.59683566623264,0.009705401161026953,-0.05083035403128422,AAPL
2023-12-15,195.35865783691406,197.57000732421875,198.39999389648438,197.0,197.52999877929688,128538400,-0.0027257322742497703,193.73701913016183,187.4996826171875,178.81497107611762,0.009284926278311461,-0.06665994950412113,AAPL
2023-12-18,193.69747924804688,195.88999938964844,196.6300048828125,194.38999938964844,196.08999633789062,55751900,-0.008503224823820932,193.96585954938615,188.1414993286133,179.01705966525608,0.009412804404765683,-0.04609726773528422,AAPL
2023-12-19,194.73570251464844,196.94000244140625,196.9499969482422,195.88999938964844,196.16000366210938,40714100,0.00536002466646468,194.13960484095983,188.73299814860027,179.23002590603298,0.009186624849821383,-0.05631161212891289,AAPL
2023-12-20,192.64932250976562,194.8300018310547,197.67999267578125,194.8300018310547,196.89999389648438,52242800,-0.01071390596557853,194.3726806640625,189.16969502766926,179.4014863755968,0.009275234444072774,-0.036698685022794386,AAPL
2023-12-21,192.50100708007812,194.67999267578125,197.0800018310547,193.5,196.10000610351562,46482500,-0.0007698725734163192,194.36843872070312,189.56622721354168,179.59335310194228,0.009268385399688807,-0.027635226644544097,AAPL
2023-12-22,191.43309020996094,193.60000610351562,195.41000366210938,192.97000122070312,195.17999267578125,37149600,-0.005547591081811576,193.75255257742745,189.94296264648438,179.783009507921,0.009335644769168254,-0.021642453039309895,AAPL
2023-12-26,190.88925170898438,193.0500030517578,193.88999938964844,192.8300018310547,193.61000061035156,28919300,-0.002840880332549034,193.03778730119978,190.16214803059896,179.994822523329,0.008472574343790984,-0.02450128767770221,AAPL
2023-12-27,190.9881134033203,193.14999389648438,193.5,191.08999633789062,192.49000549316406,48087700,0.0005179007903841626,192.4134238106864,190.43736572265624,180.20235748291014,0.008270563790929442,-0.021014737472173972,AAPL
2023-12-28,191.413330078125,193.5800018310547,194.66000366210938,193.1699981689453,194.13999938964844,34049900,0.0022264038699975064,192.08711678641183,190.63974151611328,180.39980434841578,0.007913408117978587,-0.03198279336606169,AAPL
2023-12-29,190.3750762939453,192.52999877929688,194.39999389648438,191.72999572753906,193.89999389648438,42672100,-0.005424145662979329,191.46417018345423,190.7887217203776,180.57046373155382,0.00799252794986458,-0.03767675040782925,AAPL
2024-01-02,183.5621795654297,185.63999938964844,188.44000244140625,183.88999938964844,187.14999389648438,82488700,-0.035786705177710765,190.16600690569197,190.65457305908203,180.62274169921875,0.010269242529355831,-0.006760554154466858,AAPL
2024-01-03,182.18772888183594,184.25,185.8800048828125,183.42999267578125,184.22000122070312,58414500,-0.007487657244251822,188.69268144880022,190.4752680460612,180.71175706651476,0.0103433945158991,-0.0008432263205876422,AAPL
2024-01-04,179.87396240234375,181.91000366210938,183.08999633789062,180.8800048828125,182.14999389648438,71983600,-0.01269990297202106,187.0413774762835,190.16082814534505,180.75059560139974,0.010374645901635974,0.003477539441917532,AAPL
2024-01-05,179.15208435058594,181.17999267578125,182.75999450683594,180.1699981689453,181.99000549316406,62379700,-0.00401324372975731,185.36463928222656,189.8490229288737,180.76407691107855,0.010372855692436437,0.003376228641883028,AAPL
2024-01-08,183.4830780029297,185.55999755859375,185.60000610351562,181.5,182.08999633789062,59144500,0.024174955418706512,184.29249136788505,189.6595006306966,180.78255954318576,0.011365428254060039,-0.016206744308217003,AAPL
2024-01-09,183.0677947998047,185.13999938964844,185.14999389648438,182.72999572753906,183.9199981689453,42841800,-0.002263332442670074,183.10027204241072,189.50030364990235,180.75769551595053,0.011311227639918538,-0.002888510977800296,AAPL
2024-01-10,184.1060333251953,186.19000244140625,186.39999389648438,183.9199981689453,184.35000610351562,46792900,0.005671333543543211,182.20469447544642,189.38164723714192,180.74195353190103,0.011372555741457284,-0.018460043298399453,AAPL
2024-01-11,183.5127716064453,185.58999633789062,187.0500030517578,183.6199951171875,186.5399932861328,49128400,-0.0032223915101255995,182.1976361955915,189.22310943603514,180.7021735297309,0.011359305664882491,-0.022624174409374254,AAPL
2024-01-12,183.8390350341797,185.9199981689453,186.74000549316406,185.19000244140625,186.05999755859375,40477800,0.0017778785905651073,182.43353707449776,189.1093963623047,180.66338568793404,0.011334278883835675,-0.01644229472343095,AAPL
2024-01-16,181.57469177246094,183.6300048828125,184.25999450683594,180.92999267578125,182.16000366210938,65603000,-0.012316988398561546,182.67649841308594,188.90108795166014,180.67394019232856,0.011511649647445025,-0.010774408284458747,AAPL
2024-01-17,180.6352996826172,182.67999267578125,182.92999267578125,180.3000030517578,181.27000427246094,47317400,-0.005173584934518027,182.88838631766183,188.61894785563152,180.73275892469618,0.011437174152337111,-0.009302241108487319,AAPL
2024-01-18,186.5187225341797,188.6300048828125,189.13999938964844,185.8300018310547,186.08999633789062,78005800,0.03257072599818467,183.3220498221261,188.59258015950522,180.850146484375,0.01290379899977259,-0.04633796780366917,AAPL
2024-01-19,189.41595458984375,191.55999755859375,191.9499969482422,188.82000732421875,189.3300018310547,68903000,0.015533196969720553,184.2289297921317,188.5312754313151,180.98677792019313,0.012628189897216435,-0.08475986429038429,AAPL
2024-01-22,191.7198028564453,193.88999938964844,195.3300018310547,192.25999450683594,192.3000030517578,60133900,0.01216290502872508,185.31661115373885,188.58302154541016,181.18258277045356,0.012782509409071507,-0.12147543059444477,AAPL
2024-01-23,192.99542236328125,195.17999267578125,195.75,193.8300018310547,195.02000427246094,42355600,0.006653561540489905,186.67127554757255,188.6130157470703,181.41549343532986,0.012706069710490426,-0.1324121918876977,AAPL
2024-01-24,192.32301330566406,194.5,196.3800048828125,194.33999633789062,195.4199981689453,53631300,-0.003484067390735812,187.8832724434989,188.57313334147136,181.6241451687283,0.012649403078088086,-0.12999662569607418,AAPL
2024-01-25,191.99671936035156,194.1699981689453,196.27000427246094,193.11000061035156,195.22000122070312,54822100,-0.001696593349407971,189.37213352748327,188.60576426188152,181.8371814303928,0.012421726171919145,-0.11959701485301599,AAPL
2024-01-26,190.26629638671875,192.4199981689453,194.75999450683594,191.94000244140625,194.27000427246094,44594000,-0.009012773652580242,190.74799019949776,188.53028411865233,181.9985124376085,0.012445628774074879,-0.10107871401199042,AAPL
2024-01-29,189.5840301513672,191.72999572753906,192.1999969482422,189.5800018310547,192.00999450683594,47145600,-0.0035858491404323622,191.1858912876674,188.32494201660157,182.14019334581164,0.012033734802619638,-0.0953369929073653,AAPL
2024-01-30,185.93531799316406,188.0399932861328,191.8000030517578,187.47000122070312,190.94000244140625,55859400,-0.019245883502370553,190.68865748814173,187.99303232828777,182.2806137084961,0.01247919827012044,-0.088766305605116,AAPL
2024-01-31,182.3360595703125,184.39999389648438,187.10000610351562,184.35000610351562,187.0399932861328,55467800,-0.019357583388132316,189.3481227329799,187.55894571940104,182.39815945095486,0.012890730152845331,-0.06062491254919844,AAPL
2024-02-01,184.7685546875,186.86000061035156,186.9499969482422,183.82000732421875,183.99000549316406,64885400,0.013340724390555891,188.172855922154,187.26131490071614,182.5332963731554,0.013137940818514469,-0.07502812785738067,AAPL
2024-02-02,183.7698211669922,185.85000610351562,187.3300018310547,179.25,179.86000061035156,102551700,-0.005405321929356277,186.95097133091517,186.89578552246093,182.64318203396266,0.013091371841527135,-0.06407493677730436,AAPL
2024-02-05,185.579345703125,187.67999267578125,189.25,185.83999633789062,188.14999389648438,69668800,0.009846690412178782,186.0342036655971,186.66011962890624,182.81837938096788,0.013149246073048296,-0.06061003469129744,AAPL
2024-02-06,187.1811981201172,189.3000030517578,189.30999755859375,186.77000427246094,186.86000061035156,43490800,0.008631630911958732,185.59347534179688,186.48279266357423,183.02816246880425,0.013270386356362813,-0.054949630748309275,AAPL
2024-02-07,187.29000854492188,189.41000366210938,191.0500030517578,188.61000061035156,190.63999938964844,53439000,0.0005813106545822233,185.26575796944755,186.34468994140624,183.2363020155165,0.013242698578162123,-0.09408877357600531,AAPL
2024-02-08,186.21221923828125,188.32000732421875,189.5399932861328,187.35000610351562,189.38999938964844,40962000,-0.00575465458629687,185.30531529017858,186.18878885904948,183.4267606947157,0.013270021846787777,-0.08400706873149932,AAPL
2024-02-09,186.97454833984375,188.85000610351562,189.99000549316406,188.0,188.64999389648438,45155200,0.0040938725969803524,185.96795654296875,186.05500335693358,183.59781985812717,0.013297755263276569,-0.095313657316353,AAPL
2024-02-12,185.29139709472656,187.14999389648438,188.6699981689453,186.7899932861328,188.4199981689453,41781900,-0.009002034020469507,186.0426483154297,185.85093892415364,183.7649900648329,0.013372621823964521,-0.09318719022417132,AAPL
2024-02-13,183.20236206054688,185.0399932861328,186.2100067138672,183.50999450683594,185.77000427246094,56529500,-0.01127432286082719,185.96158272879464,185.61184844970703,183.89512363009982,0.013481625573454425,-0.06339170522265303,AAPL
2024-02-14,182.32119750976562,184.14999389648438,185.52999877929688,182.44000244140625,185.32000732421875,54630500,-0.004809788153768646,185.49613298688615,185.5704823811849,184.0017512003581,0.011825088621940334,-0.06880260971116114,AAPL
2024-02-15,182.0341033935547,183.86000061035156,184.49000549316406,181.35000610351562,183.5500030517578,65434500,-0.0015746612030428375,184.76083374023438,185.56536153157552,184.0768798828125,0.011747746998466643,-0.07522028683328541,AAPL
2024-02-16,180.49948120117188,182.30999755859375,184.85000610351562,181.6699981689453,183.4199981689453,49752500,-0.008430410366924379,183.79075840541296,185.58621215820312,184.11849890814887,0.011613202588333812,-0.07388512880061182,AAPL
2024-02-20,179.75694274902344,181.55999755859375,182.42999267578125,180.0,181.7899932861328,53665600,-0.0041137982625050196,182.8685760498047,185.60637410481772,184.1584508260091,0.011614469175231887,-0.06559812015583988,AAPL
2024-02-21,180.50941467285156,182.32000732421875,182.88999938964844,180.66000366210938,181.94000244140625,41371400,0.00418605207854883,181.94498552594865,185.50725199381512,184.19129248725042,0.01072997630010197,-0.07404564633662347,AAPL
2024-02-22,182.53900146484375,184.3699951171875,184.9600067138672,182.4600067138672,183.47999572753906,52292200,0.011243661698590923,181.5517861502511,185.4896255493164,184.23670043945313,0.010934395103111519,-0.08021883700875942,AAPL
2024-02-23,180.70742797851562,182.52000427246094,185.0399932861328,182.22999572753906,185.00999450683594,45119700,-0.01003387479733131,181.19536699567522,185.37633870442707,184.28216603597005,0.011027144705676449,-0.07708757745818107,AAPL
2024-02-26,179.36094665527344,181.16000366210938,182.75999450683594,180.64999389648438,182.24000549316406,40867400,-0.007451167549140658,180.77247401646204,185.23794453938802,184.31409776475695,0.011089173136341297,-0.06342487736076752,AAPL
2024-02-27,180.81629943847656,182.6300048828125,183.9199981689453,179.55999755859375,181.10000610351562,54318900,0.008114100702201643,180.59850202287947,185.1371866861979,184.37942640516493,0.01119786928973583,-0.08131197216669706,AAPL
2024-02-28,179.6183319091797,181.4199981689453,183.1199951171875,180.1300048828125,182.50999450683594,48953900,-0.006625329314985162,180.47262355259485,185.0719746907552,184.44581773546008,0.011037686907750822,-0.03516698470972224,AAPL
2024-02-29,178.95498657226562,180.75,182.57000732421875,179.52999877929688,181.27000427246094,136682600,-0.0036930826038930054,180.3580583844866,185.01596425374348,184.5090082804362,0.011018449705988712,-0.023236539854982863,AAPL
2024-03-01,177.87582397460938,179.66000366210938,180.52999877929688,177.3800048828125,179.5500030517578,73563100,-0.00603035779179284,179.98183114188058,184.72786763509114,184.58851623535156,0.009148367907114765,-0.038795618528180253,AAPL
2024-03-04,173.361083984375,175.10000610351562,176.89999389648438,173.7899932861328,176.14999389648438,81510100,-0.02538141434486807,178.6707000732422,184.1927052815755,184.61654374864366,0.009556045228056033,-0.03266694785286872,AAPL
2024-03-05,168.43055725097656,170.1199951171875,172.0399932861328,169.6199951171875,170.75999450683594,95132400,-0.02844079317041437,176.91686139787947,183.41639709472656,184.5849597507053,0.010202119605644325,-0.01246183163749015,AAPL
2024-03-06,167.4404754638672,169.1199951171875,171.24000549316406,168.67999267578125,171.05999755859375,68587700,-0.005878278878066467,175.21393694196428,182.56456553141277,184.56805029975044,0.009994421855730932,-0.01229903751615613,AAPL
2024-03-07,167.32167053222656,169.0,170.72999572753906,168.49000549316406,169.14999389648438,71765100,-0.000709535321800181,173.2861328125,181.73118743896484,184.59601389567058,0.010018628264854126,-0.023668578616769742,AAPL
2024-03-08,169.03448486328125,170.72999572753906,173.6999969482422,168.94000244140625,169.0,76267000,0.010236655692035912,171.77415466308594,180.96577962239584,184.62841576470268,0.010367958306426051,-0.028641674318576782,AAPL
2024-03-11,171.034423828125,172.75,174.3800048828125,172.0500030517578,172.94000244140625,60139500,0.011831544116346127,170.64264569963728,180.32471720377603,184.6603268093533,0.01072551341610392,-0.03386412526032856,AAPL
2024-03-12,171.50965881347656,173.22999572753906,174.02999877929688,171.00999450683594,173.14999389648438,59825400,0.002778592605598096,169.73319353376115,179.72223815917968,184.69225124782986,0.010786317846195022,-0.02430281269925949,AAPL
2024-03-13,169.43052673339844,171.1300048828125,173.19000244140625,170.75999450683594,172.77000427246094,52488700,-0.012122536389272742,169.17168535505022,179.17207845052084,184.66596272786458,0.01049720831310367,-0.007245898453313138,AAPL
2024-03-14,171.28195190429688,173.0,174.30999755859375,172.0500030517578,172.91000366210938,72913500,0.01092734117395322,169.5790274483817,178.803608194987,184.62074551052518,0.010328749501271307,-0.021387183440304547,AAPL
2024-03-15,170.9057159423828,172.6199951171875,172.6199951171875,170.2899932861328,171.1699981689453,121752700,-0.002196588477251127,170.07406180245536,178.34151357014974,184.5814425998264,0.00991256725312154,0.005097907883744535,AAPL
2024-03-18,171.99478149414062,173.72000122070312,177.7100067138672,173.52000427246094,175.57000732421875,75604200,0.006372317893246882,170.7416490827288,177.94901224772136,184.5259319729275,0.010028077260859957,-0.01951418799930804,AAPL
2024-03-19,174.3313751220703,176.0800018310547,176.61000061035156,173.02999877929688,174.33999633789062,55215200,0.013585258852805815,171.49834769112724,177.57407989501954,184.46796485053167,0.010204062992137074,-0.0385051843849894,AAPL
2024-03-20,176.89566040039062,178.6699981689453,178.6699981689453,175.08999633789062,175.72000122070312,53423100,0.0147092585974542,172.3356672014509,177.23122863769532,184.42674950493708,0.010479670996701475,-0.03156671497728725,AAPL
2024-03-21,169.66812133789062,171.3699951171875,177.49000549316406,170.83999633789062,177.0500030517578,106181300,-0.040857639165036486,172.07259041922433,176.64383239746093,184.31049499511718,0.012656043153553205,0.07008229782802444,AAPL
2024-03-22,170.56907653808594,172.27999877929688,173.0500030517578,170.05999755859375,171.75999450683594,71160100,0.005310103000439881,172.23524039132255,176.1223943074544,184.15777706570094,0.012740276259025242,0.05473665094738389,AAPL
2024-03-25,169.1533203125,170.85000610351562,171.94000244140625,169.4499969482422,170.57000732421875,54288300,-0.008300192826979469,171.93115016392298,175.52835337320963,184.0069074842665,0.012708548266671879,0.06760300179547718,AAPL
2024-03-26,168.0246124267578,169.7100067138672,171.4199981689453,169.5800018310547,170.0,57388400,-0.006672691281832233,171.51956394740515,174.95279388427736,183.81449144151475,0.012679303202993996,0.07677815363186347,AAPL
2024-03-27,171.58885192871094,173.30999755859375,173.60000610351562,170.11000061035156,170.41000366210938,60273300,0.021212603620834214,171.4615740094866,174.5656768798828,183.65541568332247,0.01333425072818611,0.06497047152454716,AAPL
2024-03-28,169.7770233154297,171.47999572753906,172.22999572753906,170.50999450683594,171.75,65672700,-0.010559127780830457,170.81095232282365,174.1475377400716,183.45753106011284,0.01341569864706294,0.06891938323500812,AAPL
2024-04-01,168.34144592285156,170.02999877929688,171.25,169.47999572753906,171.19000244140625,46240500,-0.008455663578875172,169.58892168317522,173.6911158243815,183.24391513400607,0.013461869461685018,0.09705726528845648,AAPL
2024-04-02,167.1632537841797,168.83999633789062,169.33999633789062,168.22999572753906,169.0800018310547,49329500,-0.0069988239213046866,169.2310834612165,173.24657491048177,182.99787173801,0.013442700566655866,0.11160999089839518,AAPL
2024-04-03,167.96522521972656,169.64999389648438,170.67999267578125,168.5800018310547,168.7899932861328,47691700,0.004797534251051783,168.8591047014509,172.8535176595052,182.76963823106553,0.013503379183895558,0.11981928399841957,AAPL
2024-04-04,167.1434783935547,168.82000732421875,171.9199981689453,168.82000732421875,170.2899932861328,53704400,-0.004892362839372777,168.57198442731584,172.40798645019532,182.52491302490233,0.01345767257769509,0.12603630756674677,AAPL
2024-04-05,167.89593505859375,169.5800018310547,170.38999938964844,168.9499969482422,169.58999633789062,42104800,0.0045018607502431696,168.55360194614954,171.91988423665364,182.3032711452908,0.013275789049849301,0.1211670793334465,AAPL
2024-04-08,166.77713012695312,168.4499969482422,169.1999969482422,168.24000549316406,169.02999877929688,37425500,-0.006663680876193734,167.86621311732702,171.4555409749349,182.07117563883463,0.013225732039584546,0.1356432525586222,AAPL
2024-04-09,167.98500061035156,169.6699981689453,170.0800018310547,168.35000610351562,168.6999969482422,42373800,0.00724242276191589,167.61020987374442,171.0763427734375,181.8457989162869,0.013311109743132947,0.13520903001299378,AAPL
2024-04-10,166.11376953125,167.77999877929688,169.08999633789062,167.11000061035156,168.8000030517578,49709300,-0.011139274770382457,167.2919703892299,170.5862584431966,181.61094716389974,0.013265965621876668,0.13934289949177114,AAPL
2024-04-11,173.30169677734375,175.0399932861328,175.4600067138672,168.16000366210938,168.33999633789062,91070300,0.043271110314196504,168.16889081682478,170.37570393880208,181.4495888604058,0.01567144817210756,0.06908958837772405,AAPL
2024-04-12,174.79669189453125,176.5500030517578,178.36000061035156,174.2100067138672,174.25999450683594,101670900,0.008626546335020802,169.14481462751115,170.23709411621093,181.290668741862,0.01576159944908756,0.07752859854972427,AAPL
2024-04-15,170.9750213623047,172.69000244140625,176.6300048828125,172.5,175.36000061035156,73531800,-0.021863517500276708,169.69217790876115,170.00706736246744,181.10917171902128,0.01620632430700765,0.10167193826266607,AAPL
2024-04-16,167.69790649414062,169.3800048828125,173.75999450683594,168.27000427246094,171.75,73711200,-0.019167214263536736,169.66388811383928,169.81829477945965,180.84742516411674,0.015923723330188135,0.12497395418666546,AAPL
2024-04-17,166.33160400390625,168.0,170.64999389648438,168.0,169.61000061035156,50901200,-0.00814740338026887,169.6002415248326,169.74832967122396,180.58258277045357,0.015128288607811027,0.14017539044252914,AAPL
2024-04-18,165.38111877441406,167.0399932861328,168.63999938964844,166.5500030517578,168.02999877929688,43122900,-0.005714399468364828,169.22825840541296,169.6796844482422,180.28575524224175,0.015126237104878782,0.15248315321324135,AAPL
2024-04-19,163.3614044189453,165.0,166.39999389648438,164.0800018310547,166.2100067138672,68149400,-0.012212484535333856,168.83506338936942,169.54767557779948,179.95066545274523,0.015281917754605764,0.1775341482056927,AAPL
2024-04-22,164.19305419921875,165.83999633789062,167.25999450683594,164.77000427246094,165.52000427246094,48116400,0.0050908584143942726,167.53382873535156,169.38629455566405,179.6526128133138,0.015183663008821853,0.17350227999371026,AAPL
2024-04-23,165.24249267578125,166.89999389648438,167.0500030517578,164.9199981689453,165.35000610351562,49537800,0.006391491294687857,166.16894313267298,169.19323018391927,179.3494105021159,0.015058874586985684,0.17516897625818473,AAPL
2024-04-24,167.34149169921875,169.02000427246094,169.3000030517578,166.2100067138672,166.5399932861328,48251800,0.012702537885069809,165.64986746651786,169.05429128011068,179.03382381863065,0.015253353231193305,0.15219352939738995,AAPL
2024-04-25,168.20285034179688,169.88999938964844,170.61000061035156,168.14999389648438,169.52999877929688,50558300,0.005147310651002934,165.72200230189733,169.01336873372395,178.72615983751086,0.015133099005312449,0.16049815019800717,AAPL
2024-04-26,167.61871337890625,169.3000030517578,171.33999633789062,169.17999267578125,169.8800048828125,44838400,-0.0034728125100355056,165.90587506975447,168.8912607828776,178.41793823242188,0.014997996331329908,0.14224392037913303,AAPL
2024-04-29,171.7769775390625,173.5,176.02999877929688,173.10000610351562,173.3699951171875,68169400,0.02480787542352969,166.81956917898995,168.92030283610026,178.17437710232204,0.015693832332695095,0.19556758932828888,AAPL
2024-04-30,168.63844299316406,170.3300018310547,174.99000549316406,170.0,173.3300018310547,65934800,-0.01827098480170153,167.57343183244978,168.8084248860677,177.88440755208333,0.01600623599092005,0.25262152017632467,AAPL
2024-05-01,167.61871337890625,169.3000030517578,172.7100067138672,169.11000061035156,169.5800018310547,50383100,-0.006046839594570641,168.06281171526228,168.5846694946289,177.60628967285157,0.015809224769682117,0.26716212747131096,AAPL
2024-05-02,171.3116455078125,173.02999877929688,173.4199981689453,170.88999938964844,172.50999450683594,94214900,0.02203174129226415,168.9298335484096,168.3985356648763,177.37085232204862,0.016116659087054706,0.2297186801911093,AAPL
2024-05-03,181.55885314941406,183.3800048828125,187.0,182.66000366210938,186.64999389648438,163224100,0.05981617660157412,170.96088518415178,168.79489339192708,177.26113857693142,0.01790144230949129,0.18313822561753068,AAPL
2024-05-06,179.90545654296875,181.7100067138672,184.1999969482422,180.4199981689453,182.35000610351562,78569700,-0.009106670249148574,172.6326860700335,169.10610605875652,177.13909640842013,0.01801412503504677,0.18089615144130544,AAPL
2024-05-07,180.58859252929688,182.39999389648438,184.89999389648438,181.32000732421875,183.4499969482422,77305800,0.003797194367837209,174.48552594866072,169.4872817993164,177.02354617648655,0.017912294528286767,0.15112056100462246,AAPL
2024-05-08,180.92523193359375,182.74000549316406,183.07000732421875,181.4499969482422,182.85000610351562,45057100,0.0018641233069152108,175.79241943359375,169.91730244954428,176.90701175265843,0.01783188800031588,0.1369783343605646,AAPL
2024-05-09,182.737060546875,184.57000732421875,184.66000366210938,182.11000061035156,182.55999755859375,48983000,0.010014239550325765,177.80650765555245,170.28890940348307,176.8221449110243,0.017544144368049998,0.1292315973071152,AAPL
2024-05-10,181.4779510498047,183.0500030517578,185.08999633789062,182.1300048828125,184.89999389648438,50759500,-0.006890279909845254,179.7863987513951,170.67894032796224,176.79898681640626,0.017464408932097036,0.142147045501688,AAPL
2024-05-13,184.68020629882812,186.27999877929688,187.10000610351562,184.6199951171875,185.44000244140625,72044800,0.01764542320705731,181.6961931501116,171.22356567382812,176.8266810099284,0.017556475386567186,0.144782099811273,AAPL
2024-05-14,185.82034301757812,187.42999267578125,188.3000030517578,186.2899932861328,187.50999450683594,52393600,0.006173572910705749,182.3049774169922,171.84546864827473,176.8927519056532,0.017456040598145966,0.14229307758745713,AAPL
2024-05-15,188.0906982421875,189.72000122070312,190.64999389648438,187.3699951171875,187.91000366210938,70400000,0.012218012235585052,183.47429765973772,172.51631774902344,176.9920698377821,0.017524891825337466,0.11016214218357656,AAPL
2024-05-16,188.20962524414062,189.83999633789062,191.10000610351562,189.66000366210938,190.47000122070312,52845200,0.0006322853977605014,184.5630166190011,173.21852264404296,177.04458702935113,0.017457939778327734,0.14175103567179748,AAPL
2024-05-17,188.23939514160156,189.8699951171875,190.80999755859375,189.17999267578125,189.50999450683594,41282900,0.00015817414982000066,185.60789707728796,173.89663798014323,177.1020492553711,0.01747257813404327,0.16010950307693683,AAPL
2024-05-20,189.39932250976562,191.0399932861328,191.9199981689453,189.00999450683594,189.3300018310547,44361300,0.0061619798942273984,186.55964878627233,174.6507110595703,177.1608635796441,0.0173601064599604,0.15970490653192915,AAPL
2024-05-21,190.69808959960938,192.35000610351562,192.72999572753906,190.9199981689453,191.08999633789062,42309400,0.006857295330487734,187.87681143624442,175.4078140258789,177.2407004462348,0.017358068232794316,0.17670902950088774,AAPL
2024-05-22,189.2605438232422,190.89999389648438,192.82000732421875,190.27000427246094,192.27000427246094,34648500,-0.007538333390677776,188.53114536830358,176.17937316894532,177.30093943277996,0.017259226169562283,0.1933997179317024,AAPL
2024-05-23,185.27503967285156,186.8800048828125,191.0,186.6300048828125,190.97999572753906,51005900,-0.02105829387298408,188.45324489048548,176.57848459879557,177.34205440945095,0.016242273636697516,0.2236731692030718,AAPL
2024-05-24,188.3484344482422,189.97999572753906,190.5800018310547,188.0399932861328,188.82000732421875,36327000,0.016588282916130792,188.4900643484933,177.03020935058595,177.42775590684678,0.016412436915124572,0.2263395865858615,AAPL
2024-05-28,188.35838317871094,189.99000549316406,193.0,189.10000610351562,191.50999450683594,52280100,5.282088220104342e-05,188.51131548200334,177.60965474446616,177.4481965806749,0.015759832997589797,0.1977997862163412,AAPL
2024-05-29,188.65577697753906,190.2899932861328,192.25,189.50999450683594,189.61000061035156,53068000,0.0015788721150040708,188.57079860142298,178.3082504272461,177.43975016276042,0.01518225769874993,0.2115192443713454,AAPL
2024-05-30,189.64720153808594,191.2899932861328,192.17999267578125,190.6300048828125,190.75999450683594,49889100,0.005255203823760546,188.60620989118303,179.08543701171874,177.4167212592231,0.01500737709294832,0.22536449653419632,AAPL
2024-05-31,190.5989532470703,192.25,192.57000732421875,189.91000366210938,191.44000244140625,75158300,0.00501853811321995,188.59204755510603,179.92603149414063,177.39009382459852,0.014883163022162266,0.2214304224618293,AAPL
2024-06-03,192.36363220214844,194.02999877929688,194.99000549316406,192.52000427246094,192.89999389648438,50080500,0.00925859730609635,189.03534589494978,180.89277242024738,177.3905451456706,0.014546976010330462,0.17961157770884983,AAPL
2024-06-04,192.68092346191406,194.35000610351562,195.32000732421875,193.02999877929688,194.63999938964844,47471400,0.0016494347509106166,190.09332929338728,181.84236806233724,177.39814741346572,0.014564383165393206,0.15348590940576923,AAPL
2024-06-05,194.18785095214844,195.8699951171875,196.89999389648438,194.8699951171875,195.39999389648438,54156800,0.007820844239062597,190.92753165108817,182.80721333821614,177.44172024197047,0.014569913323978206,0.14519834720160119,AAPL
2024-06-06,192.80978393554688,194.47999572753906,196.5,194.1699981689453,195.69000244140625,41181800,-0.007096566596955345,191.56344604492188,183.65615641276042,177.4775619506836,0.014680203097968811,0.15158378668155748,AAPL
2024-06-07,195.1990966796875,196.88999938964844,196.94000244140625,194.13999938964844,194.64999389648438,53103900,0.012392072100134266,192.49820600237166,184.5560312906901,177.5804928249783,0.014744954086801987,0.1428208159612676,AAPL
2024-06-10,191.46145629882812,193.1199951171875,197.3000030517578,192.14999389648438,196.89999389648438,97010200,-0.01914783646254603,192.75738525390625,185.35078938802084,177.6818861219618,0.015324705906871933,0.1316280906862164,AAPL
2024-06-11,205.37098693847656,207.14999389648438,207.16000366210938,193.6300048828125,193.64999389648438,172373300,0.07264924705230902,194.86767578125,186.47058970133463,177.91080203586154,0.0194412888208758,0.04991547412983821,AAPL
2024-06-12,211.24014282226562,213.07000732421875,220.1999969482422,206.89999389648438,207.3699951171875,198134300,0.02857831075013184,197.56432015555245,187.8906463623047,178.21602783203124,0.019293109412083953,0.02295021740364689,AAPL
2024-06-13,212.40008544921875,214.24000549316406,216.75,211.60000610351562,214.74000549316406,97862700,0.005491108893677765,200.381343296596,189.38335876464845,178.5140360514323,0.019123655844431986,0.018670744487800484,AAPL
2024-06-14,210.66513061523438,212.49000549316406,215.1699981689453,211.3000030517578,213.85000610351562,70122700,-0.008168333973665787,202.73524039132255,190.6951416015625,178.77496863471137,0.019159588678142186,0.029695461805065104,AAPL
2024-06-17,214.80921936035156,216.6699981689453,218.9499969482422,212.72000122070312,213.3699951171875,93728300,0.019671450766506338,205.87801688058036,191.8034871419271,179.0807376437717,0.016577962317452094,0.024968856855331234,AAPL
2024-06-18,212.4496612548828,214.2899932861328,218.6300048828125,213.0,217.58999633789062,79943300,-0.010984435921767788,208.3423832484654,192.88829396565754,179.3722647772895,0.016639423444774395,0.018992895332727855,AAPL
2024-06-20,207.87924194335938,209.67999267578125,214.24000549316406,208.85000610351562,213.92999267578125,86172500,-0.02151295174832102,210.68778119768416,193.79798227945963,179.60453915066188,0.01736446054795072,0.048550182206225756,AAPL
2024-06-21,205.70806884765625,207.49000549316406,211.88999938964844,207.11000061035156,210.38999938964844,241805100,-0.010444395868514422,210.7359357561384,194.62407684326172,179.83139105902777,0.017581363721784947,0.008578633904604338,AAPL
2024-06-24,206.3524627685547,208.13999938964844,212.6999969482422,206.58999633789062,207.72000122070312,80727000,0.0031325651176845604,210.0376957484654,195.4112569173177,180.08861440022787,0.017550915319059994,-0.00437201422854927,AAPL
2024-06-25,207.27450561523438,209.07000732421875,211.3800048828125,208.61000061035156,209.14999389648438,55549700,0.004468290973167921,209.3054700578962,196.2711420694987,180.36587337917751,0.0174253811092587,0.003587323915252183,AAPL
2024-06-26,211.41859436035156,213.25,214.86000061035156,210.63999938964844,211.5,66213200,0.019993239075961844,209.4131077357701,197.16242167154948,180.69236772325303,0.017491215889778547,0.0002814039074221508,AAPL
2024-06-27,212.26129150390625,214.10000610351562,215.74000549316406,212.35000610351562,214.69000244140625,49772700,0.003985917823852159,209.0491180419922,198.04378662109374,181.04527672661675,0.01748925529807159,0.009995430873778632,AAPL
2024-06-28,208.81117248535156,210.6199951171875,216.07000732421875,210.3000030517578,215.77000427246094,82542700,-0.01625411300435431,208.52933393205916,198.73446909586588,181.36810150146485,0.017830178419693237,0.03400342968241277,AAPL
2024-07-01,214.88853454589844,216.75,217.50999450683594,211.9199981689453,212.08999633789062,60402900,0.029104582806617874,209.5306614467076,199.62376607259114,181.75009172227647,0.018412832123630086,0.022035108448629437,AAPL
2024-07-02,218.37831115722656,220.27000427246094,220.3800048828125,215.10000610351562,216.14999389648438,58046200,0.01623993862074924,211.34069606236048,200.6283966064453,182.14830627441407,0.01851321954436835,0.0077478885894357585,AAPL
2024-07-03,219.64732360839844,221.5500030517578,221.5500030517578,219.02999877929688,220.0,37369800,0.005811073656752486,213.2399618966239,201.63666330973308,182.58097178141276,0.018512652475163514,0.015482319422552848,AAPL
2024-07-05,224.3961639404297,226.33999633789062,226.4499969482422,221.64999389648438,221.64999389648438,60412400,0.021620296819540474,215.6859130859375,202.7599324544271,183.08136308458117,0.018755239974657147,-0.0001251187693317446,AAPL
2024-07-08,225.8634796142578,227.82000732421875,227.85000610351562,223.25,227.08999633789062,59085900,0.00653895168287133,217.74946812220983,203.98003031412762,183.5818873087565,0.018590436976911713,-0.007323916753123494,AAPL
2024-07-09,226.71609497070312,228.67999267578125,229.39999389648438,226.3699951171875,227.92999267578125,48076100,0.0037749146426924174,219.81444004603796,205.36139882405598,184.1051957872179,0.01787993786526996,-0.008342808545876657,AAPL
2024-07-10,230.97914123535156,232.97999572753906,233.0800018310547,229.25,229.3000030517578,62627700,0.01880345665445282,222.98129272460938,206.7824223836263,184.68324195014105,0.017925833137694268,-0.02711791134688546,AAPL
2024-07-11,225.61563110351562,227.57000732421875,232.38999938964844,225.77000427246094,231.38999938964844,64710600,-0.023220755359770306,224.51373508998327,208.02433064778646,185.21368425157334,0.018721727492964226,-0.012216533186310885,AAPL
2024-07-12,228.5601043701172,230.5399932861328,232.63999938964844,228.67999267578125,228.9199981689453,53046500,0.013050838952069821,225.96827697753906,209.35447489420574,185.82700670030383,0.018741228645261336,-0.014910358994626782,AAPL
2024-07-15,232.38694763183594,234.39999389648438,237.22999572753906,233.08999633789062,236.47999572753906,62631300,0.016743268788159904,227.78822326660156,210.77913309733074,186.53763326009116,0.01883032474198278,-0.029680142978418922,AAPL
2024-07-16,232.80335998535156,234.82000732421875,236.27000427246094,232.3300018310547,235.0,43234300,0.0017918921770740948,228.98925127301897,212.18594665527343,187.26388753255208,0.018851032928149766,-0.027791765891606035,AAPL
2024-07-17,226.91436767578125,228.8800048828125,231.4600067138672,226.63999938964844,229.4499969482422,57345900,-0.025295993622862056,229.1393781389509,213.33763783772787,187.92602861192492,0.019734268894682175,-0.009296781803045606,AAPL
2024-07-18,222.25473022460938,224.17999267578125,230.44000244140625,222.27000427246094,230.27999877929688,66034600,-0.020534783667068734,228.50204031808036,214.32343139648438,188.51736467149522,0.020299080484917992,0.026210986561154836,AAPL
2024-07-19,222.38360595703125,224.30999755859375,226.8000030517578,223.27999877929688,224.82000732421875,49151500,0.0005798559710816775,227.27410670689173,215.26328989664714,189.08791113959418,0.020307021417827104,0.022090303559759272,AAPL
2024-07-22,222.03662109375,223.9600067138672,227.77999877929688,223.08999633789062,227.00999450683594,48201800,-0.0015602987539841129,226.76281956263952,216.23751780192057,189.64932183159723,0.02022085660710925,-0.00416214476250798,AAPL
2024-07-23,223.0775909423828,225.00999450683594,226.94000244140625,222.67999267578125,224.3699951171875,39960300,0.00468827999410637,225.97960335867745,217.16680094401042,190.24540032280817,0.020171417422425474,-0.017351827302131695,AAPL
2024-07-24,216.6631622314453,218.5399932861328,224.8000030517578,217.1300048828125,224.0,61777600,-0.02875424951399197,223.7333483014788,218.006857808431,190.74963599310982,0.02063323986849844,0.018748965173269516,AAPL
2024-07-25,215.62217712402344,217.49000549316406,220.85000610351562,214.6199951171875,218.92999267578125,51391200,-0.004804624361154031,221.27889360700334,218.34856414794922,191.2464855617947,0.016148650970675273,0.016486430734097945,AAPL
2024-07-26,216.08815002441406,217.9600067138672,219.49000549316406,216.00999450683594,218.6999969482422,41601300,0.002161062032699057,219.73229108537947,218.51016438802083,191.73641187879775,0.015335102741930817,0.01470777957756475,AAPL
2024-07-29,216.36575317382812,218.24000549316406,219.3000030517578,215.75,216.9600067138672,36311800,0.0012846754872153365,218.89100864955358,218.6423533121745,192.20346052381728,0.015310609251000088,0.009735858456138669,AAPL
2024-07-30,216.92092895507812,218.8000030517578,220.3300018310547,216.1199951171875,219.19000244140625,41643800,0.0025659133809590173,218.11062622070312,218.85087992350262,192.64818572998047,0.015220642131712802,0.01881960843070507,AAPL
2024-07-31,220.17276000976562,222.0800018310547,223.82000732421875,220.6300048828125,221.44000244140625,50036300,0.014990858974981203,217.8443603515625,219.0296646118164,193.20934838189018,0.015046578539232261,0.004268068967171024,AAPL
2024-08-01,216.4846954345703,218.36000061035156,224.47999572753906,217.02000427246094,224.3699951171875,62501000,-0.016750775958986663,216.90251813616072,219.16416575113934,193.71952192518447,0.01523964687431811,0.020139078364601826,AAPL
2024-08-02,217.97181701660156,219.86000061035156,225.60000610351562,217.7100067138672,219.14999389648438,105568600,0.006869407461095545,217.08946881975447,219.5005849202474,194.26194966634114,0.014681313368890763,-0.014962127059004016,AAPL
2024-08-05,207.47276306152344,209.27000427246094,213.5,196.0,199.08999633789062,119548600,-0.04816702497955727,215.9252668108259,219.55940806070964,194.70026245117188,0.017161937126967876,0.037133662843868764,AAPL
2024-08-06,205.45028686523438,207.22999572753906,209.99000549316406,201.07000732421875,205.3000030517578,69660500,-0.009748152800612808,214.40557207380022,219.52933553059896,195.07650061713323,0.01725283963022754,0.06618465448490429,AAPL
2024-08-07,208.01806640625,209.82000732421875,213.63999938964844,206.38999938964844,206.89999389648438,63516400,0.012498301074166829,213.21304539271765,219.5541208902995,195.50140109592013,0.01738633946391748,0.09205451433145306,AAPL
2024-08-08,211.47808837890625,213.30999755859375,214.1999969482422,208.8300018310547,213.11000061035156,47161100,0.016633276293891663,212.4354967389788,219.5561040242513,195.98069712320964,0.017265285553810322,0.07104268661015456,AAPL
2024-08-09,214.3829345703125,216.24000549316406,216.77999877929688,211.97000122070312,212.10000610351562,42201600,0.013735920414608804,211.60837881905692,219.62682545979817,196.50536024305555,0.017430860261584826,0.04852069068598852,AAPL
2024-08-12,215.91146850585938,217.52999877929688,219.50999450683594,215.60000610351562,216.07000732421875,38028100,0.007129923557630757,211.5264892578125,219.8635019938151,197.03809627956815,0.017177754137823995,0.04523506544959033,AAPL
2024-08-13,219.62362670898438,221.27000427246094,221.88999938964844,219.00999450683594,219.00999450683594,44155300,0.0171929644535036,211.76246207101005,220.0213383992513,197.62120903862848,0.016641219110381383,0.02304885330308215,AAPL
2024-08-14,220.07028198242188,221.72000122070312,223.02999877929688,219.6999969482422,220.57000732421875,41960600,0.0020337305240358816,213.5621076311384,220.0777374267578,198.20092400444878,0.0163887553359667,0.02615907920706806,AAPL
2024-08-15,223.0479736328125,224.72000122070312,225.35000610351562,222.75999450683594,224.60000610351562,46414000,0.013530639501013964,216.07606288364954,220.19109242757162,198.82615559895834,0.01653676069129394,0.0136612724652736,AAPL
2024-08-16,224.3680877685547,226.0500030517578,226.8300018310547,223.64999389648438,223.9199981689453,44340200,0.005918521088720485,218.41178022112166,220.19015655517578,199.4526343451606,0.01609254612504433,0.03074546045966353,AAPL
2024-08-19,224.2092742919922,225.88999938964844,225.99000549316406,223.0399932861328,225.72000122070312,40687800,-0.0007078256009666051,220.23052106584822,220.13501637776693,200.09813995361327,0.016047238088629893,0.0014166539458637661,AAPL
2024-08-20,224.82464599609375,226.50999450683594,227.1699981689453,225.4499969482422,225.77000427246094,30299000,0.0027446309080869646,221.7221941266741,220.07196807861328,200.67061716715494,0.016039718273800966,0.0011920640190774545,AAPL
2024-08-21,224.71546936035156,226.39999389648438,227.97999572753906,225.0500030517578,226.52000427246094,34765500,-0.0004856079512923772,222.9799085344587,219.8631790161133,201.2252702501085,0.015635124395697014,-0.003224428026625703,AAPL
2024-08-22,222.85939025878906,224.52999877929688,228.33999633789062,223.89999389648438,227.7899932861328,43695300,-0.008259685489591773,223.4421604701451,219.77130432128905,201.8017632378472,0.015125496030137792,0.010110019552473926,AAPL
2024-08-23,225.15219116210938,226.83999633789062,228.22000122070312,224.3300018310547,225.66000366210938,38677300,0.010288105431222272,224.16814749581474,219.65770721435547,202.44014417860242,0.0150496428294946,-0.022703217102906348,AAPL
2024-08-26,225.4896697998047,227.17999267578125,227.27999877929688,223.88999938964844,226.75999450683594,30602200,0.0014988911986750786,224.51696123395647,219.42779795328775,203.09745602077908,0.014704615479433485,-0.006206585318369373,AAPL
2024-08-27,226.33334350585938,228.02999877929688,228.85000610351562,224.88999938964844,226.0,35934600,0.003741518211471506,224.79771205357142,219.21213073730468,203.7747029622396,0.014721211140812334,0.006621932123965335,AAPL
2024-08-28,224.80479431152344,226.49000549316406,229.86000061035156,225.67999267578125,227.9199981689453,38052200,-0.006753530746548497,224.8827863420759,219.14181162516277,204.45740729437935,0.014031801707596889,0.01125881849942112,AAPL
2024-08-29,228.0802459716797,229.7899932861328,232.9199981689453,228.8800048828125,230.10000610351562,51906300,0.014570203763614176,225.3478720528739,219.33599548339845,205.16726498074001,0.013739521498547588,-0.009748006133748266,AAPL
2024-08-30,227.29612731933594,229.0,230.39999389648438,227.47999572753906,230.19000244140625,52990800,-0.0034379069042266286,225.71653747558594,219.49974619547527,205.85674981011286,0.013762870952255642,0.010043716873413544,AAPL
2024-09-03,221.1124725341797,222.77000427246094,229.0,221.1699981689453,228.5500030517578,50190600,-0.027205279993480214,225.46697780064173,219.46894124348958,206.45420515272352,0.014681669090504463,0.04973746494937803,AAPL
2024-09-04,219.206787109375,220.85000610351562,221.77999877929688,217.47999572753906,221.66000366210938,43840200,-0.008618624734116231,224.61763436453683,219.33991444905598,207.02091556125217,0.014735020290432527,0.04949047524644401,AAPL
2024-09-05,220.72537231445312,222.3800048828125,225.47999572753906,221.52000427246094,221.6300048828125,36615400,0.0069276377118761,223.93702043805803,219.4753214518229,207.61098954942491,0.013783144732710893,0.04393383189111599,AAPL
2024-09-06,219.17701721191406,220.82000732421875,225.24000549316406,219.77000427246094,223.9499969482422,48423000,-0.007014848752110003,222.91468811035156,219.59381612141928,208.13765665690104,0.01381951146861013,0.06421504895751418,AAPL
2024-09-09,219.26632690429688,220.91000366210938,221.27000427246094,216.7100067138672,220.82000732421875,67180000,0.0004074774514175594,222.12347848074776,219.6997553507487,208.70018870035807,0.013816559389123136,0.07048110076119163,AAPL
2024-09-10,218.47225952148438,220.11000061035156,221.47999572753906,216.72999572753906,218.9199981689453,51591000,-0.0036214743687437156,220.75090898786272,219.7699722290039,209.26522810194228,0.013836956915710012,0.07155520702275586,AAPL
2024-09-11,221.0032958984375,222.66000366210938,223.08999633789062,217.88999938964844,221.4600067138672,44587100,0.01158516134953147,219.8519330705915,219.9060511271159,209.817357550727,0.013982476786852365,0.03637834383435368,AAPL
2024-09-12,221.1124725341797,222.77000427246094,223.5500030517578,219.82000732421875,222.5,37455600,0.0004940045590648978,219.8519330705915,219.9373748779297,210.25684221055772,0.013720230871296799,0.035013805630279116,AAPL
2024-09-13,220.84449768066406,222.5,224.0399932861328,221.91000366210938,223.5800018310547,36766600,-0.0012119391115497091,220.0858917236328,220.08270161946615,210.711720445421,0.013345084345563805,0.04004493802884146,AAPL
2024-09-16,214.7104949951172,216.32000732421875,217.22000122070312,213.9199981689453,216.5399932861328,59357400,-0.027775211743860106,219.22662353515625,219.97399088541667,211.09085269504124,0.014264783325326161,0.07895692690643985,AAPL
2024-09-17,215.17698669433594,216.7899932861328,216.89999389648438,214.5,215.75,45519300,0.002172654388549411,218.65519060407365,220.23079833984374,211.47142774793838,0.011051218425766555,0.0778632488996649,AAPL
2024-09-18,219.04794311523438,220.69000244140625,222.7100067138672,217.5399932861328,217.5500030517578,59894900,0.017989639507301147,218.62399291992188,220.68405354817708,211.87488199869793,0.011255575817057478,0.04263898097499186,AAPL
2024-09-19,227.1670684814453,228.8699951171875,229.82000732421875,224.6300048828125,224.99000549316406,66781300,0.037065517487830046,219.86610848563058,221.32235361735027,212.38253885904948,0.012816181289761147,-0.012933026707222073,AAPL
2024-09-20,226.50205993652344,228.1999969482422,233.08999633789062,227.6199951171875,229.97000122070312,318679900,-0.0029273985413788006,220.65164620535714,221.82315266927083,212.84722612169054,0.012595340874093062,-0.023181291830343453,AAPL
2024-09-23,224.78494262695312,226.47000122070312,229.4499969482422,225.80999755859375,227.33999633789062,54146000,-0.007581022927789394,221.17628479003906,222.16988627115884,213.28016611735026,0.012532985945013678,-0.01969350587781049,AAPL
2024-09-24,225.67823791503906,227.3699951171875,229.35000610351562,225.72999572753906,228.64999389648438,43556100,0.00397399967118095,221.86681910923548,222.49544525146484,213.6978054470486,0.012498656394261676,-0.01724064605871145,AAPL
2024-09-25,224.68569946289062,226.3699951171875,227.2899932861328,224.02000427246094,224.92999267578125,42308700,-0.004398024644813536,223.2918483189174,222.6641810099284,214.10309516059027,0.012184591548017291,-0.01612407251285941,AAPL
2024-09-26,225.82711791992188,227.52000427246094,228.5,225.41000366210938,227.3000030517578,36636700,0.005080067221722606,224.81329563685827,222.8560755411784,214.52073652479385,0.012207628626586404,-0.0001757455469348912,AAPL
2024-09-27,226.0950927734375,227.7899932861328,229.52000427246094,227.3000030517578,228.4600067138672,34026000,0.001186637176189942,225.82003130231584,222.95764617919923,214.9284673055013,0.011974174228506388,-0.0025473484899611876,AAPL
2024-09-30,231.26638793945312,233.0,233.0,229.64999389648438,230.0399932861328,54541900,0.022872213202776548,226.40564836774553,223.18758951822917,215.379226175944,0.012620302162647274,-0.03658089052757951,AAPL
2024-10-01,224.5269012451172,226.2100067138672,229.64999389648438,223.74000549316406,229.52000427246094,63285000,-0.029141661070524294,226.12348284040178,223.19817708333332,215.77107459174263,0.01377462796715936,-0.007662528258507995,AAPL
2024-10-02,225.0926513671875,226.77999877929688,227.3699951171875,223.02000427246094,225.88999938964844,32880600,0.002519743152971543,226.16744123186385,223.2071105957031,216.21349249945746,0.013773222114760229,-0.00622776862175356,AAPL
2024-10-03,223.9908905029297,225.6699981689453,226.80999755859375,223.32000732421875,225.13999938964844,34044200,-0.004894699394075497,225.9263916015625,223.1829579671224,216.609519788954,0.013803523450139892,0.012412371648098608,AAPL
2024-10-04,225.1125030517578,226.8000030517578,228.0,224.1300048828125,227.89999389648438,37245100,0.005007402516726156,225.98736354282923,223.25806172688803,217.01789889865452,0.013742683077067755,-0.00684512877506116,AAPL
2024-10-07,220.04051208496094,221.69000244140625,225.69000244140625,221.3300018310547,224.5,39505400,-0.022530916310902205,225.16070556640625,223.0876724243164,217.36661817762587,0.014228282749502386,0.029685016027446887,AAPL
2024-10-08,224.09014892578125,225.77000427246094,225.97999572753906,223.25,224.3000030517578,31855700,0.01840405115607391,224.87428501674108,223.04102172851563,217.7493175930447,0.014645672117453849,0.012229902113390922,AAPL
2024-10-09,227.8321075439453,229.5399932861328,229.75,224.8300018310547,225.22999572753906,33591100,0.016698452101093553,224.38367353166853,223.09098052978516,218.16301930745442,0.014950849706273589,-0.0012548886710751495,AAPL
2024-10-10,227.33583068847656,229.0399932861328,229.5,227.1699981689453,227.77999877929688,28183500,-0.002178256878798468,224.78494916643416,223.17534840901692,218.55159929063586,0.014899368266442886,-0.001172654143007712,AAPL
2024-10-11,225.85691833496094,227.5500030517578,229.41000366210938,227.33999633789062,229.3000030517578,31759200,-0.006505408096193266,224.89413016183036,223.10123748779296,218.92022145589192,0.014707756373810261,0.011306899402969695,AAPL
2024-10-14,229.5790252685547,231.3000030517578,231.72999572753906,228.60000610351562,228.6999969482422,39882100,0.01647993322955732,225.69243512834822,223.17733408610027,219.3134567260742,0.015004149653011053,0.007895283772609618,AAPL
2024-10-15,232.11004638671875,233.85000610351562,237.49000549316406,232.3699951171875,233.61000061035156,64751400,0.011024618277751363,226.69208417619978,223.5439198811849,219.75012630886502,0.01417563883765537,0.006280156333694498,AAPL
2024-10-16,230.05543518066406,231.77999877929688,232.1199951171875,229.83999633789062,231.60000610351562,34082200,-0.008851884000882437,228.12278747558594,223.9055414835612,220.13741895887586,0.014181565740388282,0.014705596563434398,AAPL
2024-10-17,230.4226837158203,232.14999389648438,233.85000610351562,230.52000427246094,233.42999267578125,32993800,0.0015963480057223922,229.02743530273438,224.2287851969401,220.57032148573134,0.01414727179379439,0.023437947508178514,AAPL
2024-10-18,233.25148010253906,235.0,236.17999267578125,234.00999450683594,236.17999267578125,46431500,0.012276553423913317,229.8016313825335,224.69793395996095,220.8801047431098,0.014183830032267348,0.020653563969311506,AAPL
2024-10-21,234.720458984375,236.47999572753906,236.85000610351562,234.4499969482422,234.4499969482422,36254500,0.006297833056365443,230.85657828194755,225.21307169596355,221.140997144911,0.014199295994684526,0.027219970044153774,AAPL
2024-10-22,234.10508728027344,235.86000061035156,236.22000122070312,232.60000610351562,233.88999938964844,38846600,-0.002621721629057161,232.0348881312779,225.73416595458986,221.38216383192275,0.014185915716081422,0.03144813059779583,AAPL
2024-10-23,229.04302978515625,230.75999450683594,235.13999938964844,227.75999450683594,234.0800018310547,52287000,-0.02162301363855812,231.95831734793526,226.00215708414714,221.58636271158855,0.014729960893788537,0.0543741727492717,AAPL
2024-10-24,228.85446166992188,230.57000732421875,230.82000732421875,228.41000366210938,229.97999572753906,31109500,-0.000823286853178895,231.49323381696428,226.26022338867188,221.74242095947267,0.014734398708562848,0.05437456986522249,AAPL
2024-10-25,229.68820190429688,231.41000366210938,233.22000122070312,229.57000732421875,229.74000549316406,38802300,0.003643102381711616,231.4407719203404,226.55501352945964,221.9339603000217,0.01473305741886478,0.06746232572896838,AAPL
2024-10-28,231.6633758544922,233.39999389648438,234.72999572753906,232.5500030517578,233.32000732421875,36087100,0.008599370511064741,231.6180136544364,227.12010955810547,222.19822845458984,0.013709174889530324,0.06273605215444755,AAPL
2024-10-29,231.93136596679688,233.6699981689453,234.3300018310547,232.32000732421875,233.10000610351562,35417200,0.001156808284072497,231.42942592075892,227.6785888671875,222.4895984225803,0.013711590240895374,0.05602435391813643,AAPL
2024-10-30,228.38792419433594,230.10000610351562,233.47000122070312,229.5500030517578,232.61000061035156,47070900,-0.01527797569634548,230.52477809361048,227.98992156982422,222.73443688286676,0.013768603347113726,0.07880412070554121,AAPL
2024-10-31,224.22911071777344,225.91000366210938,229.8300018310547,225.3699951171875,229.33999633789062,64370100,-0.018209428065136035,229.11392429896765,227.8919896443685,222.92282138400608,0.012481197777307596,0.09956618810963858,AAPL
2024-11-01,221.25144958496094,222.91000366210938,225.35000610351562,220.27000427246094,220.97000122070312,65276700,-0.013279547527440982,228.00084141322546,227.71696929931642,223.03207533094618,0.012695934414297118,0.1274333988393741,AAPL
2024-11-04,220.35813903808594,222.00999450683594,222.7899932861328,219.7100067138672,220.99000549316406,44944500,-0.004037535340675635,226.7870810372489,227.5694091796875,223.12204030354818,0.012646127179539316,0.14300651509262519,AAPL
2024-11-05,221.7873992919922,223.4499969482422,223.9499969482422,221.13999938964844,221.8000030517578,28111300,0.0064860787994729385,225.65839494977678,227.43971455891926,223.26622060139974,0.012685612017144519,0.11131320485179996,AAPL
2024-11-06,221.06285095214844,222.72000122070312,226.07000732421875,221.19000244140625,222.61000061035156,54561100,-0.0032668598042842056,224.14403424944197,227.31895294189454,223.33482411702474,0.012675307804592494,0.12277665516830805,AAPL
2024-11-07,225.7874298095703,227.47999572753906,227.8800048828125,224.57000732421875,224.6300048828125,42137700,0.02137210678805812,223.2663290841239,227.3176300048828,223.41714765760634,0.013256700297789161,0.11996657476868089,AAPL
2024-11-08,225.51914978027344,226.9600067138672,228.66000366210938,226.41000366210938,227.1699981689453,38328800,-0.0011881973656511224,222.85650416782923,227.29843190511068,223.48239017062718,0.013256950485707415,0.12473559034624904,AAPL
2024-11-11,222.80645751953125,224.22999572753906,225.6999969482422,221.5,225.0,42005600,-0.012028655940682698,222.65326799665178,227.0164342244466,223.46472676595053,0.012700275922708032,0.1514964822251217,AAPL
2024-11-12,222.80645751953125,224.22999572753906,225.58999633789062,223.36000061035156,224.5500030517578,40398300,0.0,222.8754119873047,226.9590861002604,223.4307598537869,0.011548795088370747,0.15515314367144306,AAPL
2024-11-13,223.69082641601562,225.1199951171875,226.64999389648438,222.75999450683594,224.00999450683594,48566200,0.003969224708879171,223.35151018415178,226.91235860188803,223.3971457587348,0.011563553167845934,0.13534998630950135,AAPL
2024-11-14,226.77114868164062,228.22000122070312,228.8699951171875,225.0,225.02000427246094,44923900,0.013770445194280168,224.06347438267298,227.00503387451172,223.3503902859158,0.011798843857474692,0.10507396407699421,AAPL
2024-11-15,223.5715789794922,225.0,226.9199981689453,224.27000427246094,226.39999389648438,47923700,-0.014109245028521067,224.42186410086495,226.95366973876952,223.32767859564888,0.012059170921980888,0.11297785071744881,AAPL
2024-11-18,226.57241821289062,228.02000427246094,229.74000549316406,225.1699981689453,225.25,44633700,0.01342227508118854,224.53400530133928,227.17139994303386,223.3055931939019,0.011534227943075348,0.0694236849814629,AAPL
2024-11-19,226.83074951171875,228.27999877929688,230.16000366210938,226.66000366210938,226.97999572753906,36211800,0.0011401709919756087,224.72137669154577,227.26275329589845,223.24385765923395,0.011058893543023366,0.06605924558611243,AAPL
2024-11-20,227.54620361328125,229.0,229.92999267578125,225.88999938964844,228.05999755859375,35169600,0.003154131893945644,225.3984832763672,227.2532231648763,223.18544481065538,0.010641898646442428,0.06986891774051074,AAPL
2024-11-21,227.06924438476562,228.52000427246094,230.16000366210938,225.7100067138672,228.8800048828125,42108300,-0.0020960983788866905,226.00745282854353,227.2443369547526,223.18716566297743,0.01064132587106816,0.05990722528611592,AAPL
2024-11-22,228.41065979003906,229.8699951171875,230.72000122070312,228.05999755859375,228.05999755859375,38168300,0.0059075169290669916,226.6817147391183,227.32946166992187,223.25556488037108,0.010620328610154365,0.05581423251238338,AAPL
2024-11-25,231.39161682128906,232.8699951171875,233.25,229.74000549316406,231.4600067138672,90152800,0.013050866513805381,227.34178161621094,227.38988138834637,223.35565388997395,0.010458852228371082,0.01709118828399081,AAPL
2024-11-26,233.56773376464844,235.05999755859375,235.57000732421875,233.3300018310547,233.3300018310547,45986200,0.009404476157146346,228.7698037283761,227.43847096761067,223.48377736409506,0.010405694227161618,-0.0028078482559884543,AAPL
2024-11-27,233.43853759765625,234.92999267578125,235.69000244140625,233.80999755859375,234.47000122070312,33498400,-0.00055314218667879,229.75067792619978,227.55124104817708,223.59889899359808,0.010264428194067088,-0.007023309541221656,AAPL
2024-11-29,235.8233184814453,237.3300018310547,237.80999755859375,233.97000122070312,234.80999755859375,28481400,0.010215883411244464,231.03533063616072,227.73126220703125,223.81178961859808,0.01041462024474839,0.0022751982427340334,AAPL
2024-12-02,238.06895446777344,239.58999633789062,240.7899932861328,237.16000366210938,237.27000427246094,48137100,0.009522535772919394,232.53858075823103,227.8918446858724,224.06119825575087,0.010321924698531416,-0.04728905818817697,AAPL
2024-12-03,241.1095428466797,242.64999389648438,242.75999450683594,238.89999389648438,239.80999755859375,38861000,0.012771881095138049,234.5443376813616,228.1048141479492,224.33921373155383,0.01050827003041496,-0.052215205594710046,AAPL
2024-12-04,241.46725463867188,243.00999450683594,244.11000061035156,241.25,242.8699951171875,44383900,0.0014836069438348698,236.40956551688058,228.3502197265625,224.6181193033854,0.010486874883277458,-0.0838238187937691,AAPL
2024-12-05,241.49705505371094,243.0399932861328,244.5399932861328,242.1300048828125,243.99000549316406,40033900,0.0001234138976056176,237.8531995500837,228.76535390218098,224.891187371148,0.00957498380598413,-0.07904048026028843,AAPL
2024-12-06,241.29832458496094,242.83999633789062,244.6300048828125,242.0800018310547,242.91000366210938,36870600,-0.0008229105266140957,238.9575696672712,229.1801493326823,225.12591586642796,0.009574980236309857,-0.07898195030178523,AAPL
2024-12-09,245.18350219726562,246.75,247.24000549316406,241.75,241.8300018310547,44649200,0.016101137954386058,240.6354217529297,229.69665934244793,225.44479149712456,0.009921085010288927,-0.09714279241933177,AAPL
2024-12-10,246.197021484375,247.77000427246094,248.2100067138672,245.33999633789062,246.88999938964844,36914800,0.004133717309796614,242.11737932477678,230.18111419677734,225.75840488009982,0.009855447293357605,-0.07228470840113721,AAPL
2024-12-11,244.9251708984375,246.49000549316406,250.8000030517578,246.25999450683594,247.9600067138672,45205800,-0.005165986892405217,243.09683881487166,230.61424102783204,226.17454274495444,0.009943026894269813,-0.03338889229461128,AAPL
2024-12-12,246.38583374023438,247.9600067138672,248.74000549316406,245.67999267578125,246.88999938964844,32777500,0.005963710615935591,243.85059465680803,231.21417134602865,226.62938215467665,0.009422762402223093,-0.034683041741999876,AAPL
2024-12-13,246.55474853515625,248.1300048828125,249.2899932861328,246.24000549316406,247.82000732421875,33155300,0.0006855702389934049,244.57737949916296,231.95835927327474,227.0575675116645,0.008579365897135082,-0.04247778157632787,AAPL
2024-12-16,249.44627380371094,251.0399932861328,251.3800048828125,247.64999389648438,247.99000549316406,51694800,0.011727720864164848,245.71298217773438,232.89818674723307,227.47943623860678,0.00812540388798972,-0.05991077282929702,AAPL
2024-12-17,251.87078857421875,253.47999572753906,253.8300018310547,249.77999877929688,250.0800018310547,51356400,0.009719587041880029,247.22333417619978,233.9486083984375,227.89596794976129,0.008041708065368807,-0.10048135885491649,AAPL
2024-12-18,246.4752655029297,248.0500030517578,254.27999877929688,247.74000549316406,252.16000366210938,56774100,-0.02142178972731157,247.40787179129464,234.77153727213542,228.23556569417318,0.009316726893372004,-0.061479466078227074,AAPL
2024-12-19,248.20420837402344,249.7899932861328,252.0,247.08999633789062,247.5,60882300,0.0070146708943221725,247.69461277553015,235.6762491861979,228.55312771267361,0.009245534678734051,-0.0693382168827339,AAPL
2024-12-20,252.87437438964844,254.49000549316406,255.0,245.69000244140625,248.0399932861328,147495300,0.01881582123937009,248.83021327427454,236.5791473388672,228.91761762830947,0.009089502470796897,-0.08357890767014386,AAPL
2024-12-23,253.6494140625,255.27000427246094,255.64999389648438,253.4499969482422,254.77000427246094,40858800,0.0030649197836760678,249.86786760602678,237.5168228149414,229.25763363308377,0.009041677227720266,-0.10827743544431478,AAPL
2024-12-24,256.56085205078125,258.20001220703125,258.2099914550781,255.2899932861328,255.49000549316406,23234700,0.01147819717637466,251.29731096540178,238.6419692993164,229.6153310139974,0.008616371134710313,-0.1173498445221629,AAPL
2024-12-26,257.3755798339844,259.0199890136719,260.1000061035156,257.6300048828125,258.19000244140625,27237100,0.0031755732672802406,252.43006896972656,239.79427337646484,229.98384552001954,0.008575425462609268,-0.10093514304485951,AAPL
2024-12-27,253.96737670898438,255.58999633789062,258.70001220703125,253.05999755859375,257.8299865722656,42355300,-0.01324213869551416,252.72958156040735,240.8034917195638,230.30765363905164,0.00919040873266359,-0.07222329768446367,AAPL
2024-12-30,250.59889221191406,252.1999969482422,253.5,250.75,252.22999572753906,35557500,-0.013263453521946578,253.31867109026228,241.59774983723958,230.59524722629124,0.009546354674293342,-0.041254687181567995,AAPL
2024-12-31,248.83021545410156,250.4199981689453,253.27999877929688,249.42999267578125,252.44000244140625,39480700,-0.007057799586427715,253.40810067313058,242.43970438639323,230.8838119506836,0.009180693848879831,-0.022167077310047634,AAPL
2025-01-02,242.30191040039062,243.85000610351562,249.10000610351562,241.82000732421875,248.92999267578125,55740700,-0.0262359820000041,251.89774867466517,242.96402079264323,231.07436438666448,0.010482748332946906,0.0036448255480117098,AAPL
2025-01-03,241.8150177001953,243.36000061035156,244.17999267578125,241.88999938964844,243.36000061035156,40244100,-0.002009446394338199,250.20712062290735,243.46349639892577,231.2557571411133,0.010510429870758042,0.007311143669866738,AAPL
2025-01-06,243.44461059570312,245.0,247.3300018310547,243.1999969482422,244.30999755859375,45045600,0.006739006166805561,248.33337184361048,243.99344329833986,231.44588233100043,0.010542121318947523,0.004490990753263757,AAPL
2025-01-07,240.67233276367188,242.2100067138672,245.5500030517578,241.35000610351562,242.97999572753906,40856000,-0.011387714951863415,245.9471936907087,244.4468795776367,231.62218831380207,0.010809074287473667,0.014904294774604976,AAPL
2025-01-08,241.1592254638672,242.6999969482422,243.7100067138672,240.0500030517578,241.9199981689453,37628900,0.0020230522329021117,244.1174577985491,244.87183176676433,231.76751030815973,0.010783863607736916,0.019248749621233907,AAPL
2025-01-10,235.34637451171875,236.85000610351562,240.16000366210938,233.0,240.00999450683594,61710900,-0.02410378844503036,241.9385266985212,245.00365702311197,231.8569574991862,0.011560871147503326,0.04416967178996423,AAPL
2025-01-13,232.9119110107422,234.39999389648438,234.6699981689453,229.72000122070312,233.52999877929688,49630700,-0.01034417252455,239.66448320661272,244.98179626464844,231.988062371148,0.011606180976510887,0.026554045223060818,AAPL
2025-01-14,231.7990264892578,233.27999877929688,236.1199951171875,232.47000122070312,234.75,39435300,-0.004778134860750183,238.16407121930803,244.9271458943685,232.12797614203558,0.011638358566722741,0.01835097613543013,AAPL
2025-01-15,236.35986328125,237.8699951171875,238.9600067138672,234.42999267578125,234.63999938964844,39832000,0.0196758237559016,237.38476344517298,244.94503072102864,232.30169270833332,0.012050297768993874,0.017807654963692965,AAPL
2025-01-16,226.81089782714844,228.25999450683594,238.00999450683594,228.02999877929688,237.35000610351562,71759100,-0.04040011413756417,235.0085187639509,244.56976216634115,232.38651360405817,0.01400011689890838,0.04394851576722969,AAPL
2025-01-17,228.51995849609375,229.97999572753906,232.2899932861328,228.47999572753906,232.1199951171875,68488300,0.007535178800128772,233.272465297154,244.15010935465494,232.4893317328559,0.013847620926172869,0.026999755079430976,AAPL
2025-01-21,221.22654724121094,222.63999938964844,224.4199981689453,219.3800048828125,224.0,98070400,-0.031915861104129695,230.42493983677454,243.4754191080729,232.51993492974177,0.014887076522267772,0.060003712158588574,AAPL
2025-01-22,222.4090118408203,223.8300018310547,224.1199951171875,219.7899932861328,219.7899932861328,64126500,0.0053450393470186874,228.57674516950334,242.83915100097656,232.53555399576823,0.014952883226689449,0.052534279943662776,AAPL
2025-01-23,222.2401123046875,223.66000366210938,227.02999877929688,222.3000030517578,224.74000549316406,60234800,-0.0007594095883745045,227.05220249720983,242.2038772583008,232.54808332655165,0.014953152594270961,0.07007442912768447,AAPL
2025-01-24,221.36569213867188,222.77999877929688,225.6300048828125,221.41000366210938,224.77999877929688,54697900,-0.003934573992730894,225.56172616141183,241.40995025634766,232.55387437608508,0.01452914914523875,0.022219661081065878,AAPL
2025-01-27,228.40074157714844,229.86000061035156,232.14999389648438,223.97999572753906,224.02000427246094,94863400,0.03178021567167488,224.4247087751116,240.81674092610677,232.70598822699654,0.01583484861886913,-0.03818499564852018,AAPL
2025-01-28,236.7473907470703,238.25999450683594,240.19000244140625,230.80999755859375,230.85000610351562,75707600,0.03654387946504345,225.84420776367188,240.54414825439454,232.945659383138,0.01734090510481138,-0.08831278600071402,AAPL
2025-01-29,237.84042358398438,239.36000061035156,239.86000061035156,234.00999450683594,234.1199951171875,45486100,0.004616873847964831,227.17570277622767,240.2593012491862,233.1544647216797,0.017324028736076733,-0.12303428923001125,AAPL
2025-01-30,236.08164978027344,237.58999633789062,240.7899932861328,237.2100067138672,238.6699981689453,55658300,-0.007394764006926291,229.29786028180803,239.91019795735676,233.253515625,0.017359207719239857,-0.1004472833786425,AAPL
2025-01-31,234.5017547607422,236.0,247.19000244140625,233.44000244140625,247.19000244140625,100959800,-0.0066921551124439205,231.025394984654,239.41204732259115,233.34240112304687,0.017207629285821847,-0.09222336591792446,AAPL
2025-02-03,226.56246948242188,228.00999450683594,231.8300018310547,225.6999969482422,229.99000549316406,73063300,-0.033855973855805965,231.64287458147322,238.5684366861979,233.36215142144098,0.01801210961624169,-0.06616434080877431,AAPL
2025-02-04,231.3220977783203,232.8000030517578,233.1300048828125,226.64999389648438,227.25,45067300,0.021008017377157406,233.06521824428015,238.0633310953776,233.42486097547743,0.018210212909061878,-0.07441303304600777,AAPL
2025-02-05,230.99417114257812,232.47000122070312,232.6699981689453,228.27000427246094,228.52999877929688,39620300,-0.0014176191504905455,233.43570818219865,237.48966318766276,233.49495510525173,0.018131947869174863,-0.07800833296231302,AAPL
2025-02-06,231.73941040039062,233.22000122070312,233.8000030517578,230.42999267578125,231.2899932861328,29925300,0.0032262253810400043,232.72028241838728,236.78516438802083,233.5606472439236,0.017726763316182337,-0.06307359701286752,AAPL
2025-02-07,226.18490600585938,227.6300048828125,234.0,227.25999450683594,232.60000610351562,39707200,-0.023968751732536098,231.05520847865515,235.86968078613282,233.5616451687283,0.01810393490988078,-0.029246277504251128,AAPL
2025-02-10,226.45347595214844,227.64999389648438,230.58999633789062,227.1999969482422,229.57000732421875,33115600,0.0011873911085920064,229.67975507463728,234.86610158284506,233.50816836886935,0.01790371812488932,-0.017131627524155424,AAPL
2025-02-11,231.3973388671875,232.6199951171875,235.22999572753906,228.1300048828125,228.1999969482422,53718400,0.021831693659159157,229.23626708984375,234.00016021728516,233.58450656467014,0.018476283933730082,-0.0476743069634159,AAPL
2025-02-12,235.62501525878906,236.8699951171875,236.9600067138672,230.67999267578125,231.1999969482422,45243300,0.018270203159199028,230.53091648646765,233.3887481689453,233.70153283013238,0.018789093775033197,-0.05496686584525334,AAPL
2025-02-13,240.26051330566406,241.52999877929688,242.33999633789062,235.57000732421875,236.91000366210938,53614100,0.01967319998593431,231.8078329903739,233.04413553873698,233.88230641682944,0.019087776622041346,-0.09783456614508346,AAPL
2025-02-14,243.3143768310547,244.60000610351562,245.5500030517578,240.99000549316406,241.25,40896200,0.012710634316781988,233.56786237444197,232.8602742513021,234.0845494588216,0.01922029617323049,-0.09186427240540507,AAPL
2025-02-18,243.18505859375,244.47000122070312,245.17999267578125,241.83999633789062,244.14999389648438,48822500,-0.0005314862154425226,235.2029549734933,232.88971252441405,234.34171108669705,0.018599492113324494,-0.08704538312956911,AAPL
2025-02-19,243.5829620361328,244.8699951171875,246.00999450683594,243.16000366210938,244.66000366210938,32204200,0.0016362166519758858,237.68839154924666,232.94864400227866,234.5582978990343,0.01859586588066387,-0.08567807979890063,AAPL
2025-02-20,244.5379180908203,245.8300018310547,246.77999877929688,244.2899932861328,244.94000244140625,32316900,0.003920455054429617,240.27188328334265,232.9850875854492,234.74391801622178,0.018569892375759588,-0.17345317498019008,AAPL
2025-02-21,244.25938415527344,245.5500030517578,248.69000244140625,245.22000122070312,245.9499969482422,53197400,-0.0011390214561466383,242.10931832449776,233.10465596516926,234.9319574991862,0.018440969902748544,-0.23282418308643993,AAPL
2025-02-24,245.80123901367188,247.10000610351562,248.86000061035156,244.4199981689453,244.92999267578125,51326400,0.006312366928012514,243.5630645751953,233.25938975016277,235.153561062283,0.01846852365655302,-0.2656414525449706,AAPL
2025-02-25,245.74154663085938,247.0399932861328,250.0,244.91000366210938,248.0,48013300,-0.00024284817705566564,244.3460693359375,233.60589548746745,235.33314463297526,0.017862844820215374,-0.30205630354653157,AAPL
2025-02-26,239.09666442871094,240.36000061035156,244.97999572753906,239.1300048828125,244.3300018310547,44433600,-0.027040125258632197,243.74353899274553,233.8120539347331,235.41077372233073,0.0184965460639265,-0.1726992906382928,AAPL
2025-02-27,236.05276489257812,237.3000030517578,242.4600067138672,237.05999755859375,239.41000366210938,41153600,-0.012730832290805072,242.72463989257812,233.95384521484374,235.47741071912978,0.018639245384927193,-0.1975559203343462,AAPL
2025-02-28,240.56887817382812,241.83999633789062,242.08999633789062,230.1999969482422,236.9499969482422,56833400,0.019131795737724833,242.29405648367745,234.09414571126302,235.59014621310763,0.018620477722873334,-0.1806566086017678,AAPL
2025-03-03,236.77890014648438,238.02999877929688,244.02999877929688,236.11000061035156,241.7899932861328,47184000,-0.015754232451486216,241.18562534877233,234.4264124552409,235.62933976915147,0.01723410390318427,-0.1491828409422059,AAPL
2025-03-04,234.68994140625,235.92999267578125,240.07000732421875,234.67999267578125,237.7100067138672,53798100,-0.008822402413990571,239.81856209891183,234.6320785522461,235.62900068495009,0.017297787333705635,-0.14322043816122088,AAPL
2025-03-05,234.50096130371094,235.74000549316406,236.5500030517578,229.22999572753906,235.4199981689453,47227600,-0.0008052330722259082,238.20423671177454,235.0745590209961,235.63339928521052,0.016148738205997756,-0.17591418153850258,AAPL
2025-03-06,234.09310913085938,235.3300018310547,237.86000061035156,233.16000366210938,234.44000244140625,45170400,-0.0017392345454965152,236.54017421177454,235.46402893066406,235.68951127794054,0.01615099481077412,-0.16296260228610893,AAPL
2025-03-07,237.81346130371094,239.07000732421875,241.3699951171875,234.75999450683594,235.11000061035156,46273600,0.01589261720118329,236.3568594796317,235.98314056396484,235.78905571831598,0.016343784805989105,-0.19203581210885123,AAPL
2025-03-10,226.28436279296875,227.47999572753906,236.16000366210938,224.22000122070312,235.5399932861328,72071200,-0.04847958752014636,234.96137346540178,236.1470962524414,235.75123528374567,0.018779988375049496,-0.12194469341807812,AAPL
2025-03-11,219.67926025390625,220.83999633789062,225.83999633789062,217.4499969482422,223.80999755859375,76137400,-0.029189390099861323,231.97714233398438,235.85638020833332,235.61807844373914,0.018621773656533835,-0.07353735873695033,AAPL
2025-03-12,215.83956909179688,216.97999572753906,221.75,214.91000366210938,220.13999938964844,62547500,-0.017478623870416543,228.98580932617188,235.15945281982422,235.43928070068358,0.017426918358654248,-0.039681131392264035,AAPL
2025-03-13,208.57789611816406,209.67999267578125,216.83999633789062,208.4199981689453,215.9499969482422,61368300,-0.03364384484359495,225.2555171421596,234.1840352376302,235.219169277615,0.018236857538316546,-0.0019075507626142851,AAPL
2025-03-14,212.36788940429688,213.49000549316406,213.9499969482422,209.5800018310547,211.25,60107600,0.018170637237541643,222.0936497279576,233.393576558431,235.0873779296875,0.018674685386727407,-0.01569155398914568,AAPL
2025-03-17,212.87521362304688,214.0,215.22000122070312,209.97000122070312,213.30999755859375,48073400,0.0023888932558169262,219.0625217982701,232.67269185384114,234.99430864122178,0.018692267136334456,-0.013037354338294227,AAPL
2025-03-18,211.57211303710938,212.69000244140625,215.14999389648438,211.49000549316406,214.16000366210938,42432400,-0.006121429375262943,215.31375776018416,232.17301330566406,234.89668613009982,0.017779658146837827,-0.0008932905127008173,AAPL
2025-03-19,214.1087188720703,215.24000549316406,218.75999450683594,213.75,214.22000122070312,54385400,0.01198932032463107,213.57438005719865,231.59923400878907,234.81136745876736,0.01744819010862867,-0.008920291146649495,AAPL
2025-03-20,212.97470092773438,214.10000610351562,217.49000549316406,212.22000122070312,213.99000549316406,48862900,-0.005296458501596657,212.61658586774553,230.99858500162762,234.72149912516275,0.01745483470584836,-0.04086875094483189,AAPL
2025-03-21,217.12277221679688,218.27000427246094,218.83999633789062,211.27999877929688,211.55999755859375,94127800,0.019476826454002172,212.7999005998884,230.51136372884113,234.62522515190972,0.01788722683505505,-0.08878903742530053,AAPL
2025-03-24,219.56983947753906,220.72999572753906,221.47999572753906,218.5800018310547,221.0,44299500,0.011270431174758455,214.37017822265625,230.29086151123047,234.55912170410156,0.01754957288592544,-0.10066596806652861,AAPL
2025-03-25,222.57395935058594,223.75,224.10000610351562,220.0800018310547,220.77000427246094,34493600,0.013681842097234664,215.82818821498327,230.1615442911784,234.5565383911133,0.01774645928079952,-0.12290493601424923,AAPL
2025-03-26,220.36563110351562,221.52999877929688,225.02000427246094,220.47000122070312,223.50999450683594,34466100,-0.009921772760450698,216.89824785505022,229.793820699056,234.529418097602,0.01731511410545203,-0.10851805879593812,AAPL
2025-03-27,222.67344665527344,223.85000610351562,224.99000549316406,220.55999755859375,221.38999938964844,37094800,0.010472665543175053,218.4841526576451,229.36210174560546,234.5181138780382,0.017065134172636075,-0.11311139826303163,AAPL
2025-03-28,216.75473022460938,217.89999389648438,223.80999755859375,217.67999267578125,221.6699981689453,39818600,-0.02658025247090634,218.8621542794364,228.57857564290364,234.40682033962673,0.01715298206996836,-0.03136117817948558,AAPL
2025-03-31,220.9624786376953,222.1300048828125,225.6199951171875,216.22999572753906,217.00999450683594,65299300,0.019412487140306967,220.00326538085938,227.83351236979166,234.377830335829,0.01741016170018073,-0.04016014919414734,AAPL
2025-04-01,222.0169219970703,223.19000244140625,223.67999267578125,218.89999389648438,219.80999755859375,36412700,0.004772047118026368,220.70242963518416,227.127907816569,234.32721371120877,0.017463552306296138,-0.047410598730551756,AAPL
2025-04-02,222.71324157714844,223.88999938964844,225.19000244140625,221.02000427246094,221.32000732421875,35905900,0.0031363356171891787,221.15148707798548,226.4322504679362,234.28146362304688,0.01747907601733164,-0.05432449958840713,AAPL
2025-04-03,202.12203979492188,203.19000244140625,207.49000549316406,201.25,205.5399932861328,103419000,-0.09245611817424748,218.2297842843192,225.0183878580729,233.998972913954,0.023879957703251388,0.04107994174963969,AAPL
2025-04-04,187.389892578125,188.3800048828125,199.8800048828125,187.33999633789062,193.88999938964844,125910900,-0.07288738641142001,213.51896449497767,223.12273813883465,233.55809122721354,0.026787568777210075,0.10974502930757524,AAPL
2025-04-07,180.50624084472656,181.4600067138672,194.14999389648438,174.6199951171875,177.1999969482422,160466300,-0.03673438112745897,207.49507795061385,220.94623819986978,233.02581990559895,0.02712115454761608,0.14147071212631102,AAPL
2025-04-08,171.51376342773438,172.4199981689453,190.33999633789062,169.2100067138672,186.6999969482422,120859500,-0.049818097008222595,201.0320826939174,218.47197875976562,232.36051042344835,0.028010038352576528,0.1736167616490838,AAPL
2025-04-09,197.80484008789062,198.85000610351562,200.61000061035156,171.88999938964844,171.9499969482422,184395900,0.15328843665210412,197.7238486153739,217.0955846150716,231.96314493815103,0.04093331400851184,0.013950496392210132,AAPL
2025-04-10,189.4191436767578,190.4199981689453,194.77999877929688,183.0,189.07000732421875,121880000,-0.042393787772871505,193.06702314104353,215.54113057454427,231.47404056125217,0.04146845297036499,0.026814812869544236,AAPL
2025-04-11,197.1085205078125,198.14999389648438,199.5399932861328,186.05999755859375,186.10000610351562,87435900,0.04059450740721626,189.4092058454241,214.0924519856771,231.04387613932292,0.042106166362911396,0.011721200609643878,AAPL
2025-04-14,201.45555114746094,202.52000427246094,212.94000244140625,201.16000366210938,211.44000244140625,101352900,0.022053996592583225,189.3139931815011,212.91500701904297,230.637060546875,0.042362551372290065,-0.009071552697497043,AAPL
2025-04-15,201.07754516601562,202.13999938964844,203.50999450683594,199.8000030517578,201.86000061035156,51343900,-0.0018763741147476143,191.26937212262834,211.79459381103516,230.1922605726454,0.04235723858836676,-0.009536935477481912,AAPL
2025-04-16,193.24891662597656,194.27000427246094,200.6999969482422,192.3699951171875,198.36000061035156,59732400,-0.03893338032138549,193.08975437709265,210.41952565511068,229.65650126139323,0.04281845737190765,0.035226168105343625,AAPL
2025-04-17,195.94468688964844,196.97999572753906,198.8300018310547,194.4199981689453,197.1999969482422,52164700,0.013949730279158024,196.57988630022322,209.14791158040364,229.1503638373481,0.042962361603328815,0.025304578594083527,AAPL
2025-04-21,192.14476013183594,193.16000366210938,193.8000030517578,189.80999755859375,193.27000427246094,46742500,-0.019392854269901894,195.77130344935827,207.62562154134113,228.60421312120226,0.042852335603319004,0.05371994645341216,AAPL
2025-04-22,198.690185546875,199.74000549316406,201.58999633789062,195.97000122070312,196.1199951171875,52976400,0.03406507370041245,197.09573800223214,206.70581563313803,228.0876207139757,0.042694969255934904,0.016751552833190964,AAPL
2025-04-23,203.52462768554688,204.60000610351562,208.0,202.8000030517578,206.0,52929200,0.024331559837067696,198.0123247419085,206.16732788085938,227.61348300509982,0.04270126974782613,-0.018117825582031788,AAPL
2025-04-24,207.27481079101562,208.3699951171875,208.8300018310547,202.94000244140625,204.88999938964844,47311000,0.018426188260926013,198.84364754813058,205.8818359375,227.1951456705729,0.04274642012242544,-0.02007293601086335,AAPL
2025-04-25,208.18002319335938,209.27999877929688,209.75,206.1999969482422,206.3699951171875,38222300,0.0043672089188706575,199.85828726632255,205.8685735066732,226.77063666449652,0.0422906095055875,-0.036151701283693716,AAPL
2025-04-28,209.03550720214844,210.13999938964844,211.5,207.4600067138672,210.0,38743100,0.004109347264288132,202.11351449148995,205.7574940999349,226.3537562052409,0.04216898157061117,-0.03428308392127477,AAPL
2025-04-29,210.09988403320312,211.2100067138672,212.24000549316406,208.3699951171875,208.69000244140625,36827600,0.00509184705173249,204.13568551199776,205.66498311360678,225.91657409667968,0.04217645792210849,-0.05761724835294313,AAPL
2025-04-30,211.38311767578125,212.5,213.5800018310547,206.6699981689453,209.3000030517578,52286500,0.006107731322571031,206.88402230398995,205.65868326822917,225.46671108669705,0.04217032594843252,-0.06135901846244374,AAPL
2025-05-01,212.1988067626953,213.32000732421875,214.55999755859375,208.89999389648438,209.0800018310547,57365700,0.00385881850870029,208.81382533482142,205.59501953125,225.0858615451389,0.04212210229839975,-0.0778754871496472,AAPL
2025-05-02,204.27069091796875,205.35000610351562,206.99000549316406,202.16000366210938,206.08999633789062,101010600,-0.037361736221225184,208.920405796596,205.3048858642578,224.59771135118274,0.042678439742547536,-0.03248026231851542,AAPL
2025-05-05,197.8446502685547,198.88999938964844,204.10000610351562,198.2100067138672,203.10000610351562,69018500,-0.031458456524213974,207.57324000767298,204.66228179931642,223.98626997205946,0.04286783245131218,-0.01505080963233918,AAPL
2025-05-06,197.4666290283203,198.50999450683594,200.64999389648438,197.02000427246094,198.2100067138672,51216500,-0.001910697305796516,206.04275512695312,203.92550811767578,223.362016805013,0.042792198815204276,-0.008423811350022126,AAPL
2025-05-07,195.21852111816406,196.25,199.44000244140625,193.25,199.1699981689453,68536700,-0.011384748507727971,204.06889997209822,203.01366017659504,222.68043535020615,0.04270660681648224,0.02554690182565178,AAPL
2025-05-08,196.4519805908203,197.49000549316406,200.0500030517578,194.67999267578125,197.72000122070312,50478900,0.006318352713622133,202.11919948032923,202.21653849283854,222.00350646972657,0.0427253543487165,0.021642873060038648,AAPL
2025-05-09,197.48654174804688,198.52999877929688,200.5399932861328,197.5399932861328,199.0,36453900,0.005266229203264583,200.13397434779577,201.376974995931,221.37594163682726,0.04267945517008939,0.010238456654127592,AAPL
2025-05-12,209.95704650878906,210.7899932861328,211.27000427246094,206.75,210.97000122070312,63775800,0.06314609922458425,199.81372288295202,201.15038553873697,220.9243655734592,0.04410004887304194,-0.04378765740208124,AAPL
2025-05-13,212.08859252929688,212.92999267578125,213.39999389648438,209.0,210.42999267578125,51909300,0.010152295700247338,200.9305659702846,200.8545893351237,220.51612531873914,0.04399071966305623,-0.05602773291984897,AAPL
2025-05-14,211.490966796875,212.3300018310547,213.94000244140625,210.5800018310547,212.42999267578125,49325800,-0.0028178117705190964,202.88003976004464,200.50372416178385,220.1737815009223,0.04398146125782199,-0.05298352009253493,AAPL
2025-05-15,210.6144561767578,211.4499969482422,212.9600067138672,209.5399932861328,210.9499969482422,45029500,-0.004144435260722168,204.75830078125,200.10043131510417,219.82710859510632,0.0439796191456577,-0.029699781110089862,AAPL
2025-05-16,210.42520141601562,211.25999450683594,212.57000732421875,209.77000427246094,212.36000061035156,54737900,-0.0008985839062412015,206.93068368094308,200.37720336914063,219.46022627088757,0.040445304972200564,-0.016283325837795015,AAPL
2025-05-19,207.9550018310547,208.77999877929688,209.47999572753906,204.25999450683594,207.91000366210938,46140500,-0.011739086232724016,208.57397242954798,201.06270701090494,219.09670037163627,0.038002797364879534,0.017530345695895955,AAPL
2025-05-20,206.04258728027344,206.86000061035156,208.47000122070312,205.02999877929688,207.6699981689453,42496600,-0.009196290225973569,209.7962646484375,201.9139185587565,218.70651550292968,0.037307627658066514,0.03234076171682765,AAPL
2025-05-21,201.2914276123047,202.08999633789062,207.0399932861328,200.7100067138672,205.1699981689453,59211800,-0.02305911477177236,208.55831909179688,202.90650736490886,218.32812720404732,0.03625537886862958,0.03889360350550164,AAPL
2025-05-22,200.56431579589844,201.36000061035156,202.75,199.6999969482422,200.7100067138672,46742400,-0.003612234385890978,206.91199384416853,202.9984898885091,217.96870947943793,0.02325420102181118,0.042957938123655115,AAPL
2025-05-23,194.49838256835938,195.27000427246094,197.6999969482422,193.4600067138672,193.6699981689453,78432900,-0.030244329373685708,204.48448181152344,203.1677978515625,217.55425788031684,0.02257325291558029,0.08127204599547211,AAPL
2025-05-27,199.4188690185547,200.2100067138672,200.74000549316406,197.42999267578125,198.3000030517578,56288500,0.025298341226390075,202.88511221749442,203.24480946858725,217.1438023885091,0.021810919445293345,0.06093595472991087,AAPL
2025-05-28,199.62803649902344,200.4199981689453,202.72999572753906,199.89999389648438,200.58999633789062,45339700,0.0010488851004830657,201.34266008649553,203.18389231363932,216.8417705959744,0.021432901159653715,0.053587440569974776,AAPL
2025-05-29,199.15988159179688,199.9499969482422,203.80999755859375,198.50999450683594,203.5800018310547,51396800,-0.002345136061230768,200.08621433803015,203.1199701944987,216.51554751926,0.021434424439026403,0.043360852188093046,AAPL
2025-05-30,200.05633544921875,200.85000610351562,201.9600067138672,196.77999877929688,199.3699951171875,70819900,0.0045011768949494435,199.23103550502233,203.34688415527344,216.2803229437934,0.020149222312380696,0.04112527202573246,AAPL
2025-06-02,200.90298461914062,201.6999969482422,202.1300048828125,200.1199951171875,200.27999877929688,35423300,0.0042320537763562704,199.17554364885603,203.5121607462565,216.04136708577474,0.020017347337492202,0.041943425898907094,AAPL
2025-06-03,202.46676635742188,203.27000427246094,203.77000427246094,200.9600067138672,201.35000610351562,46381600,0.007783765588379676,199.44732230050224,203.8562276204427,215.82166324191624,0.01967345008236171,0.03320714315967721,AAPL
