Date,Adj Close,Close,High,Low,Open,Volume,daily_return,ma_7,ma_30,ma_90,volatility_30,target_30d_return,ticker
,AMZN,AMZN,AMZN,AMZN,AMZN,AMZN,,,,,,,
2022-05-11,105.37200164794922,105.37200164794922,110.15599822998047,104.42849731445312,108.10350036621094,109704000,-0.03203225709010704,114.91164289202008,142.8117998758952,150.38906665378147,0.03578482371535757,0.10522716910673058,AMZN
2022-05-12,106.93049621582031,106.93049621582031,110.78050231933594,102.40550231933594,102.75,132026000,0.014790404884573283,112.43692779541016,140.83278325398763,149.6837999979655,0.036190349305805926,0.058818627308981686,AMZN
2022-05-13,113.05500030517578,113.05500030517578,113.18399810791016,107.80000305175781,109.06900024414062,93684000,0.05727556035084924,110.59785679408482,139.16803334554035,149.07861107720268,0.03842678294027869,-0.05001989088525072,AMZN
2022-05-16,110.81050109863281,110.81050109863281,113.99250030517578,110.35399627685547,113.0999984741211,74566000,-0.01985316173972196,109.79835728236607,137.409716796875,148.48365003797744,0.03835218321638389,-0.01706068387873061,AMZN
2022-05-17,115.36849975585938,115.36849975585938,115.80000305175781,111.27649688720703,113.2750015258789,76448000,0.04113327357999652,109.88350023542132,135.64378356933594,147.95158894856772,0.03885212431621524,-0.0793847600581421,AMZN
2022-05-18,107.11250305175781,107.11250305175781,112.85299682617188,106.2490005493164,111.43949890136719,108380000,-0.07156196640827217,109.64400046212333,133.74570058186848,147.3355723063151,0.040297304718478075,0.0228497555103655,AMZN
2022-05-19,107.31900024414062,107.31900024414062,110.03399658203125,106.19300079345703,106.28050231933594,88142000,0.0019278532990965047,109.4240003313337,132.03113403320313,146.7337168375651,0.04022509323734661,0.0575946453265328,AMZN
2022-05-20,107.59100341796875,107.59100341796875,109.89800262451172,105.0094985961914,109.56849670410156,99500000,0.0025345295167615856,109.74100058419364,130.35801747639974,146.09181688096788,0.04030080800775874,0.06263533380115738,AMZN
2022-05-23,107.55699920654297,107.55699920654297,108.81900024414062,103.94999694824219,108.46099853515625,107798000,-0.0003160506951839226,109.83050101143974,128.7945676167806,145.45126130845813,0.040315483470782086,0.08156607835130125,AMZN
2022-05-24,104.0999984741211,104.0999984741211,105.4000015258789,101.26000213623047,104.0250015258789,102934000,-0.03214110432537598,108.55121503557477,127.22716776529948,144.81666124131945,0.04045507414218248,0.10989435743603959,AMZN
2022-05-25,106.7750015258789,106.7750015258789,108.17500305175781,103.6500015258789,103.65550231933594,93120000,0.025696475417555487,107.97471509660993,125.76008427937826,144.20151680840385,0.04099387731663162,0.046593288719507076,AMZN
2022-05-26,111.07749938964844,111.07749938964844,112.66549682617188,107.45349884033203,107.97000122070312,93002000,0.04029499229486544,107.36171504429409,124.27796758015951,143.66996129353842,0.04133445665236302,-0.016722542181377364,AMZN
2022-05-27,115.14649963378906,115.14649963378906,115.18699645996094,112.62799835205078,113.55000305175781,93660000,0.036632083603781895,108.50942884172711,123.05930099487304,143.21271133422852,0.04210785317998693,-0.041221384262707716,AMZN
2022-05-31,120.20950317382812,120.20950317382812,121.99449920654297,115.67500305175781,116.27999877929688,144634000,0.04397010379074828,110.3509292602539,121.973450978597,142.86317808363174,0.04309787433470987,-0.07969008828326807,AMZN
2022-06-01,121.68399810791016,121.68399810791016,125.17900085449219,120.62249755859375,122.25599670410156,127528000,0.012266042992872705,112.36421421595982,120.75906778971354,142.6303002251519,0.042533359239028144,-0.06684523176941526,AMZN
2022-06-02,125.51100158691406,125.51100158691406,125.61000061035156,120.04499816894531,121.68399810791016,100560000,0.03145034300738625,114.92907169886998,119.80950113932292,142.418822394477,0.04297523034044487,-0.09362525437697378,AMZN
2022-06-03,122.3499984741211,122.3499984741211,124.4000015258789,121.04650115966797,124.19999694824219,97604000,-0.025185068024527135,117.53621455601284,118.94463424682617,142.22286690606012,0.0427328664421888,-0.033837347292849485,AMZN
2022-06-06,124.79000091552734,124.79000091552734,128.99000549316406,123.80999755859375,125.25,135269000,0.01994280728922404,120.10978589739118,118.29263407389323,142.06639472113716,0.042784037193328774,-0.0161872286051854,AMZN
2022-06-07,123.0,123.0,124.0999984741211,120.62999725341797,122.01000213623047,85156700,-0.014344105316090427,121.81300027029855,117.52350056966146,141.88153364393446,0.04271707897679739,0.013252010190389907,AMZN
2022-06-08,121.18000030517578,121.18000030517578,123.75,120.75,122.61000061035156,64926600,-0.014796745486375773,122.6749289376395,116.9164670308431,141.62822257147894,0.042062567871643475,0.010232694014249644,AMZN
2022-06-09,116.1500015258789,116.1500015258789,121.30000305175781,116.0999984741211,119.98999786376953,67029800,-0.04150848957443054,122.09500013078961,116.1825668334961,141.25685034857855,0.04261789226455728,0.042961668516704465,AMZN
2022-06-10,109.6500015258789,109.6500015258789,114.5,109.05000305175781,113.41999816894531,87266000,-0.05596211721574329,120.37585776192802,115.01768366495769,140.79525595770943,0.04246420089400752,0.047058786693195076,AMZN
2022-06-13,103.66999816894531,103.66999816894531,106.54000091552734,101.86000061035156,104.19000244140625,99277700,-0.05453719355874542,117.2557144165039,114.33063354492188,140.2736725701226,0.035576284470621104,0.1668756955466031,AMZN
2022-06-14,102.30999755859375,102.30999755859375,104.87999725341797,101.43000030517578,104.19000244140625,69728800,-0.013118555361940287,114.39285714285714,113.590966796875,139.86772249009874,0.035576650622155516,0.19519110250458316,AMZN
2022-06-15,107.66999816894531,107.66999816894531,109.05999755859375,103.52999877929688,103.86000061035156,85011100,0.052389802934770247,111.94714246477399,113.03818333943686,139.31250584920247,0.03713412089702217,0.25336676180203654,AMZN
2022-06-16,103.66000366210938,103.66000366210938,104.58000183105469,102.01000213623047,104.47000122070312,82186300,-0.037243378610853584,109.18428584507534,112.29590021769205,138.70944476657445,0.03745984518205575,0.3060968030733078,AMZN
2022-06-17,106.22000122070312,106.22000122070312,106.9800033569336,102.51000213623047,102.80000305175781,99772100,0.02469609751257895,107.0471431187221,111.95633366902669,138.09618369208442,0.03543393306935375,0.2630389956723189,AMZN
2022-06-21,108.68000030517578,108.68000030517578,111.62999725341797,103.55999755859375,108.19999694824219,70901200,0.023159471438541024,105.98000008719308,111.75325037638346,137.5127448187934,0.03566403987367971,0.2837688984236819,AMZN
2022-06-22,108.94999694824219,108.94999694824219,112.12999725341797,107.0199966430664,107.43000030517578,60040100,0.0024843268523027096,105.87999943324498,111.75861689249675,136.95659484863282,0.03434382245678817,0.30858202219085973,AMZN
2022-06-23,112.44000244140625,112.44000244140625,113.0,107.93000030517578,110.38999938964844,64345300,0.0320330939965241,107.13285718645368,111.87798360188802,136.50266706678602,0.03481933737595294,0.2522234079915666,AMZN
2022-06-24,116.45999908447266,116.45999908447266,116.70999908447266,111.43000030517578,112.37999725341797,69867600,0.03575237064906034,109.15428597586495,112.24758351643881,136.0725891960992,0.0347562509175972,0.19706341025290786,AMZN
2022-06-27,113.22000122070312,113.22000122070312,117.9800033569336,112.69999694824219,117.08999633789062,62133200,-0.027820692849391482,109.9471435546875,112.45723368326823,135.59158367580838,0.035165342523698115,0.21736442629406572,AMZN
2022-06-28,107.4000015258789,107.4000015258789,114.8499984741211,107.04000091552734,113.5,74942900,-0.05140434227234392,110.48142896379743,112.26873372395833,135.0282448662652,0.03492596070309549,0.32858473383749365,AMZN
2022-06-29,108.91999816894531,108.91999816894531,110.98999786376953,106.91000366210938,107.37999725341797,66375300,0.014152668728781626,110.86714281354632,112.20571695963541,134.52010599772134,0.034848563386099526,0.2912229320046662,AMZN
2022-06-30,106.20999908447266,106.20999908447266,108.18000030517578,102.5199966430664,108.11000061035156,97679400,-0.024880638358707907,110.51428549630302,111.90043360392252,134.00464486016168,0.03424185014404767,0.3515676893809905,AMZN
2022-07-01,109.55999755859375,109.55999755859375,109.75,105.8499984741211,106.29000091552734,73021200,0.03154127203651247,110.60142844063895,111.9820167541504,133.55311711629233,0.03214825894123446,0.30686378118260915,AMZN
2022-07-05,113.5,113.5,114.08000183105469,106.31999969482422,107.5999984741211,76583700,0.035962053023039786,110.7528566632952,112.1880500793457,133.20503938463,0.03276735442831218,0.27559470290129395,AMZN
2022-07-06,114.33000183105469,114.33000183105469,115.4800033569336,112.01000213623047,113.20999908447266,66958900,0.007312791463036872,110.44857134137835,112.4126833597819,132.7936171637641,0.032779691926504304,0.24289341229519645,AMZN
2022-07-07,116.33000183105469,116.33000183105469,116.98999786376953,113.48999786376953,113.8499984741211,57872300,0.01749322109655349,110.89285714285714,112.70511678059896,132.37741165161134,0.03288709887412863,0.2232442260116112,AMZN
2022-07-08,115.54000091552734,115.54000091552734,116.58000183105469,113.69000244140625,114.5999984741211,45719700,-0.006791033294013538,112.0557141985212,113.0864501953125,131.9549338446723,0.032269114680391814,0.1963821588386574,AMZN
2022-07-11,111.75,111.75,114.30000305175781,110.87000274658203,114.08000183105469,53487600,-0.03280250030721621,112.46000017438617,113.25228347778321,131.51724497477213,0.032676987565927934,0.19212529056557615,AMZN
2022-07-12,109.22000122070312,109.22000122070312,113.2300033569336,108.33999633789062,112.16000366210938,54280300,-0.022639810105564928,112.89000047956195,113.1903668721517,131.0413282606337,0.03215219464148712,0.2234022488900984,AMZN
2022-07-13,110.4000015258789,110.4000015258789,111.77999877929688,106.01000213623047,107.02999877929688,61353800,0.010803884746268588,113.01000104631696,113.03215026855469,130.62467829386392,0.0314744724875639,0.21195653263096825,AMZN
2022-07-14,110.62999725341797,110.62999725341797,111.18000030517578,107.58000183105469,110.23999786376953,51163100,0.002083294604712016,112.6000006539481,112.71283340454102,130.2356670803494,0.030322392483068863,0.24089308675324528,AMZN
2022-07-15,113.55000305175781,113.55000305175781,115.58999633789062,111.58999633789062,112.5,84317800,0.02639434033114041,112.4885722569057,112.4417002360026,129.97007819281683,0.030664480433772914,0.15147509014510696,AMZN
2022-07-18,113.76000213623047,113.76000213623047,117.23999786376953,113.1500015258789,115.0,59115400,0.0018493974357440823,112.12142944335938,112.05000025431315,129.72280604044596,0.030025734460699855,0.1409106087278904,AMZN
2022-07-19,118.20999908447266,118.20999908447266,118.94999694824219,114.02999877929688,115.69999694824219,60990000,0.03911741266419111,112.5028577532087,111.9120002746582,129.48870595296225,0.03066344881132098,0.08899413522157995,AMZN
2022-07-20,122.7699966430664,122.7699966430664,123.4800033569336,118.31999969482422,118.62000274658203,71268300,0.03857539627705431,114.07714298793248,111.8446667989095,129.22151141696506,0.03127829953119817,0.032581250381795934,AMZN
2022-07-21,124.62999725341797,124.62999725341797,124.8499984741211,121.26000213623047,123.19999694824219,60239900,0.01515028639903937,116.27857099260602,111.8990000406901,128.98935021294488,0.03127764294523466,0.02559578361315218,AMZN
2022-07-22,122.41999816894531,122.41999816894531,125.5,121.3499984741211,125.01000213623047,51463800,-0.017732481209791984,117.99571337018695,111.94033330281576,128.77342800564236,0.03133303807652047,0.04157820653011868,AMZN
2022-07-25,121.13999938964844,121.13999938964844,123.63999938964844,120.02999877929688,122.69999694824219,50221300,-0.010455798059483823,119.4971422467913,112.1066665649414,128.48202243381076,0.0303851742826009,0.041026921295558516,AMZN
2022-07-26,114.80999755859375,114.80999755859375,118.1500015258789,114.52999877929688,115.79000091552734,67075100,-0.052253606265046715,119.67714146205357,112.27866643269857,128.05653347439235,0.030148478008792116,0.12777631287256508,AMZN
2022-07-27,120.97000122070312,120.97000122070312,121.9000015258789,117.16000366210938,117.30999755859375,61582000,0.0536538959419941,120.70714133126395,112.85533320109049,127.65354461669922,0.029621603079585244,0.07315868408870463,AMZN
2022-07-28,122.27999877929688,122.27999877929688,122.83999633789062,118.08000183105469,121.56999969482422,82245500,0.010829110898360028,121.28856985909599,113.52099990844727,127.22053900824653,0.029422278192620575,0.08987574094599005,AMZN
2022-07-29,134.9499969482422,134.9499969482422,137.64999389648438,132.41000366210938,134.89999389648438,148892900,0.10361464095050721,123.02856990269252,114.43033320109049,126.9256334092882,0.03340174300270654,0.011115228113530717,AMZN
2022-08-01,135.38999938964844,135.38999938964844,138.8300018310547,133.50999450683594,134.9600067138672,76846900,0.0032604850044939404,124.56571306501117,115.4879997253418,126.59786665174695,0.03230688855918156,-0.06329861683624072,AMZN
2022-08-02,134.16000366210938,134.16000366210938,137.44000244140625,134.08999633789062,134.72000122070312,61922400,-0.009084834427092181,126.24285670689174,116.41933314005534,126.27288886176215,0.03234542058284942,-0.041815745805141136,AMZN
2022-08-03,139.52000427246094,139.52000427246094,140.49000549316406,136.0500030517578,136.2100067138672,71827800,0.039952299225118226,128.86857169015067,117.44733327229818,126.0047832912869,0.032753954489378345,-0.09489682545671652,AMZN
2022-08-04,142.57000732421875,142.57000732421875,143.55999755859375,139.5500030517578,140.5800018310547,70585000,0.021860686341448332,132.83428737095423,118.56800028483073,125.75807783338759,0.03281464433325211,-0.13354848542318543,AMZN
2022-08-05,140.8000030517578,140.8000030517578,142.86000061035156,139.60000610351562,140.10000610351562,50686900,-0.012414983387324718,135.66714477539062,119.51333363850911,125.44485015869141,0.03276639289262225,-0.11463067499874557,AMZN
2022-08-08,139.41000366210938,139.41000366210938,144.22999572753906,138.2899932861328,142.0500030517578,52229000,-0.009872154542052702,138.11428833007812,120.27833379109701,125.112572394477,0.032493274171149916,-0.12352055640454296,AMZN
2022-08-09,137.8300018310547,137.8300018310547,138.9499969482422,136.2100067138672,138.0500030517578,40434700,-0.011333489631663474,138.52571759905135,121.09866714477539,124.79622802734374,0.03202861667080027,-0.13995502183314257,AMZN
2022-08-10,142.69000244140625,142.69000244140625,144.60000610351562,141.00999450683594,142.89999389648438,54773800,0.0352608325167747,139.5685751778739,122.2750005086263,124.57058919270834,0.03044223746538028,-0.17786813686007508,AMZN
2022-08-11,140.63999938964844,140.63999938964844,144.49000549316406,139.75999450683594,143.86000061035156,44867300,-0.014366830308238487,140.4942888532366,123.33233388264973,124.31592254638672,0.030750330158485713,-0.1909840779786618,AMZN
2022-08-12,143.5500030517578,143.5500030517578,143.57000732421875,140.1199951171875,142.0500030517578,47643500,0.020691152408548463,141.07000296456474,124.57700068155924,124.0404059516059,0.030138299447750466,-0.19784048012621158,AMZN
2022-08-15,143.17999267578125,143.17999267578125,143.75999450683594,141.49000549316406,142.8000030517578,39014600,-0.0025775713556979163,141.15714372907365,125.69766718546549,123.80846150716145,0.029960997103181314,-0.2009358184478961,AMZN
2022-08-16,144.77999877929688,144.77999877929688,146.57000732421875,142.0,143.91000366210938,59102900,0.0111747882760318,141.72571454729353,126.74033381144206,123.6531726413303,0.02954163981624198,-0.18490120782411856,AMZN
2022-08-17,142.10000610351562,142.10000610351562,143.3800048828125,140.77999877929688,142.69000244140625,48149800,-0.01851079360669594,142.11000061035156,127.66600062052409,123.47890048556857,0.02995255359732055,-0.1921182398252015,AMZN
2022-08-18,142.3000030517578,142.3000030517578,142.77000427246094,140.3800048828125,141.32000732421875,37458700,0.0014074379989574837,142.74857221330916,128.53166732788085,123.34378390842014,0.029915107898059245,-0.20590303881512018,AMZN
2022-08-19,138.22999572753906,138.22999572753906,141.11000061035156,137.91000366210938,140.47000122070312,47792800,-0.02860159688639219,142.1114283970424,129.28800048828126,123.20053948296442,0.030524700972526735,-0.161687037292358,AMZN
2022-08-22,133.22000122070312,133.22000122070312,136.32000732421875,132.85000610351562,135.72000122070312,50461500,-0.036243902638259384,141.05142865862166,130.00366719563803,123.00534498426649,0.03068329451942055,-0.09105243035328414,AMZN
2022-08-23,133.6199951171875,133.6199951171875,134.99000549316406,132.9499969482422,133.41000366210938,36252100,0.003002506326521548,139.63285609654017,130.81700032552084,122.76177825927735,0.03020213763426052,-0.09482112432225032,AMZN
2022-08-24,133.8000030517578,133.8000030517578,135.47000122070312,132.10000610351562,132.75,38627000,0.001347163157822573,138.29285757882255,131.59700037638348,122.56281721327039,0.030212299445001124,-0.10089685868525577,AMZN
2022-08-25,137.27999877929688,137.27999877929688,137.4199981689453,134.27999877929688,135.25999450683594,37496300,0.026008936084948253,137.22142900739397,132.48533376057944,122.39053938123915,0.03039710074324379,-0.16550117586488144,AMZN
2022-08-26,130.75,130.75,137.8300018310547,130.5,136.5500030517578,53322700,-0.04756700784791723,135.5999995640346,133.0586669921875,122.08647833930121,0.03179229619698391,-0.13063098914764582,AMZN
2022-08-29,129.7899932861328,129.7899932861328,131.9499969482422,128.77000427246094,129.89999389648438,48101600,-0.007342307563037775,133.81285531180245,133.59300003051757,121.81750047471789,0.03186981116204539,-0.1354495347180087,AMZN
2022-08-30,128.72999572753906,128.72999572753906,132.07000732421875,126.8499984741211,131.25,49203000,-0.008167020675137082,132.4557124546596,133.94366658528645,121.6001003689236,0.03128226881398942,-0.12297051757202582,AMZN
2022-08-31,126.7699966430664,126.7699966430664,130.58999633789062,126.73999786376953,129.4499969482422,53648700,-0.015225659516225343,131.53428322928292,134.0769999186198,121.40476693047418,0.030728029787614082,-0.11232940160015681,AMZN
2022-09-01,127.81999969482422,127.81999969482422,128.02000427246094,123.66000366210938,126.0,56636100,0.008282741023605045,130.7057124546596,134.18333333333334,121.20194464789496,0.030648428150837837,-0.16366764370906517,AMZN
2022-09-02,127.51000213623047,127.51000213623047,131.3800048828125,126.38999938964844,129.5,57429800,-0.002425266463259912,129.80714089529855,134.35300013224284,121.0699334886339,0.030447638392566433,-0.10759941173904775,AMZN
2022-09-06,126.11000061035156,126.11000061035156,128.6199951171875,124.73999786376953,127.91999816894531,43888600,-0.010979542799969155,128.2114268711635,134.5186668395996,120.93596674601237,0.03045505532704815,-0.07731345613204033,AMZN
2022-09-07,129.47999572753906,129.47999572753906,129.82000732421875,125.4000015258789,126.12000274658203,47900300,0.026722663554652915,128.02999768938338,135.00766677856444,120.7680056254069,0.029002082964473447,-0.11129129215479261,AMZN
2022-09-08,129.82000732421875,129.82000732421875,130.27999877929688,127.0999984741211,127.72000122070312,43988500,0.0026259778181887405,128.03428540910994,135.30266698201498,120.82954457600911,0.027470436750355716,-0.11223237176247347,AMZN
2022-09-09,133.27000427246094,133.27000427246094,133.69000244140625,130.75999450683594,130.91000366210938,49387600,0.02657523304266962,128.68285805838448,135.66900049845378,120.92698906792535,0.027779586150733993,-0.10467475148508987,AMZN
2022-09-12,136.4499969482422,136.4499969482422,136.49000549316406,134.0,134.10000610351562,53826900,0.023861278411006825,130.06571524483817,135.71900049845377,121.06250567966038,0.02077543192400677,-0.1218761277050524,AMZN
2022-09-13,126.81999969482422,126.81999969482422,131.39999389648438,126.2699966430664,131.00999450683594,72694000,-0.0705752837581286,129.92285810198103,135.43333384195964,121.0724112616645,0.024488361888449887,-0.04904590155867172,AMZN
2022-09-14,128.5500030517578,128.5500030517578,128.83999633789062,126.33000183105469,127.36000061035156,45316800,0.01364140798846103,130.07142966134208,135.24633382161457,121.20733354356554,0.02460913631853272,-0.10027226047173698,AMZN
2022-09-15,126.27999877929688,126.27999877929688,130.3699951171875,125.5,127.37999725341797,52887200,-0.0176585314552421,130.09571511404855,134.80500030517578,121.3351946512858,0.02351661961927846,-0.12131770543963505,AMZN
2022-09-16,123.52999877929688,123.52999877929688,123.87000274658203,120.69999694824219,122.77999877929688,115667800,-0.021777003694830932,129.24571555001395,134.1703333536784,121.4989835103353,0.02327118050344024,-0.16287537696114285,AMZN
2022-09-19,124.66000366210938,124.66000366210938,124.70999908447266,121.80000305175781,122.16000366210938,47279700,0.009147615105472573,128.5085721697126,133.63233337402343,121.67455020480686,0.023351181470573888,-0.17824483048252093,AMZN
2022-09-20,122.19000244140625,122.19000244140625,124.4000015258789,121.13999938964844,123.3499984741211,47698400,-0.019813903001303146,126.92571476527623,133.05833333333334,121.86141688028971,0.023510584919704793,-0.2078729930303338,AMZN
2022-09-21,118.54000091552734,118.54000091552734,123.76000213623047,118.44999694824219,122.48999786376953,58498900,-0.02987152347123645,124.36714390345982,132.41533330281575,121.99041137695312,0.023946462672260537,-0.22287833613037034,AMZN
2022-09-22,117.30999755859375,117.30999755859375,118.79000091552734,116.26000213623047,117.08000183105469,55229200,-0.010376272544574294,123.00857216971261,131.56933314005533,122.03768912421333,0.022737318326582125,-0.2387690315383867,AMZN
2022-09-23,113.77999877929688,113.77999877929688,116.05000305175781,112.05999755859375,116.0,65126700,-0.03009120154088929,120.89857155936105,130.67399978637695,122.07068354288737,0.02310901173246776,-0.20038667311457126,AMZN
2022-09-26,115.1500015258789,115.1500015258789,117.33999633789062,113.12999725341797,113.30000305175781,62723300,0.012040804722097675,119.30857195172992,129.72733306884766,122.06825578477648,0.02280644131910833,-0.21380809744104878,AMZN
2022-09-27,114.41000366210938,114.41000366210938,118.31999969482422,113.05000305175781,117.19999694824219,60094700,-0.006426381710496365,118.00571550641742,128.7683334350586,122.1493391248915,0.022791144816928382,-0.2135302816467488,AMZN
2022-09-28,118.01000213623047,118.01000213623047,118.69999694824219,113.80000305175781,114.37999725341797,55763800,0.0314657666190894,117.05571528843471,127.87600021362304,122.2681280348036,0.02364032643344342,-0.27006187754993327,AMZN
2022-09-29,114.80000305175781,114.80000305175781,116.06999969482422,113.05999755859375,115.5999984741211,58969700,-0.027201076403397084,116.00000108991351,126.96600011189778,122.34822803073459,0.023844713596687356,-0.1582753076247555,AMZN
2022-09-30,113.0,113.0,116.91999816894531,112.83999633789062,114.08000183105469,59479600,-0.015679468675155683,115.20857238769531,125.98933334350586,122.40870581732855,0.023845803330968855,-0.10805308924312085,AMZN
2022-10-03,115.87999725341797,115.87999725341797,116.91000366210938,112.44999694824219,113.58000183105469,50941900,0.025486701357681163,115.00428662981305,125.2443333943685,122.53959469265408,0.02422739686692406,-0.1500690352245888,AMZN
2022-10-04,121.08999633789062,121.08999633789062,123.0,119.79000091552734,119.88999938964844,62812600,0.04496029692750958,116.04857199532645,124.83999989827474,122.69865019056532,0.025199386893795656,-0.18292174883445222,AMZN
2022-10-05,120.94999694824219,120.94999694824219,121.75,117.69000244140625,118.58000183105469,48217500,-0.001156159830559278,116.87714276994977,124.41766662597657,122.80834460788303,0.025177414438157075,-0.1970235204872114,AMZN
2022-10-06,120.30000305175781,120.30000305175781,121.52999877929688,119.5,120.7699966430664,42253800,-0.00537407121029132,117.71857125418526,123.96766662597656,122.86560575697158,0.025167248454583548,-0.21155447990044618,AMZN
2022-10-07,114.55999755859375,114.55999755859375,118.16999816894531,113.87999725341797,118.0,54678000,-0.04771409266460691,117.22571345738002,123.21033325195313,122.80283347235786,0.02580505748968417,-0.17824719451919624,AMZN
2022-10-10,113.66999816894531,113.66999816894531,116.25,112.43000030517578,115.0999984741211,42339700,-0.007768849586377025,117.0642841884068,122.64099985758463,122.71378902859158,0.024571314071636832,-0.1865927634919874,AMZN
2022-10-11,112.20999908447266,112.20999908447266,115.4800033569336,110.38999938964844,112.70999908447266,56432200,-0.012844190270001499,116.95142691476005,122.05500005086263,122.5660001118978,0.024614831712904704,-0.169414511107157,AMZN
2022-10-12,112.9000015258789,112.9000015258789,113.83000183105469,111.4000015258789,112.48999786376953,45728700,0.006149206372302096,116.52571323939732,121.52733357747395,122.46100014580621,0.024680852608674905,-0.16625335711938394,AMZN
2022-10-13,112.52999877929688,112.52999877929688,113.44000244140625,105.3499984741211,107.87999725341797,86868100,-0.00327726077574253,115.3028564453125,121.05266698201497,122.32477789984809,0.024590810131260077,-0.1699102046085259,AMZN
2022-10-14,106.9000015258789,106.9000015258789,114.95999908447266,106.5999984741211,114.0999984741211,67737300,-0.05003107895219994,113.29571424211774,120.3553337097168,122.14588902791341,0.025884261487586505,-0.12114129460046563,AMZN
2022-10-17,113.79000091552734,113.79000091552734,114.19000244140625,110.08999633789062,110.11000061035156,62782000,0.06445275295885255,112.36571393694196,119.89800033569335,122.06377792358398,0.02887529602795507,-0.18780211419847137,AMZN
2022-10-18,116.36000061035156,116.36000061035156,119.5199966430664,114.79000091552734,119.05999755859375,65607400,0.022585461588422673,112.62285723005023,119.57300033569337,122.0661112467448,0.02921902441979017,-0.1703334444040988,AMZN
2022-10-19,115.06999969482422,115.06999969482422,116.58999633789062,113.22000122070312,114.70999908447266,47198100,-0.01108629175628062,112.82285744803292,119.09266713460286,122.12633344862196,0.02873706177777231,-0.17007038973429722,AMZN
2022-10-20,115.25,115.25,118.23999786376953,113.51000213623047,113.83000183105469,48795100,0.0015642678860967596,113.25714329310826,118.60700022379557,122.25500013563368,0.028729879208079376,-0.1832538199269591,AMZN
2022-10-21,119.31999969482422,119.31999969482422,119.58999633789062,114.5,114.79000091552734,55660500,0.03531453097461368,114.17428588867188,118.14200007120768,122.44400015936958,0.029088046552141207,-0.23726112664264243,AMZN
2022-10-24,119.81999969482422,119.81999969482422,120.38999938964844,116.56999969482422,119.9800033569336,49531500,0.004190412347291339,115.21571459089007,117.58766682942708,122.57900017632379,0.028674171198966307,-0.2634785492841887,AMZN
2022-10-25,120.5999984741211,120.5999984741211,121.31999969482422,118.94999694824219,119.6500015258789,50934600,0.006509754475742646,117.17285701206752,117.38033345540364,122.7672223409017,0.02580594143263542,-0.26650082749831205,AMZN
2022-10-26,115.66000366210938,115.66000366210938,119.3499984741211,114.76000213623047,116.0,68802300,-0.040961814879887926,117.44000026157924,116.95066680908204,122.87211125691732,0.026624410558524884,-0.21883109447176963,AMZN
2022-10-27,110.95999908447266,110.95999908447266,114.12000274658203,109.7699966430664,113.91999816894531,129605400,-0.04063638620803933,116.66857147216797,116.44000015258788,122.89744457668728,0.027375369079916754,-0.19709807973171156,AMZN
2022-10-28,103.41000366210938,103.41000366210938,103.95999908447266,97.66000366210938,97.91000366210938,223133400,-0.06804249715805744,115.0028577532087,115.76933364868164,122.83588909573025,0.029625522375661035,-0.12435934778971114,AMZN
2022-10-31,102.44000244140625,102.44000244140625,104.87000274658203,100.73999786376953,103.55999755859375,99251400,-0.009380148789788212,113.17285810198102,115.02866694132487,122.72477798461914,0.029502876664297215,-0.09713006970424409,AMZN
2022-11-01,96.79000091552734,96.79000091552734,104.58000183105469,96.05999755859375,103.98999786376953,153370000,-0.05515425020719422,109.95428684779576,114.18200022379557,122.50622244940864,0.03074856837140691,-0.053827864812395654,AMZN
2022-11-02,92.12000274658203,92.12000274658203,97.73999786376953,92.01000213623047,97.31999969482422,135761800,-0.048248766657425834,105.9971444266183,113.30133361816407,122.27177802191841,0.03139054449713581,-0.03983940174682654,AMZN
2022-11-03,89.30000305175781,89.30000305175781,93.5,89.0199966430664,92.47000122070312,136683300,-0.030612240672440172,101.52571650913784,112.36766713460287,122.07066692776151,0.031662035466158145,-0.016125446721111936,AMZN
2022-11-04,90.9800033569336,90.9800033569336,92.44000244140625,88.04000091552734,91.48999786376953,129101300,0.01881299269611514,98.000002179827,111.60766728719075,121.87133365207248,0.03177429003726351,-0.06660810029005615,AMZN
2022-11-07,90.52999877929688,90.52999877929688,92.0999984741211,89.04000091552734,91.94999694824219,77495700,-0.00494619214148917,95.08143070765904,110.78700052897135,121.69711142645941,0.031575198487493746,-0.05898593184463641,AMZN
2022-11-08,89.9800033569336,89.9800033569336,91.72000122070312,88.2300033569336,90.79000091552734,88703400,-0.006075283660437414,93.16285923549107,109.9726671854655,121.47955593532986,0.031575675833702375,-0.035674667638471824,AMZN
2022-11-09,86.13999938964844,86.13999938964844,89.4800033569336,85.87000274658203,89.47000122070312,90796200,-0.042676192754212194,90.83428737095424,108.91033376057943,121.17555592854818,0.031322002786805116,-0.027281152667427255,AMZN
2022-11-10,96.62999725341797,96.62999725341797,98.69000244140625,91.6500015258789,92.94000244140625,173414900,0.12177847617944293,90.81142970493862,108.30466690063477,120.97888921101888,0.039290827960518804,-0.11776878378225808,AMZN
2022-11-11,100.79000091552734,100.79000091552734,101.19000244140625,96.66000366210938,97.87999725341797,111590500,0.0430508514990382,92.0500008719308,107.89766693115234,120.80622253417968,0.04019290437670178,-0.17610873934683635,AMZN
2022-11-14,98.48999786376953,98.48999786376953,100.12000274658203,97.29000091552734,98.7699966430664,99533100,-0.022819754250081425,93.36285727364677,107.31800028483073,120.61677805582683,0.039977806227320306,-0.16925574708614677,AMZN
2022-11-15,98.94000244140625,98.94000244140625,103.79000091552734,97.33999633789062,103.20999908447266,111336300,0.004569038353104293,94.5,106.57966715494791,120.47444474962023,0.03891552433161507,-0.1491813399233699,AMZN
2022-11-16,97.12000274658203,97.12000274658203,98.48999786376953,95.54000091552734,96.8499984741211,87958800,-0.018394983322363,95.4414291381836,105.78533401489258,120.34000032213,0.038968859290174344,-0.13509063401507948,AMZN
2022-11-17,94.8499984741211,94.8499984741211,96.97000122070312,94.02999877929688,95.37000274658203,82617900,-0.02337318995330062,96.13714272635323,104.93700052897135,120.16722251044379,0.03908820525810763,-0.09520294069124968,AMZN
2022-11-18,94.13999938964844,94.13999938964844,95.98999786376953,92.4800033569336,95.94999694824219,72428200,-0.007485493894513584,97.27999986921039,104.25633392333984,119.98400031195746,0.038332027392056406,-0.09560229507489915,AMZN
2022-11-21,92.45999908447266,92.45999908447266,95.0199966430664,90.58999633789062,93.97000122070312,84330300,-0.017845764989037338,96.68428584507534,103.54933395385743,119.74966693454319,0.03839372358041715,-0.10101661724393363,AMZN
2022-11-22,93.19999694824219,93.19999694824219,93.3499984741211,90.87000274658203,92.62000274658203,62192000,0.008003437930963697,95.5999995640346,102.91566721598308,119.52122243245442,0.038457257022767956,-0.0763947998962009,AMZN
2022-11-23,94.12999725341797,94.12999725341797,94.58000183105469,92.83000183105469,93.23999786376953,59414700,0.009978544373689724,94.97714233398438,102.29000040690104,119.25366685655382,0.03850347593365456,-0.0719217766982414,AMZN
2022-11-25,93.41000366210938,93.41000366210938,94.43000030517578,93.06999969482422,93.79000091552734,35088600,-0.0076489282090407285,94.18714250837054,101.65266723632813,118.92744471232096,0.038503667766902866,-0.03789744970284481,AMZN
2022-11-28,93.94999694824219,93.94999694824219,96.4000015258789,93.43000030517578,93.93000030517578,74943100,0.00578089353348199,93.73428453717914,101.22100041707357,118.58655582004123,0.03761529115313674,0.012134107787959536,AMZN
2022-11-29,92.41999816894531,92.41999816894531,94.41000366210938,91.44000244140625,94.04000091552734,65567300,-0.016285245651894598,93.38714163643974,100.5086669921875,118.2532224867079,0.035399471994074075,0.03083746516539909,AMZN
2022-11-30,96.54000091552734,96.54000091552734,96.54000091552734,91.52999877929688,92.47000122070312,102805800,0.04457912603558589,93.72999899727958,99.84800033569336,117.97988917032878,0.03623654638926709,0.01636629185903149,AMZN
2022-12-01,95.5,95.5,97.2300033569336,94.91999816894531,96.98999786376953,68488000,-0.010772746070691896,94.16428484235492,99.19566701253255,117.76533364189996,0.036234950059033696,0.005759194259244094,AMZN
2022-12-02,94.12999725341797,94.12999725341797,95.36000061035156,93.77999877929688,94.4800033569336,72496400,-0.01434557849824114,94.2971420288086,98.49166692097982,117.46711137559679,0.03624329514061564,0.014129415381517907,AMZN
2022-12-05,91.01000213623047,91.01000213623047,94.05999755859375,90.81999969482422,93.05000305175781,71535500,-0.033145598727553405,93.85142844063895,97.54800033569336,117.11966696845161,0.035696597184849854,0.02933741463876305,AMZN
2022-12-06,88.25,88.25,91.04000091552734,87.9000015258789,90.5,75503600,-0.03032636052572657,93.11428506033761,96.49566701253255,116.60077811347114,0.03583324588803779,0.10198300283286121,AMZN
2022-12-07,88.45999908447266,88.45999908447266,89.88999938964844,87.4800033569336,88.33999633789062,68086900,0.0023795930251859776,92.32999965122768,95.42433369954428,116.07933366563586,0.035777357934810516,0.10241914596836166,AMZN
2022-12-08,90.3499984741211,90.3499984741211,90.86000061035156,87.87999725341797,89.23999786376953,73305900,0.021365582288144003,92.03428540910993,94.58066685994466,115.59255583021375,0.03570748047483285,0.0660763843002512,AMZN
2022-12-09,89.08999633789062,89.08999633789062,90.30000305175781,88.62999725341797,88.9000015258789,67398500,-0.01394579034322141,90.96999904087612,93.85166676839192,115.03222240871854,0.03518457396212782,0.09080709731541892,AMZN
2022-12-12,90.55000305175781,90.55000305175781,90.58000183105469,87.87000274658203,89.20999908447266,61999800,0.01638799835988136,90.26285661969867,93.42300008138021,114.45422236124675,0.0334429439983436,0.0957481819629491,AMZN
2022-12-13,92.48999786376953,92.48999786376953,96.25,90.5199966430664,95.2300033569336,100212000,0.02142456926150338,90.02857099260602,93.09133326212564,113.91744452582465,0.033740253435730755,0.1054168042512118,AMZN
2022-12-14,91.58000183105469,91.58000183105469,93.45999908447266,89.87000274658203,92.5,70298000,-0.009838858835905628,90.10999952043805,92.91766662597657,113.38600006103516,0.03230238622751725,0.09794716140376192,AMZN
2022-12-15,88.44999694824219,88.44999694824219,89.97000122070312,87.47000122070312,89.88999938964844,84802900,-0.034177820705733164,90.13857051304409,92.79533309936524,112.83733334011502,0.03169445577415185,0.16596948345590112,AMZN
2022-12-16,87.86000061035156,87.86000061035156,89.3499984741211,86.7300033569336,88.2699966430664,146144100,-0.006670394101153776,90.0528564453125,92.74733301798503,112.22811109754774,0.03121800973133783,0.19679035733457817,AMZN
2022-12-19,84.91999816894531,84.91999816894531,87.62999725341797,84.51000213623047,87.51000213623047,83531500,-0.033462353983410575,89.27714211600167,92.54533284505209,111.60899997287326,0.03158338115426892,0.3296044052836522,AMZN
2022-12-20,85.19000244140625,85.19000244140625,86.61000061035156,84.33000183105469,85.33000183105469,74348300,0.0031795134041781026,88.72000013078961,92.3673329671224,110.96055552164714,0.03159058866264614,0.21364005665758912,AMZN
2022-12-21,86.7699966430664,86.7699966430664,87.2300033569336,85.20999908447266,86.18000030517578,59267200,0.018546709195681466,88.17999921526227,92.26033274332683,110.33377778795031,0.03178847016269057,0.1775959923739463,AMZN
2022-12-22,83.79000091552734,83.79000091552734,85.68000030517578,82.25,85.5199966430664,81431300,-0.034343619255829294,86.93714250837054,92.18199946085612,109.65611114501954,0.03144394993646005,0.21864183667086334,AMZN
2022-12-23,85.25,85.25,85.77999877929688,82.93000030517578,83.25,57433700,0.01742450254827599,86.03285653250558,91.80266621907552,109.02444441053602,0.021724887806086442,0.1736070739209128,AMZN
2022-12-27,83.04000091552734,83.04000091552734,85.3499984741211,83.0,84.97000122070312,57284000,-0.025923742926365456,85.25999995640346,91.21099955240885,108.36599994235569,0.0201748030709437,0.18304427722374927,AMZN
2022-12-28,81.81999969482422,81.81999969482422,83.4800033569336,81.69000244140625,82.80000305175781,58228600,-0.01469172937442731,84.3971426827567,90.65533294677735,107.73922220865886,0.019998268726953428,0.19298461225154706,AMZN
2022-12-29,84.18000030517578,84.18000030517578,84.55000305175781,82.55000305175781,82.87000274658203,54995900,0.02884381103830358,84.2914287022182,90.16333287556967,107.19433330959744,0.020909668540567725,0.1824661505662546,AMZN
2022-12-30,84.0,84.0,84.05000305175781,82.47000122070312,83.12000274658203,62401200,-0.002138278742257471,84.12142835344586,89.72599945068359,106.64300003051758,0.020764983916527077,0.1869047255743117,AMZN
2023-01-03,85.81999969482422,85.81999969482422,86.95999908447266,84.20999908447266,85.45999908447266,76706000,0.021666663033621747,83.98571450369698,89.4249994913737,106.1098888821072,0.020989176612021383,0.1787462598675622,AMZN
2023-01-04,85.13999938964844,85.13999938964844,86.9800033569336,83.36000061035156,86.55000305175781,68885100,-0.007923564525679994,84.17857142857143,89.1249994913737,105.53055555555555,0.020992473280555052,0.15280716736547517,AMZN
2023-01-05,83.12000274658203,83.12000274658203,85.41999816894531,83.06999969482422,85.33000183105469,67930800,-0.023725589118479662,83.87428610665458,88.81366628011068,105.00133336385092,0.021161363842568347,0.16939357238218022,AMZN
2023-01-06,86.08000183105469,86.08000183105469,86.4000015258789,81.43000030517578,83.02999877929688,83303400,0.035611152390083056,84.30857195172992,88.57633310953776,104.51566679212782,0.02224369901459894,0.09874535105938498,AMZN
2023-01-09,87.36000061035156,87.36000061035156,89.4800033569336,87.08000183105469,87.45999908447266,65266100,0.01486987397850048,85.1000006539481,88.35066655476888,104.05600017971463,0.022355258062766045,0.09649725556637523,AMZN
2023-01-10,89.87000274658203,89.87000274658203,90.19000244140625,87.29000091552734,87.56999969482422,67756600,0.028731709234134817,85.91285814557757,88.2326665242513,103.64600024753146,0.02302854214058475,0.06620670709246723,AMZN
2023-01-11,95.08999633789062,95.08999633789062,95.26000213623047,90.93000030517578,90.93000030517578,103126200,0.058083825879343465,87.4971433367048,88.27066650390626,103.28233354356554,0.025417925791930415,-0.016720963288722523,AMZN
2023-01-12,95.2699966430664,95.2699966430664,97.19000244140625,93.5,96.93000030517578,85254800,0.0018929468094222024,88.8471429007394,88.36566645304362,102.92411126030817,0.02521460301126248,-0.015849633253302242,AMZN
2023-01-13,98.12000274658203,98.12000274658203,98.37000274658203,94.12000274658203,94.18000030517578,85549400,0.029915043601747016,90.70142909458706,88.41833318074545,102.61311128404405,0.024478437507221257,-0.039645324916014024,AMZN
2023-01-17,96.05000305175781,96.05000305175781,98.88999938964844,95.7300033569336,98.68000030517578,72755000,-0.02109661268732821,92.54857199532645,88.43666661580404,102.24166692097982,0.024718565684787884,-0.04039567683013723,AMZN
2023-01-18,95.45999908447266,95.45999908447266,99.31999969482422,95.37999725341797,97.25,79570400,-0.006142675153973931,93.88857160295758,88.48100001017252,101.8598890516493,0.024593904956164342,-0.03488374044617337,AMZN
2023-01-19,93.68000030517578,93.68000030517578,95.44000244140625,92.86000061035156,94.73999786376953,69002700,-0.01864654092151996,94.7914287022182,88.56999994913737,101.42000011867947,0.024040906203603166,0.01302307020419291,AMZN
2023-01-20,97.25,97.25,97.3499984741211,93.19999694824219,93.86000061035156,67481500,0.03810845093076898,95.84571402413505,88.86999994913737,100.98444459703234,0.024188490687301056,-0.03598971722365041,AMZN
2023-01-23,97.5199966430664,97.5199966430664,97.77999877929688,95.86000061035156,97.55999755859375,76501100,0.002776315095798454,96.19285692487445,89.17199986775717,100.65888900756836,0.024187952189512658,-0.040709533715830526,AMZN
2023-01-24,96.31999969482422,96.31999969482422,98.08999633789062,96.0,96.93000030517578,66929500,-0.012305137300550828,96.34285736083984,89.37099990844726,100.30077785915799,0.02411320878953247,-0.02491695944230643,AMZN
2023-01-25,97.18000030517578,97.18000030517578,97.23999786376953,91.5199966430664,92.55999755859375,94261600,0.008928577793566816,96.2085712977818,89.64066670735677,99.97744454277887,0.02393907370184722,-0.050730605985738086,AMZN
2023-01-26,99.22000122070312,99.22000122070312,99.48999786376953,96.91999816894531,98.23999786376953,68523600,0.02099198301215366,96.66142817905971,89.92966664632162,99.7073334587945,0.024041226402076295,-0.0855674033392172,AMZN
2023-01-27,102.23999786376953,102.23999786376953,103.48999786376953,99.52999877929688,99.52999877929688,87775600,0.03043737760442866,97.62999943324498,90.25466664632161,99.45822228325738,0.02432971787803434,-0.09595068235100279,AMZN
2023-01-30,100.55000305175781,100.55000305175781,101.73999786376953,99.01000213623047,101.08999633789062,70691900,-0.01652968356145279,98.61142839704242,90.55366668701171,99.21777784559461,0.024487604211757632,-0.05638991174790142,AMZN
2023-01-31,103.12999725341797,103.12999725341797,103.3499984741211,101.13999938964844,101.16000366210938,66527300,0.025658817736008643,99.45142800467355,91.04300003051758,99.04655558268229,0.023746313409319438,-0.06719674672488274,AMZN
2023-02-01,105.1500015258789,105.1500015258789,106.23999786376953,101.23999786376953,102.52999877929688,80450100,0.019586971068148662,100.5414287022182,91.6193333943685,98.91144451565212,0.02376988155898912,-0.04859724713455105,AMZN
2023-02-02,112.91000366210938,112.91000366210938,114.0,108.87999725341797,110.25,158154200,0.07379935352944922,102.91142926897321,92.55233357747396,98.90177790323894,0.0255839760476175,-0.12363835143999669,AMZN
2023-02-03,103.38999938964844,103.38999938964844,108.77999877929688,102.5199966430664,105.26000213623047,144374800,-0.08431497620839845,103.79857199532645,93.15900014241537,98.77111121283637,0.030821807301349653,-0.054937618132382626,AMZN
2023-02-06,102.18000030517578,102.18000030517578,103.94999694824219,100.6500015258789,102.93000030517578,81945200,-0.011703250716856073,104.22142900739398,93.67266693115235,98.63522228664822,0.030923523865408045,-0.01536503905006048,AMZN
2023-02-07,102.11000061035156,102.11000061035156,102.41000366210938,98.08000183105469,101.16999816894531,119501300,-0.0006850625818668465,104.2028579711914,94.28333358764648,98.45855560302735,0.030009094647961244,-0.03339539361205024,AMZN
2023-02-08,100.05000305175781,100.05000305175781,102.66999816894531,98.77999877929688,102.04000091552734,75878300,-0.02017429777965274,104.13142939976284,94.77666702270508,98.29466671413846,0.030344140023125514,-0.013393342592822766,AMZN
2023-02-09,98.23999786376953,98.23999786376953,101.77999877929688,97.56999969482422,101.31999969482422,64622500,-0.01809100582487666,103.43285805838448,95.28333358764648,98.13066669040256,0.030094465482632816,-0.0011197130776010589,AMZN
2023-02-10,97.61000061035156,97.61000061035156,98.81999969482422,96.2300033569336,97.55999755859375,52740100,-0.006412838631079665,102.355715070452,95.80966695149739,97.92766672770182,0.029935169985820183,0.0044052894425470335,AMZN
2023-02-13,99.54000091552734,99.54000091552734,99.68000030517578,96.91000366210938,97.8499984741211,52841500,0.019772567289289666,100.44571467808315,96.32166697184245,97.68822233412001,0.029745167226438846,-0.023106319375159168,AMZN
2023-02-14,99.69999694824219,99.69999694824219,100.91999816894531,97.5199966430664,98.41000366210938,56202900,0.0016073541414833858,99.91857147216797,96.84500020345052,97.4521112230089,0.029717541011833902,0.00551658042721237,AMZN
2023-02-15,101.16000366210938,101.16000366210938,101.16999816894531,98.44999694824219,99.08999633789062,47957600,0.014643999584324163,99.77285766601562,97.3563336690267,97.23944456312391,0.02961864524590202,0.0083036408410615,AMZN
2023-02-16,98.1500015258789,98.1500015258789,100.62999725341797,98.0999984741211,99.20999908447266,56339200,-0.02975486385196624,99.20714351109096,97.79000040690104,97.05711127387153,0.030232387145607813,0.05236881619704503,AMZN
2023-02-17,97.19999694824219,97.19999694824219,97.94000244140625,95.6500015258789,97.80000305175781,60029400,-0.009679109147912035,98.7999997820173,98.25933354695638,96.87411126030815,0.029875717731036953,0.053600893800865634,AMZN
2023-02-21,94.58000183105469,94.58000183105469,95.61000061035156,94.2699966430664,95.33999633789062,56580400,-0.02695468312187932,98.27714320591518,98.54266688028972,96.67822240193685,0.02989677344641412,0.09906951718953061,AMZN
2023-02-22,95.79000091552734,95.79000091552734,97.01000213623047,94.80000305175781,95.0999984741211,59534100,0.012793392483054111,98.01714324951172,98.82366689046223,96.48811128404405,0.029872120890133226,0.05543373533607521,AMZN
2023-02-23,95.81999969482422,95.81999969482422,96.43000030517578,93.66999816894531,96.12000274658203,48467000,0.000313172345862478,97.48571450369698,99.02200012207031,96.30244462754992,0.029492846400676384,0.06512208185810064,AMZN
2023-02-24,93.5,93.5,94.13999938964844,92.31999969482422,93.52999877929688,57053800,-0.024212061179431754,96.6000006539481,98.96900024414063,96.15355572170681,0.027936635461406997,0.09272725314380015,AMZN
2023-02-27,93.76000213623047,93.76000213623047,94.77999877929688,93.13999938964844,94.27999877929688,47470300,0.0027807715104863906,95.54285757882255,98.91866709391276,95.93100017971463,0.027939380030212436,0.06569961489297493,AMZN
2023-02-28,94.2300033569336,94.2300033569336,94.69000244140625,92.91999816894531,93.13999938964844,43959300,0.005012811540044737,94.98285784040179,98.78900044759115,95.68511132134331,0.02737957307718929,0.038204375951093494,AMZN
2023-03-01,92.16999816894531,92.16999816894531,94.68000030517578,91.58999633789062,93.87000274658203,52299500,-0.02186145722806776,94.26428658621651,98.6596669514974,95.43066685994467,0.02739929690205212,0.11099059954609358,AMZN
2023-03-02,92.12999725341797,92.12999725341797,92.2300033569336,90.38999938964844,91.41000366210938,55509400,-0.00043399062951077205,93.91428593226841,98.54866689046224,95.1737779405382,0.027382228651543723,0.11266694010920975,AMZN
2023-03-03,94.9000015258789,94.9000015258789,94.94000244140625,92.66000366210938,92.73999786376953,55759600,0.030066258059702422,93.78714316231864,98.589333597819,94.90244462754991,0.027730670457016666,0.08261323721636282,AMZN
2023-03-06,93.75,93.75,96.55000305175781,93.73999786376953,95.19000244140625,52112400,-0.012118034851298809,93.49142892020089,98.47266693115235,94.61277796427409,0.02690476984776018,0.09120003255208342,AMZN
2023-03-07,93.55000305175781,93.55000305175781,95.08999633789062,92.77999877929688,94.05999755859375,49100700,-0.0021333007812499583,93.49857221330915,98.34033381144205,94.31222245958116,0.026896764494037915,0.11491180811669688,AMZN
2023-03-08,93.91999816894531,93.91999816894531,94.16999816894531,92.18000030517578,93.5999984741211,44899100,0.003955051898638651,93.52142878941127,98.26033376057943,94.07066684299045,0.026825507302463483,0.1053023805628499,AMZN
2023-03-09,92.25,92.25,96.20999908447266,92.18000030517578,93.68000030517578,56218700,-0.017781071140368643,93.23857116699219,98.09600041707357,93.86277796427409,0.026945091478797298,0.15945798465553018,AMZN
2023-03-10,90.7300033569336,90.7300033569336,93.56999969482422,90.25,92.66999816894531,69827500,-0.0164769283801236,93.03285762241909,97.81300048828125,93.72188907199435,0.026739913037674343,0.17061606034158805,AMZN
2023-03-13,92.43000030517578,92.43000030517578,94.0199966430664,88.12000274658203,89.97000122070312,72397100,0.01873687738723384,93.07571520124164,97.48600056966146,93.61066682603624,0.026323061167317214,0.10970463438460709,AMZN
2023-03-14,94.87999725341797,94.87999725341797,95.06999969482422,92.70999908447266,93.83000183105469,60912700,0.0265065123894086,93.07285744803292,97.29700037638347,93.58944456312392,0.026730931479691262,0.10645032036140556,AMZN
2023-03-15,96.19999694824219,96.19999694824219,96.66999816894531,93.06999969482422,93.22000122070312,70731800,0.01391230747297123,93.42285701206752,97.06600036621094,93.63477783203125,0.02640211423974952,0.14158007462214273,AMZN
2023-03-16,100.04000091552734,100.04000091552734,100.98999786376953,95.61000061035156,95.75,84446900,0.03991688242309577,94.3499995640346,96.89566701253256,93.75411114162868,0.027222821915440953,0.05407832850064631,AMZN
2023-03-17,98.94999694824219,98.94999694824219,100.66000366210938,97.45999908447266,99.79000091552734,87300200,-0.010895681300578386,95.06857081821987,96.43033345540364,93.84266662597656,0.023270972295248427,0.03132901666623744,AMZN
2023-03-20,97.70999908447266,97.70999908447266,98.4800033569336,95.69999694824219,98.41000366210938,62388900,-0.012531560404374087,95.84857068743024,96.24100011189779,93.92244440714518,0.017784799771969347,0.060587434494061565,AMZN
2023-03-21,100.61000061035156,100.61000061035156,100.8499984741211,98.0,98.13999938964844,58597300,0.029679680207260972,97.25999886648995,96.18866678873698,94.04055548773871,0.018571984470312365,0.030215693242074737,AMZN
2023-03-22,98.69999694824219,98.69999694824219,102.0999984741211,98.61000061035156,100.44999694824219,57475400,-0.018984232685839597,98.1557126726423,96.075,94.18011101616753,0.018881300770803987,0.05369810755452309,AMZN
2023-03-23,98.70999908447266,98.70999908447266,101.05999755859375,97.62000274658203,100.43000030517578,57559300,0.00010133876939955044,98.7028557913644,96.0303332010905,94.20322214762369,0.018529410411713552,0.0704083136672824,AMZN
2023-03-24,98.12999725341797,98.12999725341797,98.30000305175781,96.4000015258789,98.06999969482422,56095400,-0.005875816395847999,98.97857012067523,96.02666651407877,94.17366655137803,0.0182568260401758,0.07846738808879894,AMZN
2023-03-27,98.04000091552734,98.04000091552734,99.33999633789062,97.08000183105469,99.06999969482422,46721300,-0.0009171134251457769,98.69285583496094,96.04099985758464,94.16866658528646,0.01821651000965227,0.08751531773696475,AMZN
2023-03-28,97.23999786376953,97.23999786376953,98.44000244140625,96.29000091552734,98.11000061035156,38720100,-0.00815996577200262,98.44857025146484,95.9643330891927,94.14977764553494,0.01789830521170571,0.13317569788287442,AMZN
2023-03-29,100.25,100.25,100.41999816894531,98.55999755859375,98.69000244140625,49783300,0.0309543624265336,98.81142752511161,95.9826665242513,94.18455539279513,0.018803596735333633,0.1190024968097334,AMZN
2023-03-30,102.0,102.0,103.04000091552734,101.01000213623047,101.55000305175781,53633400,0.0174563591022443,99.00999886648995,96.01066640218099,94.2639998541938,0.018884137014903015,0.08098041310029869,AMZN
2023-03-31,103.29000091552734,103.29000091552734,103.48999786376953,101.94999694824219,102.16000366210938,56750300,0.012647067799287592,99.66571371895927,96.18199971516927,94.36566653781468,0.018116909489238865,0.07658046241265692,AMZN
2023-04-03,102.41000366210938,102.41000366210938,103.29000091552734,101.43000030517578,102.30000305175781,41135700,-0.008519675143944028,100.1942858014788,96.35566660563151,94.47622214423285,0.018092664070132002,0.10731371419563485,AMZN
2023-04-04,103.94999694824219,103.94999694824219,104.19999694824219,102.11000061035156,102.75,48662500,0.015037527888523972,101.02571432931083,96.66799977620443,94.5956665886773,0.017394289225686588,0.1111111437310448,AMZN
2023-04-05,101.0999984741211,101.0999984741211,103.91000366210938,100.75,103.91000366210938,45175400,-0.027417013542964663,101.46285683768136,96.84499969482422,94.67311104668511,0.018169423308675155,0.16864493876448639,AMZN
2023-04-06,102.05999755859375,102.05999755859375,102.37999725341797,99.80000305175781,100.75,43808000,0.009495540049077267,102.15142822265625,97.05299962361654,94.76922208997938,0.018218025557800655,0.13903588850528448,AMZN
2023-04-10,102.16999816894531,102.16999816894531,102.19999694824219,99.56999969482422,100.95999908447266,37261200,0.0010778033801970288,102.42571367536273,97.34199956258138,94.86055543687608,0.017522465431202085,0.12567293919349298,AMZN
2023-04-11,99.91999816894531,99.91999816894531,101.0,99.01000213623047,100.80000305175781,60417800,-0.022022120390757682,102.12857055664062,97.54733276367188,94.94388877020941,0.018113590285798124,0.15082065623483865,AMZN
2023-04-12,97.83000183105469,97.83000183105469,100.51000213623047,97.70999908447266,100.4000015258789,56735000,-0.020916697119598093,101.34857068743024,97.66733271280924,94.95822211371528,0.0185910793848723,0.19339668623965456,AMZN
2023-04-13,102.4000015258789,102.4000015258789,102.56999969482422,98.70999908447266,98.94999694824219,67925100,0.046713683014299345,101.34714181082589,98.00833282470703,95.03488879733615,0.019806321445569625,0.12304685826529771,AMZN
2023-04-14,102.51000213623047,102.51000213623047,103.19999694824219,101.11000061035156,102.06999969482422,51450500,0.001074224694457282,101.14142826625279,98.35433298746744,95.12799996270074,0.01979737204348179,0.17169054831090147,AMZN
2023-04-17,102.73999786376953,102.73999786376953,103.7300033569336,101.58999633789062,103.16000366210938,39919500,0.0022436418178335416,101.37571389334542,98.61566619873047,95.25833324856228,0.019163736637623857,0.18415423585493218,AMZN
2023-04-18,102.30000305175781,102.30000305175781,104.19999694824219,101.5199966430664,103.94999694824219,39790500,-0.004282604839014548,101.41000039236886,98.90066630045573,95.41444439358182,0.01900579540073958,0.1786901098140561,AMZN
2023-04-19,104.30000305175781,104.30000305175781,105.12000274658203,101.38999938964844,101.58000183105469,58398900,0.019550341547772243,101.71428680419922,99.25899963378906,95.59044443766275,0.01921164021342337,0.17708526415040504,AMZN
2023-04-20,103.80999755859375,103.80999755859375,105.25,103.20999908447266,103.52999877929688,57696900,-0.0046980391066805405,102.27000100272042,99.58866628011067,95.73999998304579,0.019274231519553903,0.19689820751483245,AMZN
2023-04-21,106.95999908447266,106.95999908447266,108.1500015258789,105.08000183105469,106.0999984741211,86774200,0.03034391291745231,103.57428632463727,100.07899958292643,95.93855556911892,0.019442122764696566,0.1714660071453531,AMZN
2023-04-24,106.20999908447266,106.20999908447266,109.2300033569336,105.06999969482422,107.66000366210938,69575600,-0.007011967150520215,104.11857169015067,100.59499944051107,96.11255552503798,0.01915415150934074,0.19207232559764975,AMZN
2023-04-25,102.56999969482422,102.56999969482422,105.44999694824219,102.44999694824219,104.91000366210938,65026800,-0.03427172037496595,104.12714276994977,100.93299942016601,96.22455554538303,0.020296227947266203,0.1819245755837804,AMZN
2023-04-26,104.9800033569336,104.9800033569336,106.62000274658203,104.0999984741211,105.04000091552734,73803800,0.023496184744855597,104.4471435546875,101.2696662902832,96.37344445122613,0.020186594989967676,0.18355873525311406,AMZN
2023-04-27,109.81999969482422,109.81999969482422,110.86000061035156,106.80000305175781,108.16000366210938,149961200,0.046103983455159314,105.52142878941127,101.72366638183594,96.61088892618815,0.02156376705329508,0.12393007328512118,AMZN
2023-04-28,105.44999694824219,105.44999694824219,109.4800033569336,104.33000183105469,107.7300033569336,130715900,-0.039792412663683385,105.68571363176618,101.90399958292643,96.80633332994249,0.02197481421401458,0.2002845268639346,AMZN
2023-05-01,102.05000305175781,102.05000305175781,105.2300033569336,101.81999969482422,104.94999694824219,74728100,-0.032242712137328766,105.43428584507534,102.00733311971028,96.9966667175293,0.0227387709548946,0.24115629470260624,AMZN
2023-05-02,103.62999725341797,103.62999725341797,103.9000015258789,101.1500015258789,101.47000122070312,73469400,0.015482549283793778,104.9585712977818,102.20466639200846,97.20155554877387,0.022727334260448075,0.21991702711133354,AMZN
2023-05-03,103.6500015258789,103.6500015258789,105.95999908447266,103.27999877929688,103.73999786376953,65051900,0.00019303553981586674,104.59285736083984,102.30599975585938,97.38911115858289,0.022128163782200182,0.22633862748776967,AMZN
2023-05-04,104.0,104.0,105.38999938964844,103.30999755859375,104.04000091552734,45345500,0.0033767339022539034,104.7971431187221,102.4826665242513,97.61366670396593,0.02179797517779179,0.20663459484393787,AMZN
2023-05-05,105.66000366210938,105.66000366210938,105.76000213623047,103.55000305175781,104.2699966430664,56951700,0.015961573674128537,104.89428601946149,102.71433334350586,97.84044452243381,0.021942841054016563,0.19042205583798122,AMZN
2023-05-08,105.83000183105469,105.83000183105469,106.0999984741211,104.69999694824219,105.04000091552734,49430900,0.0016089169321718,104.32428632463727,102.97100016276042,98.09366675482856,0.021886771343116923,0.17953321053826765,AMZN
2023-05-09,106.62000274658203,106.62000274658203,106.79000091552734,105.16000366210938,105.4800033569336,44089400,0.00746481056277859,104.4914300101144,103.25700022379557,98.36922234429254,0.021891814970933614,0.22069021331606242,AMZN
2023-05-10,110.19000244140625,110.19000244140625,110.66999816894531,108.05000305175781,108.0999984741211,78627600,0.03348339526223332,105.65428706577846,103.68866704305013,98.65822236802843,0.02247032697301072,0.17369996338666183,AMZN
2023-05-11,112.18000030517578,112.18000030517578,113.27999877929688,110.48999786376953,111.02999877929688,74924800,0.01805969525073481,106.87571607317243,104.08633371988932,98.97133348253038,0.022064928255930042,0.13505082443095628,AMZN
2023-05-12,110.26000213623047,110.26000213623047,112.63999938964844,109.31999969482422,112.16000366210938,49852700,-0.01711533396079623,107.82000187465123,104.36166712443034,99.24288906521268,0.02223945992984621,0.1715943240793194,AMZN
2023-05-15,111.19999694824219,111.19999694824219,112.29000091552734,109.25,111.1500015258789,53011100,0.008525256609829501,108.84857286725726,104.62533365885416,99.53244459364149,0.022189443140509215,0.16043162614648465,AMZN
2023-05-16,113.4000015258789,113.4000015258789,114.79000091552734,111.05000305175781,111.05000305175781,71472900,0.01978421437062372,109.95428684779576,104.99166692097982,99.86888902452257,0.022297402874934064,0.12786595947876567,AMZN
2023-05-17,115.5,115.5,115.83000183105469,114.22000122070312,114.88999938964844,65655200,0.018518504813616277,111.33571515764508,105.37666702270508,100.1957778930664,0.02236768662087412,0.1286580139424378,AMZN
2023-05-18,118.1500015258789,118.1500015258789,118.5999984741211,116.33999633789062,116.69000244140625,73174100,0.022943736154795724,112.98285784040179,105.94500045776367,100.53788901435004,0.021830538950931375,0.10215826947899331,AMZN
2023-05-19,116.25,116.25,118.30999755859375,115.69999694824219,118.16000366210938,55056300,-0.01608126535201726,113.84857177734375,106.41800053914388,100.83100009494358,0.022163517509176337,0.1215484290994624,AMZN
2023-05-22,115.01000213623047,115.01000213623047,116.7699966430664,114.25,116.7699966430664,70741100,-0.010666648290490577,114.2528577532087,106.84600067138672,101.05233349270291,0.02233070798084785,0.11607684745808355,AMZN
2023-05-23,114.98999786376953,114.98999786376953,117.13999938964844,113.77999877929688,114.2699966430664,67576300,-0.00017393506729301844,114.92857142857143,107.34833399454753,101.27144461737738,0.021796098580124528,0.12861989034080423,AMZN
2023-05-24,116.75,116.75,117.33999633789062,115.0199966430664,115.3499984741211,63487900,0.015305697616548875,115.72142900739398,107.97900060017903,101.47844458685981,0.021313294081743386,0.08890789938687771,AMZN
2023-05-25,115.0,115.0,116.87000274658203,114.30999755859375,116.62999725341797,66496700,-0.01498929336188437,115.9500002179827,108.39900054931641,101.68900010850695,0.020210537372972282,0.11982607634171205,AMZN
2023-05-26,120.11000061035156,120.11000061035156,121.5,116.0199966430664,116.04000091552734,96779900,0.04443478791610045,116.60857173374721,108.98566716512045,101.96288901435004,0.021498120089430795,0.08900176827145012,AMZN
2023-05-30,121.66000366210938,121.66000366210938,122.91999816894531,119.86000061035156,122.37000274658203,64314800,0.01290486257498391,117.11000061035156,109.6163340250651,102.2737779405382,0.021530211941051515,0.103896095751846,AMZN
2023-05-31,120.58000183105469,120.58000183105469,122.04000091552734,119.16999816894531,121.44999694824219,72800800,-0.00887721353399118,117.72857230050224,110.22566731770833,102.53300018310547,0.02162110049603983,0.11693473735787574,AMZN
2023-06-01,122.7699966430664,122.7699966430664,123.48999786376953,119.93000030517578,120.69000244140625,54375100,0.01816217265513176,118.83714294433594,110.84133377075196,102.81355573866102,0.021591948288746277,0.08788793036215115,AMZN
2023-06-02,124.25,124.25,126.38999938964844,124.0199966430664,124.91999816894531,61264400,0.01205508998453797,120.16000039236886,111.5226671854655,103.1238890753852,0.021530990634565924,0.06905434069259297,AMZN
2023-06-05,125.30000305175781,125.30000305175781,125.80000305175781,123.02999877929688,123.36000061035156,47950100,0.008450728786783213,121.38142939976284,112.13400065104166,103.43633355034723,0.02105127023596872,0.08028728901497506,AMZN
2023-06-06,126.61000061035156,126.61000061035156,127.4000015258789,125.0,125.06999969482422,45695200,0.010454888481148839,123.04000091552734,112.81400070190429,103.74066687689887,0.020934418517348587,0.026459253513673398,AMZN
2023-06-07,121.2300033569336,121.2300033569336,127.37000274658203,120.62999725341797,127.01000213623047,95663300,-0.04249267220189956,123.2000013078962,113.43600082397461,103.95166693793402,0.02152634686628229,0.07234179988633005,AMZN
2023-06-08,124.25,124.25,125.62999725341797,122.26000213623047,123.01000213623047,62159300,0.024911297199049942,123.57000078473773,114.07833404541016,104.21500023735894,0.021567946071554562,0.03661974287129022,AMZN
2023-06-09,123.43000030517578,123.43000030517578,125.80000305175781,123.19000244140625,124.08000183105469,51396000,-0.006599595129369917,123.97714342389789,114.53200073242188,104.44055582682292,0.020285060726682444,0.046180058037297966,AMZN
2023-06-12,126.56999969482422,126.56999969482422,126.77999877929688,123.52999877929688,124.0199966430664,51338000,0.025439515368102628,124.52000100272042,115.2360008239746,104.67855580647786,0.018864120884394864,0.012483165090224402,AMZN
2023-06-13,126.66000366210938,126.66000366210938,128.41000366210938,125.18000030517578,128.1199951171875,50564800,0.0007111003199982147,124.86428724016461,116.056334177653,104.83133358425565,0.017450292925828163,0.012553263002678117,AMZN
2023-06-14,126.41999816894531,126.41999816894531,126.94999694824219,124.12000274658203,126.69999694824219,52422500,-0.001894879884926648,125.02428654261998,116.81600087483724,105.08722245958117,0.017460285911399524,0.04579978348982583,AMZN
2023-06-15,127.11000061035156,127.11000061035156,127.69000244140625,124.31999969482422,125.20999908447266,60458500,0.005458016543269828,125.09571511404855,117.59800084431966,105.36422246297201,0.017418044851623116,0.05168745207994774,AMZN
2023-06-16,125.48999786376953,125.48999786376953,127.9000015258789,125.30000305175781,127.70999908447266,84247100,-0.012744888197649074,125.70428575788226,118.31433410644532,105.62400021023221,0.01777773498093742,0.049406364516535906,AMZN
2023-06-20,125.77999877929688,125.77999877929688,127.25,124.5,124.97000122070312,56930100,0.002310948445805039,125.92285701206752,118.98500061035156,105.9098890516493,0.017699976283514593,0.01931950992330811,AMZN
2023-06-21,124.83000183105469,124.83000183105469,126.7300033569336,123.8499984741211,125.63999938964844,52137700,-0.00755284590127181,126.12285723005023,119.6183339436849,106.20533354017469,0.017856313383315538,0.03268446504211853,AMZN
2023-06-22,130.14999389648438,130.14999389648438,130.3300018310547,125.13999938964844,125.30999755859375,90354600,0.04261789623803569,126.63428497314453,120.40266698201498,106.56688902113173,0.019088824148011396,0.07237813192082543,AMZN
2023-06-23,129.3300018310547,129.3300018310547,130.83999633789062,128.27999877929688,129.11000061035156,71927800,-0.006300361919969633,127.01571328299386,121.04066696166993,106.89788903130426,0.01854866224445112,0.09966751107362382,AMZN
2023-06-26,127.33000183105469,127.33000183105469,131.49000549316406,127.0999984741211,129.3300018310547,59989300,-0.01546431587167707,127.14571380615234,121.54566701253255,107.20488908555772,0.018775514384471566,0.09903400949512986,AMZN
2023-06-27,129.17999267578125,129.17999267578125,130.08999633789062,127.55000305175781,128.6300048828125,46801000,0.014529104045574393,127.44142695835659,122.17633336385092,107.51622229682074,0.018410373379200866,0.06711576032903621,AMZN
2023-06-28,129.0399932861328,129.0399932861328,131.47999572753906,128.44000244140625,128.94000244140625,52149500,-0.001083754432466999,127.94856916155133,122.77099990844727,107.85944442749023,0.0184386997551324,0.07377561041367464,AMZN
2023-06-29,127.9000015258789,127.9000015258789,129.25999450683594,127.26000213623047,128.77000427246094,40761000,-0.008834406537251538,128.25142669677734,123.2543332417806,108.20055558946397,0.018394965259856188,0.08217358882598536,AMZN
2023-06-30,130.36000061035156,130.36000061035156,131.25,128.9499969482422,129.47000122070312,54350700,0.019233769000189582,129.0414265223912,123.74966659545899,108.59811113145616,0.018414641246885712,0.07832162216986394,AMZN
2023-07-03,130.22000122070312,130.22000122070312,131.85000610351562,130.07000732421875,130.82000732421875,28264800,-0.0010739443770555468,129.05142756870814,124.1519999186198,108.98066669040256,0.01809114677250533,0.05721084993399428,AMZN
2023-07-05,130.3800048828125,130.3800048828125,131.39999389648438,129.63999938964844,130.24000549316406,35895400,0.0012287180203460757,129.20142800467355,124.62300008138021,109.36466674804687,0.017720465605558348,0.035971792190234275,AMZN
2023-07-06,128.36000061035156,128.36000061035156,128.72999572753906,127.37000274658203,128.25,40639900,-0.015493205988729275,129.34857068743025,125.06800003051758,109.75200008816189,0.017879246604004105,0.04378307175494256,AMZN
2023-07-07,129.77999877929688,129.77999877929688,130.97000122070312,128.1300048828125,128.58999633789062,41992300,0.011062622017709689,129.43428584507532,125.56100006103516,110.15222227308485,0.017910338727271637,0.026506414499635644,AMZN
2023-07-10,127.12999725341797,127.12999725341797,129.27999877929688,125.91999816894531,129.07000732421875,61889300,-0.020419182854096718,129.16142926897322,125.90699996948243,110.51777776082356,0.01832893150504691,0.05938799327835498,AMZN
2023-07-11,128.77999877929688,128.77999877929688,129.77000427246094,127.3499984741211,127.75,49951500,0.012978852839820476,129.28714316231864,126.36633326212565,110.92455554538303,0.018091873595494964,0.04247554956167998,AMZN
2023-07-12,130.8000030517578,130.8000030517578,131.25999450683594,128.8300018310547,130.30999755859375,54022800,0.01568569880112225,129.35000065394811,126.7226666768392,111.3542222764757,0.016570203340874393,0.03608563540197629,AMZN
2023-07-13,134.3000030517578,134.3000030517578,134.6699981689453,132.7100067138672,134.0399932861328,61170900,0.026758409161619312,129.93285805838448,127.14399998982748,111.79200007120768,0.01704266779929709,-0.018317249873174846,AMZN
2023-07-14,134.67999267578125,134.67999267578125,136.64999389648438,134.05999755859375,134.05999755859375,54487100,0.002829408900884234,130.5471420288086,127.61399968465169,112.24677776760525,0.01688419016232819,-0.010543497521296352,AMZN
2023-07-17,133.55999755859375,133.55999755859375,135.6199951171875,133.2100067138672,134.55999755859375,48450200,-0.008315972513331604,131.28999873570032,127.97366638183594,112.69133326212565,0.016801053816383013,-0.0031446404359288804,AMZN
2023-07-18,132.8300018310547,132.8300018310547,133.86000061035156,131.35000610351562,132.7100067138672,54882900,-0.005465676406731013,131.72571345738,128.2596664428711,113.12366663614908,0.0167780770460266,0.01565912672123737,AMZN
2023-07-19,135.36000061035156,135.36000061035156,135.99000549316406,132.52999877929688,133.38999938964844,54531000,0.019046892602732513,132.90142822265625,128.59499969482422,113.60266664293077,0.017020410164325643,-0.0021423853784368063,AMZN
2023-07-20,129.9600067138672,129.9600067138672,134.7899932861328,129.3300018310547,134.07000732421875,59820600,-0.03989357175040831,133.07000078473772,128.7066665649414,114.03855556911893,0.018636691543937437,0.06194203891272787,AMZN
2023-07-21,130.0,130.0,131.3699951171875,128.4199981689453,131.33999633789062,133307300,0.00030773533446226686,132.9557146344866,128.99899978637694,114.45600001017253,0.016730025822137996,0.0624615009014422,AMZN
2023-07-24,128.8000030517578,128.8000030517578,131.66000366210938,128.35000610351562,130.30999755859375,45591100,-0.009230745755709147,132.17000034877233,129.1506665547689,114.83288896348742,0.016306409381149235,0.0657608774846028,AMZN
2023-07-25,129.1300048828125,129.1300048828125,129.5800018310547,128.52999877929688,129.30999755859375,39236700,0.002562125956798944,131.37714494977678,129.34066670735677,115.19877794053819,0.016238475284567316,0.048245918779240116,AMZN
2023-07-26,128.14999389648438,128.14999389648438,129.0800018310547,126.11000061035156,126.51000213623047,53910100,-0.007589335934878205,130.60428728376115,129.39333318074543,115.51111119588217,0.015678778600287224,0.07569264665643782,AMZN
2023-07-27,128.25,128.25,132.6300048828125,127.79000091552734,131.0,52610700,0.0007803832093540297,129.9500013078962,129.44633305867512,115.83666678534614,0.015678810971975318,0.07781673081901808,AMZN
2023-07-28,132.2100067138672,132.2100067138672,133.00999450683594,129.3300018310547,129.69000244140625,46317400,0.030877245332297854,129.50000217982702,129.63933334350585,116.22000020345052,0.016617306605292786,0.08236894967577535,AMZN
2023-07-31,133.67999267578125,133.67999267578125,133.8699951171875,132.3800048828125,133.1999969482422,41901500,0.011118568090654923,130.03142874581474,129.85833307902018,116.58744455973307,0.016694267294856582,0.056478182715562264,AMZN
2023-08-01,131.69000244140625,131.69000244140625,133.69000244140625,131.6199951171875,133.5500030517578,42098500,-0.014886223394710907,130.27285766601562,130.06499989827475,116.95400017632379,0.016763104228425384,0.09993168363684068,AMZN
2023-08-02,128.2100067138672,128.2100067138672,130.22999572753906,126.81999969482422,130.14999389648438,51027600,-0.026425663778747666,130.1885724748884,130.14600016276043,117.28177803887262,0.01753296363092954,0.12877305703354436,AMZN
2023-08-03,128.91000366210938,128.91000366210938,129.83999633789062,126.41000366210938,127.4800033569336,88585200,0.005459768439170398,130.15714372907365,130.28200022379556,117.6237781100803,0.017480428418810017,0.08905434335127071,AMZN
2023-08-04,139.57000732421875,139.57000732421875,143.6300048828125,139.32000732421875,141.05999755859375,153128500,0.08269337801006271,131.78857421875,130.59600067138672,118.08522262573243,0.021760438970993688,0.002937510796054532,AMZN
2023-08-07,142.22000122070312,142.22000122070312,142.5399932861328,138.9499969482422,140.99000549316406,71213100,0.01898684357254843,133.78428867885046,131.02566731770833,118.58500044080947,0.021894900480262082,-0.03227391575371785,AMZN
2023-08-08,139.94000244140625,139.94000244140625,140.83999633789062,138.4199981689453,140.6199951171875,51710500,-0.016031491771390738,134.8885737827846,131.4460006713867,119.0260004679362,0.02191198829577531,-0.03322859135450151,AMZN
2023-08-09,137.85000610351562,137.85000610351562,140.32000732421875,137.10000610351562,139.97000122070312,50017300,-0.01493494570121734,135.48428998674666,131.73500111897786,119.42433386908637,0.022054877924828215,-0.06180633946481673,AMZN
2023-08-10,138.55999755859375,138.55999755859375,140.41000366210938,137.49000549316406,139.07000732421875,58928400,0.005150463718840648,136.46571786063058,132.05233459472657,119.816222720676,0.02205031291970313,-0.06812934907431922,AMZN
2023-08-11,138.41000366210938,138.41000366210938,139.3300018310547,137.0,137.39999389648438,42905800,-0.0010825194798443905,137.92286028180803,132.40266799926758,120.216222720676,0.021956853364107996,-0.05158586229849993,AMZN
2023-08-14,140.57000732421875,140.57000732421875,140.58999633789062,137.75,138.3000030517578,47148700,0.015605834874352187,139.5885750906808,132.74300155639648,120.62311172485352,0.021873417012594727,-0.10379172801516567,AMZN
2023-08-15,137.6699981689453,137.6699981689453,141.27999877929688,137.22999572753906,140.0500030517578,42781500,-0.020630355012962953,139.31714521135603,132.99133478800456,121.02944505479601,0.02227875252990841,-0.0849131616727854,AMZN
2023-08-16,135.07000732421875,135.07000732421875,137.27000427246094,135.00999450683594,137.19000244140625,41675900,-0.018885675014943426,138.29571751185827,133.1476682027181,121.39622294108072,0.022605872083959287,-0.06729846356982672,AMZN
2023-08-17,133.97999572753906,133.97999572753906,136.08999633789062,133.52999877929688,135.4600067138672,48354100,-0.008069975106044458,137.4442879813058,133.33500137329102,121.74966735839844,0.02245447092744522,-0.05120162113534821,AMZN
2023-08-18,133.22000122070312,133.22000122070312,134.07000732421875,131.14999389648438,131.6199951171875,48497700,-0.005672447612115605,136.7828587123326,133.44966812133788,122.11966739230685,0.022420884457240352,-0.028223948899436135,AMZN
2023-08-21,134.67999267578125,134.67999267578125,135.19000244140625,132.7100067138672,133.74000549316406,41442500,0.01095925117625085,136.22857230050224,133.70133463541666,122.52911173502604,0.02211166893764894,-0.0739530145287064,AMZN
2023-08-22,134.25,134.25,135.64999389648438,133.72999572753906,135.0800018310547,32905400,-0.0031926989840012077,135.63428606305803,133.8836680094401,122.88300060696072,0.02203571949569629,-0.054003724394785846,AMZN
2023-08-23,135.52000427246094,135.52000427246094,135.9499969482422,133.22000122070312,134.5,42801000,0.009459994580714559,134.91285705566406,134.04100138346354,123.2497784084744,0.021927709858726996,-0.07054312932847928,AMZN
2023-08-24,131.83999633789062,131.83999633789062,136.77999877929688,131.8300018310547,136.39999389648438,43646300,-0.027154721211281152,134.07999965122767,133.95900115966796,123.57311172485352,0.021987758146160715,-0.02942959163525749,AMZN
2023-08-25,133.25999450683594,133.25999450683594,133.8699951171875,130.5800018310547,132.47000122070312,44147500,0.010770617478674804,133.82142639160156,133.9116678873698,123.91711162990994,0.02207544764047432,-0.037520637896645836,AMZN
2023-08-28,133.13999938964844,133.13999938964844,133.9499969482422,131.85000610351562,133.77999877929688,34108400,-0.0009004586682715976,133.70142691476005,133.89766794840494,124.23755603366428,0.022021994815713406,-0.027489887929156298,AMZN
2023-08-29,134.91000366210938,134.91000366210938,135.13999938964844,133.25,133.3800048828125,38646100,0.013294308852149106,133.94285583496094,133.96700134277344,124.58311165703668,0.022123902644043476,-0.022830047790738717,AMZN
2023-08-30,135.07000732421875,135.07000732421875,135.67999267578125,133.9199981689453,134.92999267578125,36137000,0.0011860029483812262,133.99857221330916,133.95733489990235,124.89544508192274,0.021853206386818085,-0.020285817313883903,AMZN
2023-08-31,138.00999450683594,138.00999450683594,138.7899932861328,135.0,135.05999755859375,58781300,0.021766395374215985,134.53571428571428,134.22566782633464,125.24877836439344,0.02083252107936958,-0.05956091259967389,AMZN
2023-09-01,138.1199951171875,138.1199951171875,139.9600067138672,136.8800048828125,139.4600067138672,40991500,0.0007970481467276525,134.90714154924666,134.4963343302409,125.64377831353082,0.02083117211131319,-0.0403271956439315,AMZN
2023-09-05,137.27000427246094,137.27000427246094,137.8000030517578,135.82000732421875,137.72999572753906,40636700,-0.006154002858205887,135.682856968471,134.77866770426434,126.00255610148112,0.020780333785327502,-0.042252515999385065,AMZN
2023-09-06,135.36000061035156,135.36000061035156,137.4499969482422,134.61000061035156,136.32000732421875,41785500,-0.013914209970579572,135.98285784040178,134.98633422851563,126.28633388943142,0.020990614433882553,-0.05341308876284201,AMZN
2023-09-07,137.85000610351562,137.85000610351562,138.02999877929688,133.16000366210938,133.89999389648438,48498900,0.018395430569861038,136.6557159423828,135.30966796875,126.64633399115668,0.02112637208996329,-0.06855286027288932,AMZN
2023-09-08,138.22999572753906,138.22999572753906,138.85000610351562,136.75,136.86000061035156,38348200,0.0027565441218631026,137.1300005231585,135.6423344930013,127.04833390977647,0.021123436631228846,-0.09448019939417429,AMZN
2023-09-11,143.10000610351562,143.10000610351562,143.6199951171875,138.63999938964844,138.75,56764500,0.035231212663680456,138.27714320591517,136.00533447265624,127.48688956366645,0.021337500629747062,-0.11558356281939752,AMZN
2023-09-12,141.22999572753906,141.22999572753906,143.0,140.61000061035156,142.32000732421875,42668500,-0.013067856717097759,138.73714338030135,136.2570012410482,127.90444505479601,0.02147107520594612,-0.08971180735138073,AMZN
2023-09-13,144.85000610351562,144.85000610351562,144.97999572753906,140.8699951171875,140.9499969482422,60465200,0.025632022130484877,139.69857352120536,136.69566802978517,128.35833401150174,0.021642654460188315,-0.16196068847316258,AMZN
2023-09-14,144.72000122070312,144.72000122070312,145.86000061035156,142.9499969482422,145.0800018310547,64033600,-0.0008975138235036706,140.76285879952567,137.24600118001302,128.792333984375,0.020919268448718522,-0.17378386756315922,AMZN
2023-09-15,140.38999938964844,140.38999938964844,143.57000732421875,140.08999633789062,142.69000244140625,102909300,-0.029919857618376344,141.48143005371094,137.62866770426433,129.17633395724826,0.021826417353564703,-0.09010614417604768,AMZN
2023-09-18,139.97999572753906,139.97999572753906,141.75,139.22000122070312,140.47999572753906,42823500,-0.0029204620264398073,141.78571428571428,137.642333984375,129.54700054592556,0.015830458025405187,-0.051935913956036805,AMZN
2023-09-19,137.6300048828125,137.6300048828125,138.83999633789062,135.55999755859375,138.6999969482422,61482500,-0.016788047695762587,141.7000013078962,137.4893341064453,129.8518894619412,0.0157149475356592,-0.03298705503053312,AMZN
2023-09-20,135.2899932861328,135.2899932861328,139.3699951171875,135.1999969482422,138.5500030517578,46263700,-0.01700219075536713,140.58428519112724,137.33433380126954,130.1086671617296,0.015747984707102137,0.01263956536867128,AMZN
2023-09-21,129.3300018310547,129.3300018310547,132.24000549316406,129.30999755859375,131.94000244140625,70343300,-0.04405345369833069,138.88428606305803,137.05033365885416,130.32055604722765,0.017442290080519632,0.06757910283324087,AMZN
2023-09-22,129.1199951171875,129.1199951171875,132.02999877929688,128.52000427246094,131.11000061035156,59904300,-0.0016238050792075631,136.63714163643974,136.73566691080728,130.5196671379937,0.017390613056107493,0.07342016221208958,AMZN
2023-09-25,131.27000427246094,131.27000427246094,131.77999877929688,128.77000427246094,129.36000061035156,46017800,0.01665124873434287,134.71571350097656,136.49766693115234,130.71822272406683,0.017728115744512846,0.06452350837989607,AMZN
2023-09-26,125.9800033569336,125.9800033569336,130.38999938964844,125.27999877929688,130.1199951171875,73048200,-0.040298626825268746,132.65714263916016,136.01133346557617,130.83466720581055,0.018763857958601596,0.13279888006934892,AMZN
2023-09-27,125.9800033569336,125.9800033569336,127.4800033569336,124.12999725341797,125.76000213623047,66553400,0.0,130.65714372907365,135.62166697184244,130.9216672261556,0.018489480563089373,0.1277980476671816,AMZN
2023-09-28,125.9800033569336,125.9800033569336,126.58000183105469,123.04000091552734,124.04000091552734,54555000,0.0,128.99285779680525,135.31866683959962,131.02977837456598,0.018242319489086438,0.11605018540251844,AMZN
2023-09-29,127.12000274658203,127.12000274658203,129.14999389648438,126.31999969482422,128.1999969482422,62411700,0.009049050319664742,127.82571629115513,135.09000040690105,131.1643339369032,0.018318589663798214,0.1293265769100509,AMZN
2023-10-02,129.4600067138672,129.4600067138672,130.47000122070312,126.54000091552734,127.27999877929688,48029700,0.01840783446134786,127.8442884172712,134.96466725667318,131.3251118130154,0.018657832705304026,0.10142120302097135,AMZN
2023-10-03,124.72000122070312,124.72000122070312,128.52000427246094,124.25,128.05999755859375,51565000,-0.03661366636292884,127.21571786063058,134.6326675415039,131.41366738213432,0.019622044107297863,0.1690186146947814,AMZN
2023-10-04,127.0,127.0,127.36000061035156,125.68000030517578,126.05999755859375,44203900,0.018280939360016735,126.60571725027901,134.39100087483723,131.54700071546768,0.0199794146246007,0.12755903108852107,AMZN
2023-10-05,125.95999908447266,125.95999908447266,126.7300033569336,124.33000183105469,126.70999908447266,39660600,-0.008188983586829512,126.60285949707031,134.07233403523762,131.61200069851344,0.019900548838733552,0.13393142957446735,AMZN
2023-10-06,127.95999908447266,127.95999908447266,128.4499969482422,124.12999725341797,124.16000366210938,46836700,0.015878056641289273,126.88571602957589,133.94300079345703,131.68200064765082,0.019591468945248755,0.13457325503684037,AMZN
2023-10-09,128.25999450683594,128.25999450683594,128.7899932861328,124.76000213623047,126.22000122070312,38773700,0.0023444468936362206,127.21142905099052,133.77633412679037,131.76733389960395,0.019479827991970823,0.1393264551794764,AMZN
2023-10-10,129.47999572753906,129.47999572753906,130.74000549316406,128.0500030517578,128.82000732421875,42178600,0.009511938819224852,127.54857090541294,133.65433400472006,131.84188944498698,0.019575829116408004,0.11136854066082069,AMZN
2023-10-11,131.8300018310547,131.8300018310547,132.0500030517578,129.61000061035156,129.74000549316406,40741800,0.01814956889912689,127.88714163643974,133.55166727701823,131.92611168755425,0.019715447444599715,0.11287267447573734,AMZN
2023-10-12,132.3300018310547,132.3300018310547,134.47999572753906,131.22999572753906,132.1699981689453,55528600,0.0037927633547389927,128.97428458077567,133.46033376057943,132.004222785102,0.019729239472317108,0.10889445675748255,AMZN
2023-10-13,129.7899932861328,129.7899932861328,133.30999755859375,128.9499969482422,132.97999572753906,45786600,-0.019194502454286222,129.37285505022322,133.18633371988932,132.03955603705512,0.019552194067952545,0.13822330972662922,AMZN
2023-10-16,132.5500030517578,132.5500030517578,133.07000732421875,130.42999267578125,130.69000244140625,42832900,0.021265196921155027,130.31428418840682,133.00066731770832,132.16533381144205,0.020000047102609036,0.10924176080090287,AMZN
2023-10-17,131.47000122070312,131.47000122070312,132.5800018310547,128.7100067138672,130.38999938964844,49344600,-0.008147882355257097,130.81571306501115,132.80733388264974,132.24555604722764,0.020020461343171123,0.11295357089551117,AMZN
2023-10-18,128.1300048828125,128.1300048828125,130.6699981689453,127.51000213623047,129.89999389648438,42699500,-0.025405007278304192,130.7971431187221,132.56633402506512,132.2977783203125,0.02037797410646928,0.14017006767075602,AMZN
2023-10-19,128.39999389648438,128.39999389648438,132.24000549316406,127.47000122070312,130.57000732421875,60961400,0.002107149015711185,130.64285714285714,132.25133361816407,132.31811158921982,0.020040332541447308,0.14509350286910405,AMZN
2023-10-20,125.16999816894531,125.16999816894531,128.1699981689453,124.97000122070312,128.0500030517578,56406400,-0.02515573116103942,129.6914280482701,131.81600036621094,132.30155597262913,0.02044758082915664,0.1571462687280396,AMZN
2023-10-23,126.55999755859375,126.55999755859375,127.87999725341797,123.9800033569336,124.62999725341797,48260000,0.011104892625885654,128.8671417236328,131.26466674804686,132.303111521403,0.019332067430948834,0.16055631887011645,AMZN
2023-10-24,128.55999755859375,128.55999755859375,128.8000030517578,126.33999633789062,127.73999786376953,46477400,0.015802781594350668,128.6914280482701,130.8423334757487,132.31922259860568,0.019577167876744527,0.12414442296946304,AMZN
2023-10-25,121.38999938964844,121.38999938964844,126.33999633789062,120.79000091552734,126.04000091552734,74577500,-0.055771610960691276,127.09714181082589,130.06033325195312,132.27366706000433,0.021065137387070127,0.20998439427735693,AMZN
2023-10-26,119.56999969482422,119.56999969482422,121.63999938964844,118.3499984741211,120.62999725341797,100419500,-0.01499299533713827,125.3971415928432,129.22199986775715,132.20466707017687,0.021112519377804718,0.23291794384211761,AMZN
2023-10-27,127.73999786376953,127.73999786376953,130.02000427246094,125.5199966430664,126.19999694824219,125309300,0.06832816082460003,125.34142630440849,128.80033315022786,132.23700035942926,0.02462239880049587,0.1420855004650563,AMZN
2023-10-30,132.7100067138672,132.7100067138672,133.0,128.55999755859375,129.72000122070312,72485500,0.03890722509168976,125.95714242117745,128.55800018310546,132.26544494628905,0.025775494875852765,0.11129521713850177,AMZN
2023-10-31,133.08999633789062,133.08999633789062,133.57000732421875,131.7100067138672,132.75,51589400,0.002863308000901066,127.08857073102679,128.40666656494142,132.3072226630317,0.02562164207169442,0.11834097553067546,AMZN
2023-11-01,137.0,137.0,137.35000610351562,133.7100067138672,133.9600067138672,61529400,0.02937864429857373,128.57999965122767,128.463666788737,132.41466708713108,0.026006718824744413,0.07605838079522131,AMZN
2023-11-02,138.07000732421875,138.07000732421875,138.80999755859375,136.47000122070312,138.72999572753906,52236700,0.007810272439553012,129.9385724748884,128.75500030517577,132.51344502766926,0.024612440946895048,0.08618811664535198,AMZN
2023-11-03,138.60000610351562,138.60000610351562,139.49000549316406,137.4499969482422,138.99000549316406,44059800,0.0038386235328597973,132.3971448625837,129.0710006713867,132.61966739230687,0.024601277855918795,0.11161616550831255,AMZN
2023-11-06,139.74000549316406,139.74000549316406,140.72999572753906,138.36000061035156,138.75999450683594,44970400,0.008225103459209127,135.27857426234655,129.35333404541015,132.75122299194337,0.02448381416645149,0.10054377587423291,AMZN
2023-11-07,142.7100067138672,142.7100067138672,143.3699951171875,140.5,140.5500030517578,53553500,0.02125376487729147,137.41714695521765,129.9110008239746,132.88844528198243,0.023336538153936527,0.0659378316909991,AMZN
2023-11-08,142.0800018310547,142.0800018310547,143.1199951171875,141.22000122070312,142.97000122070312,44521700,-0.004414580990635519,138.75571768624442,130.44766743977866,133.0202230665419,0.023379299477450235,0.08277023054109733,AMZN
2023-11-09,140.60000610351562,140.60000610351562,142.64999389648438,139.83999633789062,142.02000427246094,36235400,-0.010416636461610618,139.82857622419084,130.93500086466472,133.1337786356608,0.023521980750493318,0.09118059394671052,AMZN
2023-11-10,143.55999755859375,143.55999755859375,143.64999389648438,139.91000366210938,140.4600067138672,49287800,0.021052569890351647,140.7657187325614,131.48300069173177,133.30266749064128,0.02371331661322069,0.0686124705421185,AMZN
2023-11-13,142.58999633789062,142.58999633789062,143.22999572753906,140.6699981689453,142.0800018310547,35680600,-0.006756765374750118,141.41143144880022,131.92066701253256,133.44500079684786,0.02364326327843678,0.07539098307097292,AMZN
2023-11-14,145.8000030517578,145.8000030517578,147.25999450683594,144.67999267578125,145.0,56674600,0.02251214528584833,142.44000244140625,132.6233337402344,133.65244530571832,0.022627098569496167,0.05198903753358519,AMZN
2023-11-15,143.1999969482422,143.1999969482422,147.2899932861328,142.58999633789062,147.05999755859375,63875700,-0.017832688951265996,142.93428693498885,133.1633336385091,133.81266750759548,0.022881006972704634,0.06103355921385267,AMZN
2023-11-16,142.8300018310547,142.8300018310547,143.32000732421875,139.52000427246094,140.91000366210938,49653500,-0.0025837648398919777,142.95142909458704,133.72566706339518,133.9463341606988,0.02279856935114875,0.04970938005815273,AMZN
2023-11-17,145.17999267578125,145.17999267578125,145.22999572753906,142.5399932861328,142.66000366210938,49636700,0.016453061783939793,143.39428492954798,134.29966684977214,134.06722293429905,0.02280874900809795,0.022661583626534476,AMZN
2023-11-20,146.1300048828125,146.1300048828125,146.6300048828125,144.72999572753906,145.1300048828125,41951200,0.0065436854591447435,144.18428475516183,134.89533386230468,134.19444529215494,0.022808154974353928,-0.010675408926761998,AMZN
2023-11-21,143.89999389648438,143.89999389648438,144.0500030517578,141.5,143.91000366210938,71226000,-0.015260459261028925,144.23285566057478,135.3760004679362,134.30933414035374,0.023071387506088642,0.009312103221099655,AMZN
2023-11-22,146.7100067138672,146.7100067138672,147.74000549316406,144.57000732421875,144.57000732421875,45669100,0.019527539517508297,144.82142857142858,135.87200063069662,134.46355641682942,0.023102329146691393,0.016290636495639443,AMZN
2023-11-24,146.74000549316406,146.74000549316406,147.1999969482422,145.32000732421875,146.6999969482422,22378400,0.0002044767086364363,144.9557146344866,136.35233408610026,134.59000091552736,0.023111803866993602,0.03155233372428312,AMZN
2023-11-27,147.72999572753906,147.72999572753906,149.25999450683594,146.8800048828125,147.52999877929688,53762400,0.006746559883569869,145.6028573172433,136.95033416748046,134.78744523790147,0.022707112256497894,0.04061463598134729,AMZN
2023-11-28,147.02999877929688,147.02999877929688,147.60000610351562,145.52999877929688,146.97999572753906,42711700,-0.00473835354015173,146.2028568812779,137.43300069173176,134.97666744656033,0.022543676159108163,0.05543082339759886,AMZN
2023-11-29,146.32000732421875,146.32000732421875,148.5399932861328,145.97000122070312,147.85000610351562,40610900,-0.0048288883967405605,146.36571611676897,137.9280008951823,135.1713341606988,0.02249158044680959,0.0567249000649479,AMZN
2023-11-30,146.08999633789062,146.08999633789062,146.92999267578125,144.3300018310547,144.75999450683594,65814000,-0.001571972217158657,146.36000061035156,138.52666727701822,135.35977851019965,0.021835164624540798,0.048394876455924996,AMZN
2023-12-01,147.02999877929688,147.02999877929688,147.25,145.5500030517578,146.0,39951800,0.006434406632690459,146.80714416503906,139.14766743977864,135.5695563422309,0.021832345341167035,0.031830292956714024,AMZN
2023-12-04,144.83999633789062,144.83999633789062,145.35000610351562,142.80999755859375,145.25,48294200,-0.014894936132684111,146.53999982561385,139.80333404541017,135.75388963487413,0.021424154704297815,0.059790140023939564,AMZN
2023-12-05,146.8800048828125,146.8800048828125,148.57000732421875,143.1300048828125,143.5500030517578,46822400,0.014084566393959497,146.55999973842077,140.4806676228841,135.91688961452908,0.021459842746854692,0.057597979124714094,AMZN
2023-12-06,144.52000427246094,144.52000427246094,147.85000610351562,144.27999877929688,147.5800018310547,39679000,-0.016067541747663228,146.10142953055245,141.01266784667968,136.0373341878255,0.021704160730131664,0.0709935939905797,AMZN
2023-12-07,146.8800048828125,146.8800048828125,147.9199981689453,145.33999633789062,146.14999389648438,52352800,0.016329923474831087,146.0800018310547,141.86233469645182,136.20611199273003,0.01861382107009488,0.06222766262120394,AMZN
2023-12-08,147.4199981689453,147.4199981689453,147.83999633789062,145.39999389648438,145.47999572753906,41906000,0.0036764247561378305,146.23714338030135,142.79066797892253,136.4195563422309,0.018176101421351273,0.06410254419764927,AMZN
2023-12-11,145.88999938964844,145.88999938964844,146.19000244140625,143.63999938964844,145.66000366210938,50907300,-0.010378502226973785,146.2085723876953,143.39566802978516,136.60822296142578,0.01431220051151221,0.08129413023489995,AMZN
2023-12-12,147.47999572753906,147.47999572753906,147.5,145.3000030517578,145.52000427246094,44944300,0.010898597193382598,146.27285766601562,143.88800099690755,136.69611172146267,0.012829542478784222,0.07892595420976734,AMZN
2023-12-13,148.83999633789062,148.83999633789062,149.4600067138672,146.82000732421875,148.1199951171875,52766200,0.009221593773735215,146.8442862374442,144.41300099690756,136.76966722276475,0.012869359635174441,0.08344530015137819,AMZN
2023-12-14,147.4199981689453,147.4199981689453,150.5399932861328,145.52000427246094,149.92999267578125,58400800,-0.00954043404920335,146.92142813546317,144.76033426920574,136.8527782864041,0.012144761704431175,0.07855109194740217,AMZN
2023-12-15,149.97000122070312,149.97000122070312,150.57000732421875,147.8800048828125,148.3800048828125,110089300,0.01729753821347546,147.6999991280692,145.15700073242186,136.98744489881727,0.012408000643977821,0.03487361262231592,AMZN
2023-12-18,154.07000732421875,154.07000732421875,154.85000610351562,150.0500030517578,150.55999755859375,62512800,0.027338841569267247,148.72714233398438,145.67266743977865,137.15977834065754,0.013190739935159065,0.033815740945052575,AMZN
2023-12-19,153.7899932861328,153.7899932861328,155.1199951171875,152.69000244140625,154.39999389648438,43171300,-0.0018174467759756174,149.63714163643974,146.14100036621093,137.3306671142578,0.013197195817938882,0.11717280095678229,AMZN
2023-12-20,152.1199951171875,152.1199951171875,155.6300048828125,151.55999755859375,152.89999389648438,50322100,-0.01085895208954335,150.52714102608817,146.4546666463216,137.45900031195745,0.012989980967911804,0.11957666990058313,AMZN
2023-12-21,153.83999633789062,153.83999633789062,153.97000122070312,152.10000610351562,153.3000030517578,36305700,0.011306871390431628,151.43571254185267,146.84666646321614,137.6386669582791,0.013030487937553329,0.09951896725847043,AMZN
2023-12-22,153.4199981689453,153.4199981689453,154.35000610351562,152.7100067138672,153.77000427246094,29514100,-0.0027300973670256745,152.08999851771765,147.2739995320638,137.8425557454427,0.012837084019836397,0.11152392657122912,AMZN
2023-12-26,153.41000366210938,153.41000366210938,153.97999572753906,153.02999877929688,153.55999755859375,25067200,-6.514474615582078e-05,152.94571358816964,147.60233306884766,138.05844472249348,0.01238358062809415,0.10709857430137903,AMZN
2023-12-27,153.33999633789062,153.33999633789062,154.77999877929688,153.1199951171875,153.55999755859375,31434700,-0.0004563413242133496,153.42714146205358,147.96066640218098,138.28200022379556,0.012277867860517818,0.13766793474961903,AMZN
2023-12-28,153.3800048828125,153.3800048828125,154.0800018310547,152.9499969482422,153.72000122070312,27057000,0.0002609139551152939,153.32856968470983,148.2133331298828,138.48977813720703,0.011684923463907117,0.12361449244681011,AMZN
2023-12-29,151.94000244140625,151.94000244140625,153.88999938964844,151.02999877929688,153.10000610351562,39823200,-0.009388462612883952,153.0642852783203,148.50466664632162,138.68633371988932,0.011291864892779311,0.10991178544098235,AMZN
2024-01-02,149.92999267578125,149.92999267578125,152.3800048828125,148.38999938964844,151.5399932861328,47339400,-0.013228970207501023,152.75142778669084,148.7413330078125,138.84644470214843,0.011605030301503848,0.14039888001113798,AMZN
2024-01-03,148.47000122070312,148.47000122070312,151.0500030517578,148.3300018310547,149.1999969482422,49425500,-0.00973782115920796,151.98428562709265,148.8509999593099,139.03122253417968,0.011439578871404784,0.1436653980984839,AMZN
2024-01-04,144.57000732421875,144.57000732421875,147.3800048828125,144.0500030517578,145.58999633789062,56039800,-0.026267891590348702,150.72000122070312,148.79900004069012,139.15688934326172,0.01240067023560579,0.17251148868441102,AMZN
2024-01-05,145.24000549316406,145.24000549316406,146.58999633789062,144.52999877929688,144.69000244140625,45153100,0.00463442024626004,149.55285862513952,148.84366709391276,139.291333855523,0.012100447070034897,0.15037176750119685,AMZN
2024-01-08,149.10000610351562,149.10000610351562,149.39999389648438,146.14999389648438,146.74000549316406,46757100,0.026576703830634596,148.94714573451452,148.92333374023437,139.4490005493164,0.01254535316165496,0.13071756832017623,AMZN
2024-01-09,151.3699951171875,151.3699951171875,151.7100067138672,148.2100067138672,148.3300018310547,43812600,0.015224607114340927,148.66000148228235,149.07766672770182,139.63011152479385,0.01282501942028462,0.1533329422115557,AMZN
2024-01-10,153.72999572753906,153.72999572753906,154.4199981689453,151.8800048828125,152.05999755859375,44421800,0.015590940651907248,148.91571480887276,149.2776667277018,139.80477820502387,0.013058459412646816,0.1382944796492731,AMZN
2024-01-11,155.17999267578125,155.17999267578125,157.1699981689453,153.1199951171875,155.0399932861328,49072700,0.009432101662268044,149.66571480887276,149.54933319091796,139.9943337334527,0.013084647012994671,0.12598275534529635,AMZN
2024-01-12,154.6199951171875,154.6199951171875,156.1999969482422,154.00999450683594,155.38999938964844,40484200,-0.0036086969005325598,150.5442853655134,149.82599945068358,140.1871114095052,0.013064947196987744,0.1223644985540564,AMZN
2024-01-16,153.16000366210938,153.16000366210938,154.99000549316406,152.14999389648438,153.52999877929688,41384600,-0.009442449238027617,151.77142769949776,150.0616663614909,140.3848892211914,0.013215702590396266,0.13058239437054708,AMZN
2024-01-17,151.7100067138672,151.7100067138672,152.14999389648438,149.91000366210938,151.49000549316406,34953400,-0.009467203666572499,152.69571358816964,150.21766662597656,140.5388892279731,0.01333598489520136,0.1651175709207786,AMZN
2024-01-18,153.5,153.5,153.77999877929688,151.82000732421875,152.77000427246094,37850200,0.011798781932089941,153.32428414481026,150.50633341471354,140.70855594211156,0.013118606961176482,0.16104235322933635,AMZN
2024-01-19,155.33999633789062,155.33999633789062,155.75999450683594,152.74000549316406,153.8300018310547,51651600,0.011986946826648914,153.89142717633928,150.7883331298828,140.8445558336046,0.013057537879129662,0.14316985977512386,AMZN
2024-01-22,154.77999877929688,154.77999877929688,157.0500030517578,153.89999389648438,156.88999938964844,43687500,-0.003604979862209201,154.0414276123047,151.13033294677734,140.99511142306858,0.012656622068197898,0.12495152145250898,AMZN
2024-01-23,156.02000427246094,156.02000427246094,156.2100067138672,153.92999267578125,154.85000610351562,37986000,0.008011406531487353,154.16142926897322,151.43499959309895,141.11922251383464,0.012429228973971628,0.11210094702876616,AMZN
2024-01-24,156.8699951171875,156.8699951171875,158.50999450683594,156.47999572753906,157.8000030517578,48547300,0.005447960655367012,154.48285784040178,151.7499994913737,141.2542224460178,0.01244123446243156,0.12717544991397411,AMZN
2024-01-25,157.75,157.75,158.50999450683594,154.5500030517578,156.9499969482422,43638600,0.005609771850602074,155.1385716029576,152.14533284505208,141.44711134168836,0.01222673782633642,0.1115689768844097,AMZN
2024-01-26,159.1199951171875,159.1199951171875,160.72000122070312,157.91000366210938,158.4199981689453,51047400,0.008684596622424712,156.19714137486048,152.53333282470703,141.65977800157336,0.012182025023114404,0.08069389134422345,AMZN
2024-01-29,161.25999450683594,161.25999450683594,161.2899932861328,158.89999389648438,159.33999633789062,45270400,0.01344896590822775,157.3057120186942,152.94733276367188,141.92233344184027,0.012285189026667798,0.08762250628883361,AMZN
2024-01-30,159.0,159.0,161.72999572753906,158.49000549316406,160.6999969482422,45207400,-0.014014601164705653,157.82856968470983,153.33333282470704,142.18577796088326,0.012465346553866732,0.11044023621757071,AMZN
2024-01-31,155.1999969482422,155.1999969482422,159.00999450683594,154.80999755859375,157.0,50284400,-0.023899390262627773,157.88856942313058,153.507666015625,142.4732223510742,0.013045919854490724,0.15173971336875436,AMZN
2024-02-01,159.27999877929688,159.27999877929688,159.75999450683594,155.6199951171875,155.8699951171875,76542400,0.026288672108771616,158.35428292410714,153.68133239746095,142.80833350287543,0.012974648987013948,0.0950527342144627,AMZN
2024-02-02,171.80999755859375,171.80999755859375,172.5,167.3300018310547,169.19000244140625,117218300,0.07866649218561839,160.48856898716517,154.28199920654296,143.25877787272137,0.019172054292622497,0.015540412123192793,AMZN
2024-02-05,170.30999755859375,170.30999755859375,170.5500030517578,167.6999969482422,170.1999969482422,55081300,-0.008730574595861018,162.28285435267858,154.88833262125652,143.7513333638509,0.019119523953657198,0.03282247911469449,AMZN
2024-02-06,169.14999389648438,169.14999389648438,170.7100067138672,167.64999389648438,169.38999938964844,42505500,-0.00681113075414308,163.71571132114954,155.39866587320964,144.23099992540148,0.01916503432500437,0.05320721445315435,AMZN
2024-02-07,170.52999877929688,170.52999877929688,170.8800048828125,168.94000244140625,169.47999572753906,47174100,0.008158468416245013,165.03999764578683,155.96899922688803,144.72599987453884,0.019149205701779543,0.04468419147207903,AMZN
2024-02-08,169.83999633789062,169.83999633789062,171.42999267578125,168.8800048828125,169.64999389648438,42316500,-0.004046223223746481,166.58856855119978,156.51666564941405,145.20066646999783,0.01918997195488327,0.05316768119408111,AMZN
2024-02-09,174.4499969482422,174.4499969482422,175.0,170.5800018310547,170.89999389648438,56986000,0.02714319777292107,169.33856855119978,157.22033233642577,145.70055525037978,0.01964640658287111,0.0301519624972284,AMZN
2024-02-12,172.33999633789062,172.33999633789062,175.38999938964844,171.5399932861328,174.8000030517578,51050400,-0.012095159915523457,171.20428248814173,157.85233205159506,146.2296663072374,0.01986641974200165,0.03458284113098142,AMZN
2024-02-13,168.63999938964844,168.63999938964844,170.9499969482422,165.75,167.72999572753906,56345100,-0.021469171561243172,170.75142560686385,158.40899861653645,146.69233296712238,0.020267205067590825,0.06635437904355879,AMZN
2024-02-14,170.97999572753906,170.97999572753906,171.2100067138672,168.27999877929688,169.2100067138672,42815500,0.013875689909627953,170.8471396309989,159.11066538492838,147.19255515204534,0.020090996228986246,0.05497724523430558,AMZN
2024-02-15,169.8000030517578,169.8000030517578,171.1699981689453,167.58999633789062,170.5800018310547,49855200,-0.006901349311422389,170.93999808175224,159.82166544596353,147.6574440850152,0.020027870143815615,0.06578326247462152,AMZN
2024-02-16,169.50999450683594,169.50999450683594,170.4199981689453,167.1699981689453,168.74000549316406,48107700,-0.0017079419299743659,170.7942831856864,160.6529983520508,148.11577741834853,0.019204500704497963,0.06595485987181382,AMZN
2024-02-20,167.0800018310547,167.0800018310547,168.7100067138672,165.74000549316406,167.8300018310547,41980300,-0.01433539469369316,170.3999982561384,161.38099822998046,148.53355526394313,0.01954305057747741,0.09175246386791303,AMZN
2024-02-21,168.58999633789062,168.58999633789062,170.22999572753906,167.13999938964844,168.94000244140625,44420100,0.00903755380828164,169.56285531180245,162.0306645711263,148.94199964735242,0.01912895397633461,0.06767900771076163,AMZN
2024-02-22,174.5800018310547,174.5800018310547,174.8000030517578,171.77000427246094,173.10000610351562,55392400,0.035530017339574504,169.88285609654017,162.80433146158853,149.41144409179688,0.01987443207194717,0.060087096936311646,AMZN
2024-02-23,174.99000549316406,174.99000549316406,175.75,173.6999969482422,174.27999877929688,59715200,0.0023485144793740087,170.78999982561385,163.51299845377605,149.91366644965277,0.01977682325985425,0.05828902581890971,AMZN
2024-02-26,174.72999572753906,174.72999572753906,176.3699951171875,174.25999450683594,175.6999969482422,44368600,-0.0014858549486425066,171.32571411132812,164.16466522216797,150.38233303493922,0.019783600479306395,0.06261090086939203,AMZN
2024-02-27,173.5399932861328,173.5399932861328,174.6199951171875,172.86000061035156,174.0800018310547,31141700,-0.006810521779339163,171.85999843052454,164.7953318277995,150.84977739122178,0.01983545310113744,0.07151091472988447,AMZN
2024-02-28,173.16000366210938,173.16000366210938,174.0500030517578,172.27000427246094,172.44000244140625,28180500,-0.0021896371944472026,172.38142830984933,165.46199849446614,151.35011071099174,0.01970925040598124,0.09176483629935062,AMZN
2024-02-29,176.75999450683594,176.75999450683594,177.22000122070312,172.85000610351562,173.00999450683594,53805400,0.02078996747858297,173.76428440638952,166.2969980875651,151.88744405110677,0.019755507219002304,0.053009791056619404,AMZN
2024-03-01,178.22000122070312,178.22000122070312,178.72999572753906,176.07000732421875,176.75,31981200,0.00825982552183624,175.13999938964844,167.1209981282552,152.47688852945964,0.019725850326463307,0.03029959521657255,AMZN
2024-03-04,177.5800018310547,177.5800018310547,180.13999938964844,177.49000549316406,177.52999877929688,37381500,-0.003591063770984282,175.56857081821985,167.86233164469402,153.0437774658203,0.019745319588410273,0.03232349044925087,AMZN
2024-03-05,174.1199951171875,174.1199951171875,176.92999267578125,173.3000030517578,176.92999267578125,37228300,-0.01948421375262155,175.44428362165178,168.50699818929036,153.5499996609158,0.020182338424998725,0.041121088116792714,AMZN
2024-03-06,173.50999450683594,173.50999450683594,176.4600067138672,173.25999450683594,175.5399932861328,32090900,-0.0035033346396604603,175.2699977329799,169.08999786376953,154.12911071777344,0.020215330660029503,0.03290880580162914,AMZN
2024-03-07,176.82000732421875,176.82000732421875,177.99000549316406,173.72000122070312,174.8300018310547,34063300,0.019076784751165476,175.7385711669922,169.75499827067057,154.7652219136556,0.020407253376074932,-0.01238549005028966,AMZN
2024-03-08,175.35000610351562,175.35000610351562,178.7899932861328,174.3300018310547,176.44000244140625,37893200,-0.008313545751684748,176.05142865862166,170.34166514078777,155.29422200520833,0.020531907346268183,0.010721354768095104,AMZN
2024-03-11,171.9600067138672,171.9600067138672,174.47000122070312,171.47000122070312,174.30999755859375,28484800,-0.019332758891648982,175.36571611676897,170.76966552734376,155.73033311631946,0.02093209968315307,0.04407993880157468,AMZN
2024-03-12,175.38999938964844,175.38999938964844,176.75999450683594,171.97999572753906,173.5,36610600,0.019946455814511488,174.961430140904,171.24066569010418,156.20033315022786,0.021079215675866483,0.006841877828942078,AMZN
2024-03-13,176.55999755859375,176.55999755859375,177.6199951171875,175.5500030517578,175.89999389648438,30772600,0.0066708374081581034,174.81571524483817,171.82599894205728,156.6398886786567,0.02083997390415939,-0.016368370126927267,AMZN
2024-03-14,178.75,178.75,179.52999877929688,176.47000122070312,177.69000244140625,43705800,0.012403729449981915,175.4771445138114,172.61099904378256,157.09188859727647,0.02022692183864403,0.004867105550699247,AMZN
2024-03-15,174.4199981689453,174.4199981689453,177.92999267578125,173.89999389648438,176.63999938964844,72147400,-0.024223786467438835,175.60714503696985,173.11566569010418,157.4898885091146,0.020486917360774775,0.037495749418522184,AMZN
2024-03-18,174.47999572753906,174.47999572753906,176.69000244140625,174.27999877929688,175.8000030517578,31250700,0.00034398325434925603,175.27285766601562,173.204665629069,157.87588840060764,0.01472127002411013,0.002980308833070877,AMZN
2024-03-19,175.89999389648438,175.89999389648438,176.08999633789062,173.52000427246094,174.22000122070312,26880900,0.00813845829732096,175.35142735072546,173.39099884033203,158.24466603597006,0.014673949337599931,0.01762368511132495,AMZN
2024-03-20,178.14999389648438,178.14999389648438,178.52999877929688,174.63999938964844,176.13999938964844,29947200,0.012791359170393646,176.23571123395647,173.69099884033204,158.64544372558595,0.014742089080255004,0.0368790768976186,AMZN
2024-03-21,178.14999389648438,178.14999389648438,181.4199981689453,178.14999389648438,179.99000549316406,32824300,0.0,176.62999616350447,173.94499867757162,159.0626658121745,0.014696580822590887,0.0452428464413317,AMZN
2024-03-22,178.8699951171875,178.8699951171875,179.25999450683594,176.75,177.75,27995400,0.0040415450203241665,176.95999581473214,174.24599863688152,159.45499911838107,0.014664297794738459,0.05495612511541981,AMZN
2024-03-25,179.7100067138672,179.7100067138672,180.99000549316406,177.24000549316406,178.00999450683594,29815500,0.004696213001679439,177.0971396309989,174.42133229573568,159.86744367811414,0.013879965684892791,0.050358841772111695,AMZN
2024-03-26,178.3000030517578,178.3000030517578,180.4499969482422,177.9499969482422,180.14999389648438,29659000,-0.007845994154095037,177.65142604282923,174.61999918619793,160.22855478922526,0.013762024577214581,0.054402674044971455,AMZN
2024-03-27,179.8300018310547,179.8300018310547,180.0,177.30999755859375,179.8800048828125,33272600,0.008581036192426339,178.41571262904577,174.9929992675781,160.63555484347873,0.01313245372784562,0.05377299711107164,AMZN
2024-03-28,180.3800048828125,180.3800048828125,181.6999969482422,179.25999450683594,180.1699981689453,38051600,0.0030584610251771505,179.0557141985212,175.30633290608725,161.0527770996094,0.012948805499038134,0.0393612964438006,AMZN
2024-04-01,180.97000122070312,180.97000122070312,183.0,179.9499969482422,180.7899932861328,29174500,0.003270852211551434,179.4585723876953,175.6786661783854,161.4504438612196,0.012844060867673583,0.03094438893596574,AMZN
2024-04-02,180.69000244140625,180.69000244140625,180.7899932861328,178.3800048828125,179.07000732421875,32611500,-0.0015472110151306673,179.82143075125558,176.05133310953775,161.8344438340929,0.012842405612666426,0.035309119467644035,AMZN
2024-04-03,182.41000366210938,182.41000366210938,182.8699951171875,179.8000030517578,179.89999389648438,31046600,0.009519072430478781,180.32714625767298,176.5623331705729,162.26233283148872,0.012516972269670449,0.01962612663330776,AMZN
2024-04-04,180.0,180.0,185.10000610351562,180.0,184.0,41624300,-0.013212014767422509,180.36857386997767,176.94266662597656,162.63222164577908,0.012803153353820087,0.020166693793402857,AMZN
2024-04-05,185.07000732421875,185.07000732421875,186.27000427246094,181.97000122070312,182.3800048828125,42374000,0.028166707356770848,181.3357173374721,177.2923334757487,163.05811055501303,0.01219980203582386,-0.001999299515498265,AMZN
2024-04-08,185.19000244140625,185.19000244140625,187.2899932861328,184.80999755859375,186.89999389648438,39221300,0.0006483768975988902,182.10143171037947,177.63233337402343,163.47433285183376,0.012202166152215876,-0.008909817665753827,AMZN
2024-04-09,185.6699981689453,185.6699981689453,187.33999633789062,184.1999969482422,187.24000549316406,36520100,0.002591909504893186,182.85714503696985,177.99700012207032,163.9036661783854,0.012185133256697483,-0.013572490425555639,AMZN
2024-04-10,185.9499969482422,185.9499969482422,186.27000427246094,182.6699981689453,182.77000427246094,35879200,0.0015080453603608657,183.56857299804688,178.4106669108073,164.34399939643012,0.012069519234216194,-0.015165324612587128,AMZN
2024-04-11,189.0500030517578,189.0500030517578,189.77000427246094,185.50999450683594,186.74000549316406,40020700,0.016671181255133227,184.76285879952567,178.9403335571289,164.821332804362,0.012312315247909227,-0.04231684671176528,AMZN
2024-04-12,186.1300048828125,186.1300048828125,188.3800048828125,185.0800018310547,187.72000122070312,38608800,-0.015445639364236818,185.2942875453404,179.25266723632814,165.25577731662327,0.01228467431024265,-0.028904554567651508,AMZN
2024-04-15,183.6199951171875,183.6199951171875,188.69000244140625,183.0,187.42999267578125,48052400,-0.013485250630092094,185.8114297049386,179.43266703287762,165.68666619194877,0.012529228001775541,-0.008005670731910053,AMZN
2024-04-16,183.32000732421875,183.32000732421875,184.8300018310547,182.25999450683594,183.27000427246094,32891300,-0.001633742516860992,185.5614297049386,179.6240005493164,166.0915551079644,0.012509192254401981,-0.007091441194733483,AMZN
2024-04-17,181.27999877929688,181.27999877929688,184.57000732421875,179.82000732421875,184.30999755859375,31359700,-0.011128128209780819,185.0028577532087,179.8626673380534,166.4999994913737,0.012121219965763864,-0.010811956466660999,AMZN
2024-04-18,179.22000122070312,179.22000122070312,182.38999938964844,178.64999389648438,181.47000122070312,30723800,-0.011363622972558218,184.08142961774553,180.0530008951823,166.8593327840169,0.01231461262101844,-0.015511654728053492,AMZN
2024-04-19,174.6300048828125,174.6300048828125,179.0,173.44000244140625,178.74000549316406,56000700,-0.02561096030926935,182.46428789411272,179.9800008138021,167.1616661919488,0.01276624284441397,0.021244868300655195,AMZN
2024-04-22,177.22999572753906,177.22999572753906,178.8699951171875,174.55999755859375,176.94000244140625,37924900,0.014888568814227066,180.77571541922433,180.04266713460285,167.5098883734809,0.01296753999543138,0.011905437348175063,AMZN
2024-04-23,179.5399932861328,179.5399932861328,179.92999267578125,175.97999572753906,178.0800018310547,37046500,0.01303389727631088,179.83428519112724,180.2953333536784,167.8661105685764,0.012607440539347991,0.009691464621985446,AMZN
2024-04-24,176.58999633789062,176.58999633789062,180.32000732421875,176.17999267578125,179.94000244140625,34185100,-0.016430862529557833,178.82999965122767,180.33533325195313,168.1744439019097,0.012522756233897892,0.04762446252061481,AMZN
2024-04-25,173.6699981689453,173.6699981689453,173.9199981689453,166.32000732421875,169.67999267578125,49249400,-0.016535467634067658,177.45142691476005,180.23899993896484,168.4661105685764,0.012828857155739094,0.061208066994229426,AMZN
2024-04-26,179.6199951171875,179.6199951171875,180.82000732421875,176.1300048828125,177.8000030517578,43919800,0.034260361668536854,177.2142835344587,180.26799977620442,168.795554945204,0.014138919867498188,0.04142079191435366,AMZN
2024-04-29,180.9600067138672,180.9600067138672,183.52999877929688,179.38999938964844,182.75,54063900,0.007460258507441919,177.46285574776786,180.48600006103516,169.09433271620009,0.013411779575014653,0.03464847911718927,AMZN
2024-04-30,175.0,175.0,182.99000549316406,174.8000030517578,181.08999633789062,94639800,-0.03293549122868411,177.51571219308036,180.50333353678386,169.32999945746528,0.014799340218775535,0.06794285365513386,AMZN
2024-05-01,179.0,179.0,185.14999389648438,176.55999755859375,181.63999938964844,94645100,0.02285714285714291,177.76856994628906,180.6066670735677,169.62866617838543,0.01530669254878138,0.026983250452819574,AMZN
2024-05-02,184.72000122070312,184.72000122070312,185.10000610351562,179.91000366210938,180.85000610351562,54303500,0.031955314082140474,178.5085710797991,180.82566731770834,169.97177734375,0.016202561919427923,-0.005738401643508362,AMZN
2024-05-03,186.2100067138672,186.2100067138672,187.8699951171875,185.4199981689453,186.99000549316406,39172000,0.008066292135759712,179.8828582763672,181.0943344116211,170.3361107720269,0.01624652207549022,-0.011546152611321081,AMZN
2024-05-06,188.6999969482422,188.6999969482422,188.75,184.8000030517578,186.27999877929688,34725300,0.013371946429286963,182.0300009591239,181.42200113932293,170.7282218085395,0.016383536602263934,-0.031213563777979236,AMZN
2024-05-07,188.75999450683594,188.75999450683594,189.94000244140625,187.30999755859375,188.9199981689453,34048900,0.0003179520909595279,183.3357151576451,181.72366739908855,171.12177734375,0.01637740121691354,-0.01409190761140855,AMZN
2024-05-08,188.0,188.0,188.42999267578125,186.38999938964844,187.44000244140625,26136400,-0.004026247769404412,184.34142848423548,182.0470006306966,171.5064439561632,0.016314805646013047,0.0057446905907163615,AMZN
2024-05-09,189.5,189.5,191.6999969482422,187.44000244140625,188.8800048828125,43368400,0.007978723404255428,186.41285705566406,182.36933390299478,171.92377726236978,0.016306663589849453,-0.020738747629452492,AMZN
2024-05-10,187.47999572753906,187.47999572753906,189.88999938964844,186.92999267578125,189.16000366210938,34141800,-0.01065965315282813,187.62428501674108,182.6060002644857,172.34099951850044,0.016463935283509146,-0.00608064548553322,AMZN
2024-05-13,186.57000732421875,186.57000732421875,188.30999755859375,185.36000061035156,188.0,24898600,-0.004853789332504466,187.8885716029576,182.79266713460285,172.7643329196506,0.016499197897670997,0.037733788978733473,AMZN
2024-05-14,187.07000732421875,187.07000732421875,187.72000122070312,183.4499969482422,183.82000732421875,38698200,0.002679959159411549,188.0114288330078,183.00533396402994,173.23655514187283,0.01649343964255982,0.05762547900377002,AMZN
2024-05-15,185.99000549316406,185.99000549316406,186.72000122070312,182.72999572753906,185.97000122070312,75459900,-0.005773249525686364,187.62428719656808,183.12466735839843,173.6893329196506,0.016466584382110894,0.03903432599824708,AMZN
2024-05-16,183.6300048828125,183.6300048828125,187.30999755859375,183.4600067138672,185.60000610351562,38834500,-0.012688857146349708,186.8914315359933,183.24566752115885,174.0729995727539,0.016451526975492552,0.07389855527199751,AMZN
2024-05-17,184.6999969482422,184.6999969482422,185.3000030517578,183.35000610351562,183.75999450683594,33175700,0.005826891232250109,186.42000252859933,183.23333384195965,174.4433329264323,0.015656282832662963,0.08283705091800986,AMZN
2024-05-20,183.5399932861328,183.5399932861328,186.6699981689453,183.27999877929688,184.33999633789062,30511800,-0.006280474722663021,185.56857299804688,183.17833353678387,174.77455512152778,0.015698225586980953,0.07655009025664672,AMZN
2024-05-21,183.14999389648438,183.14999389648438,183.25999450683594,180.75,182.3000030517578,50839100,-0.0021248741632045043,184.9500013078962,183.09433339436848,175.08533291286892,0.01569313171776196,0.09200112839227925,AMZN
2024-05-22,183.1300048828125,183.1300048828125,185.22000122070312,181.97000122070312,183.8800048828125,28148800,-0.00010914012742568868,184.4585723876953,183.00033365885417,175.40211079915363,0.015689353697415604,0.08824325873666261,AMZN
2024-05-23,181.0500030517578,181.0500030517578,184.75999450683594,180.0800018310547,183.66000366210938,33670200,-0.011358061353112014,183.59857177734375,182.7336669921875,175.71199968126086,0.015471345686923552,0.1010217783918188,AMZN
2024-05-24,180.75,180.75,182.44000244140625,180.3000030517578,181.64999389648438,27471600,-0.0016570176564539851,182.8499995640346,182.55433349609376,176.03466627332898,0.01524047507908921,0.10533882869229783,AMZN
2024-05-28,182.14999389648438,182.14999389648438,182.24000549316406,179.49000549316406,179.92999267578125,29927000,0.007745471073219212,182.63856942313058,182.50533345540364,176.3529995388455,0.015126758402297845,0.07082080476271924,AMZN
2024-05-29,182.02000427246094,182.02000427246094,184.0800018310547,181.5500030517578,181.6999969482422,32009300,-0.0007136405620595809,182.2557133265904,182.46200002034504,176.64944407145182,0.015124594799980613,0.06850896015823138,AMZN
2024-05-30,179.32000732421875,179.32000732421875,181.33999633789062,178.36000061035156,181.30999755859375,29184700,-0.014833517662161122,181.6528581891741,182.39666697184245,176.92211083306208,0.015232279296749142,0.07472670839376327,AMZN
2024-05-31,176.44000244140625,176.44000244140625,179.2100067138672,173.8699951171875,178.3000030517578,58903900,-0.016060700229647673,180.6942879813058,182.3040003458659,177.1489997016059,0.015373930070588727,0.09396963047855733,AMZN
2024-06-03,178.33999633789062,178.33999633789062,178.6999969482422,175.9199981689453,177.6999969482422,30786600,0.01076849847083472,180.01000104631697,182.42766672770182,177.38755527072482,0.014739003876026847,0.05377367127293753,AMZN
2024-06-04,179.33999633789062,179.33999633789062,179.82000732421875,176.44000244140625,177.63999938964844,27198400,0.00560726713319748,179.76571437290735,182.4980000813802,177.62744411892362,0.01452912032094741,0.024590184856481123,AMZN
2024-06-05,181.27999877929688,181.27999877929688,181.5,178.75,180.10000610351562,32116400,0.010817455564965828,179.84142848423548,182.55600026448568,177.87366638183593,0.014468677136607306,0.010205241151661548,AMZN
2024-06-06,185.0,185.0,185.0,181.49000549316406,181.75,31371200,0.020520748266509736,180.24857221330916,182.83633371988932,178.13744422064886,0.014557059921950373,-0.013243226747255088,AMZN
2024-06-07,184.3000030517578,184.3000030517578,186.2899932861328,183.36000061035156,184.89999389648438,28021500,-0.003783767287795614,180.57428632463728,183.19066721598307,178.4185553656684,0.01418914193067717,0.011448728027199317,AMZN
2024-06-10,187.05999755859375,187.05999755859375,187.22999572753906,183.7899932861328,184.07000732421875,34445600,0.014975553234585881,181.67999921526228,183.43866729736328,178.77255537245009,0.013073944108585438,-0.0333047995768716,AMZN
2024-06-11,187.22999572753906,187.22999572753906,187.77000427246094,184.5399932861328,187.05999755859375,27265100,0.0009087895389929823,183.22142682756697,183.64766693115234,179.08311089409722,0.013024476636945694,-0.03941670561571209,AMZN
2024-06-12,186.88999938964844,186.88999938964844,188.35000610351562,185.42999267578125,188.02000427246094,33984200,-0.0018159287809064173,184.44285583496094,184.04400024414062,179.25066646999784,0.011341009812747938,-0.023489750141716725,AMZN
2024-06-13,183.8300018310547,183.8300018310547,187.6699981689453,182.6699981689453,186.08999633789062,39721500,-0.016373254687715777,185.08428519112724,184.2050003051758,179.40088873969185,0.011143612897756762,-0.0034271058942353383,AMZN
2024-06-14,183.66000366210938,183.66000366210938,183.72000122070312,182.22999572753906,183.0800018310547,25456400,-0.0009247574783878276,185.42428588867188,184.16966705322267,179.562111070421,0.0094817709033575,-0.010617428451268673,AMZN
2024-06-17,184.05999755859375,184.05999755859375,185.0,181.22000122070312,182.52000427246094,35601900,0.002177904217078641,185.28999982561385,184.0980000813802,179.71244439019097,0.009366098809405364,0.01586438230835996,AMZN
2024-06-18,182.80999755859375,182.80999755859375,184.2899932861328,181.42999267578125,183.74000549316406,36659200,-0.006791263808433312,185.07714189801897,183.90166676839192,179.85655551486545,0.009066520474685726,0.0068924554589588904,AMZN
2024-06-20,186.10000610351562,186.10000610351562,186.50999450683594,182.72000122070312,182.91000366210938,44726800,0.017996874289478493,184.94000026157923,183.81300048828126,179.98600006103516,0.009708103469248499,-0.09779694578251508,AMZN
2024-06-21,189.0800018310547,189.0800018310547,189.27999877929688,185.86000061035156,187.8000030517578,70792500,0.01601287280926522,185.20428684779577,183.8490005493164,180.1720001220703,0.010132091365337841,-0.14840277811963265,AMZN
2024-06-24,185.57000732421875,185.57000732421875,191.0,185.3300018310547,189.3300018310547,50610400,-0.0185635417434159,185.01571655273438,183.71800079345704,180.3601113213433,0.010581942847160622,-0.12739135482780273,AMZN
2024-06-25,186.33999633789062,186.33999633789062,188.83999633789062,185.4199981689453,186.80999755859375,45366400,0.004149318226444709,185.37428719656808,183.68000081380208,180.53077799479166,0.010443125827865933,-0.1264891731708,AMZN
2024-06-26,193.61000061035156,193.61000061035156,194.8000030517578,186.25999450683594,186.9199981689453,65103900,0.03901472799901873,186.79571533203125,183.91466725667317,180.79533352322048,0.01260864894249297,-0.1436392617681076,AMZN
2024-06-27,197.85000610351562,197.85000610351562,199.83999633789062,194.1999969482422,195.00999450683594,74397500,0.0218997235669518,188.76571655273438,184.2740005493164,181.11022254096136,0.013156937337997833,-0.156229480457722,AMZN
2024-06-28,193.25,193.25,198.85000610351562,192.5,197.72999572753906,76930200,-0.023249966952787915,190.25714547293526,184.51600036621093,181.4010002983941,0.01387795967922763,-0.136869324441098,AMZN
2024-07-01,197.1999969482422,197.1999969482422,198.3000030517578,192.82000732421875,193.49000549316406,41192000,0.02043982896891161,191.84285845075334,184.96833343505858,181.71888919406467,0.014037846824423585,-0.13676471418902592,AMZN
2024-07-02,200.0,200.0,200.42999267578125,195.92999267578125,197.27999877929688,45600000,0.014198798656638534,193.4028581891741,185.47833353678385,182.00133361816407,0.014189195457278397,-0.14949996948242184,AMZN
2024-07-03,197.58999633789062,197.58999633789062,200.02999877929688,196.75999450683594,199.94000244140625,31597900,-0.012050018310546862,195.1199994768415,185.94666697184246,182.25244462754992,0.014354000249125046,-0.10121969922909868,AMZN
2024-07-05,200.0,200.0,200.5500030517578,198.1699981689453,198.64999389648438,39858900,0.012196992290986808,197.07142857142858,186.50833384195963,182.5332224527995,0.014430744803156245,-0.1147000122070313,AMZN
2024-07-08,199.2899932861328,199.2899932861328,201.1999969482422,197.9600067138672,200.0399932861328,34767300,-0.0035500335693359197,197.88285609654017,187.0470001220703,182.8193335639106,0.014470242880839559,-0.10572528865098718,AMZN
2024-07-09,199.33999633789062,199.33999633789062,200.57000732421875,199.0500030517578,199.39999389648438,32700100,0.0002509059834530092,198.09571184430803,187.65666656494142,183.11022237141927,0.014228355808129744,-0.1026386667550524,AMZN
2024-07-10,199.7899932861328,199.7899932861328,200.11000061035156,197.69000244140625,200.0,32883800,0.002257434315787954,199.02999659946985,188.2913330078125,183.3661112467448,0.014199149184468013,-0.09850339525061291,AMZN
2024-07-11,195.0500030517578,195.0500030517578,200.27000427246094,192.86000061035156,200.08999633789062,44565000,-0.023724863074531144,198.7228546142578,188.7213333129883,183.55311126708983,0.0150095367734858,-0.09700075812828757,AMZN
2024-07-12,194.49000549316406,194.49000549316406,196.47000122070312,193.8300018310547,194.8000030517578,30598500,-0.0028710461411536325,197.93571254185267,189.13700002034506,183.74100019666884,0.015030083523273695,-0.08972189682849585,AMZN
2024-07-15,192.72000122070312,192.72000122070312,196.19000244140625,190.8300018310547,194.55999755859375,40683200,-0.009100746683474936,197.23999895368303,189.5836664835612,183.94766693115236,0.01483971060402851,-0.08935243416163519,AMZN
2024-07-16,193.02000427246094,193.02000427246094,196.6199951171875,192.24000549316406,195.58999633789062,33994700,0.0015566783408964557,196.24285670689173,190.136333211263,184.16444481743707,0.014422140296219807,-0.10309816969635544,AMZN
2024-07-17,187.92999267578125,187.92999267578125,191.5800018310547,185.99000549316406,191.35000610351562,48076100,-0.02637038381521739,194.6199994768415,190.45599975585938,184.2878890991211,0.015307814125195465,-0.0911509088045157,AMZN
2024-07-18,183.75,183.75,189.67999267578125,181.4499969482422,189.58999633789062,51043600,-0.022242286163404512,192.39285714285714,190.60299987792968,184.38122236463758,0.01590553340870577,-0.06329254357993197,AMZN
2024-07-19,183.1300048828125,183.1300048828125,184.92999267578125,180.11000061035156,181.13999938964844,43081800,-0.0033741230867346816,190.01285879952567,190.66466674804687,184.50533345540364,0.01581215540494535,-0.025282612129974624,AMZN
2024-07-22,182.5500030517578,182.5500030517578,185.05999755859375,182.47999572753906,185.0,39931900,-0.003167158934036185,188.2271445138114,190.58300018310547,184.5848890516493,0.015360806295151404,-0.03451110899171883,AMZN
2024-07-23,186.41000366210938,186.41000366210938,189.38999938964844,183.55999755859375,184.10000610351562,47537700,0.021144894800451786,187.07285853794642,190.65333353678386,184.6943335639106,0.015834524197238072,-0.07016791789116517,AMZN
2024-07-24,180.8300018310547,180.8300018310547,185.4499969482422,180.41000366210938,183.1999969482422,41532400,-0.029934025650088625,185.37428719656808,190.44566701253254,184.71744469536677,0.01652660082164163,-0.016258377545961822,AMZN
2024-07-25,179.85000610351562,179.85000610351562,183.89999389648438,176.8000030517578,182.91000366210938,44464200,-0.005419431054668911,183.49285888671875,190.19966735839844,184.77777811686198,0.016541821292447613,-0.04703923506679164,AMZN
2024-07-26,182.5,182.5,183.19000244140625,180.24000549316406,180.38999938964844,29506000,0.014734466536293178,182.71714564732142,190.05333404541017,184.8668892754449,0.016794878382270364,-0.0389041430329623,AMZN
2024-07-29,183.1999969482422,183.1999969482422,184.75,182.3800048828125,183.83999633789062,33270100,0.003835599716395466,182.6385737827846,190.03233388264974,184.9480004204644,0.016546166636166884,-0.019923547801780628,AMZN
2024-07-30,181.7100067138672,181.7100067138672,185.86000061035156,179.3800048828125,184.72000122070312,39508600,-0.008133134602594794,182.4357169015067,189.967333984375,184.98755611843532,0.01661253190903302,0.015464187192610446,AMZN
2024-07-31,186.97999572753906,186.97999572753906,187.94000244140625,184.4600067138672,185.0500030517578,41667300,0.029002194810164417,183.06857299804688,190.06466725667318,185.0856672498915,0.017447108618982857,0.00010698616385718118,AMZN
2024-08-01,184.07000732421875,184.07000732421875,190.60000610351562,181.8699951171875,189.2899932861328,70435600,-0.015563100170141508,182.73428780691964,190.106667582194,185.14344516330294,0.017648828665876023,0.013147161800687979,AMZN
2024-08-02,167.89999389648438,167.89999389648438,168.77000427246094,160.5500030517578,166.75,141448400,-0.0878470841762542,180.88714381626673,189.5000005086263,185.01222279866536,0.02358625184511944,0.10119122162469485,AMZN
2024-08-05,161.02000427246094,161.02000427246094,162.9600067138672,151.61000061035156,154.2100067138672,83149400,-0.04097671157906757,178.1971435546875,188.56466725667318,184.82022281222874,0.024274676919593348,0.16060116708601013,AMZN
2024-08-06,161.92999267578125,161.92999267578125,165.0800018310547,158.5399932861328,161.7100067138672,59950800,0.005651399696776416,175.2585710797991,187.77666676839192,184.62133382161457,0.024212298145348043,0.151299951263842,AMZN
2024-08-07,162.77000427246094,162.77000427246094,167.5800018310547,161.42999267578125,166.5500030517578,48408200,0.0051874985158653075,172.34000069754464,186.99100036621093,184.42566714816624,0.024225442632631638,0.1664925362990337,AMZN
2024-08-08,165.8000030517578,165.8000030517578,166.69000244140625,162.5500030517578,165.1699981689453,44616200,0.018615215947435537,170.067143031529,186.06400044759116,184.25711161295573,0.023236537849483055,0.15560918321397033,AMZN
2024-08-09,166.94000244140625,166.94000244140625,168.5500030517578,165.85000610351562,166.39999389648438,36401000,0.00687575011257735,167.20428684779577,185.0336669921875,184.10433383517795,0.022797066745699743,0.1613753566995535,AMZN
2024-08-12,166.8000030517578,166.8000030517578,168.5500030517578,166.11000061035156,168.13999938964844,30072800,-0.000838620987187122,164.73714338030135,184.1520004272461,183.93088938395184,0.022557486548384294,0.16282975518700482,AMZN
2024-08-13,170.22999572753906,170.22999572753906,171.0399932861328,167.10000610351562,167.80999755859375,39237900,0.020563504874259175,165.07000078473772,183.25300038655598,183.82233378092448,0.02256223900113979,0.13099925754242503,AMZN
2024-08-14,170.10000610351562,170.10000610351562,172.27999877929688,168.86000061035156,172.11000061035156,28843800,-0.0007636117446156998,166.36714390345983,182.25633392333984,183.6560004340278,0.02229531891622343,0.12380950501422983,AMZN
2024-08-15,177.58999633789062,177.58999633789062,177.91000366210938,173.99000549316406,174.86000061035156,51698500,0.04403286281963403,168.60428728376115,181.58966725667318,183.5715559217665,0.023982888126644033,0.058449265706740805,AMZN
2024-08-16,177.05999755859375,177.05999755859375,178.33999633789062,176.25999450683594,177.0399932861328,31489200,-0.002984395462729106,170.64571489606584,180.8250005086263,183.47588924831814,0.023804875331300806,0.0523551587048523,AMZN
2024-08-19,178.22000122070312,178.22000122070312,178.3000030517578,176.16000366210938,177.63999938964844,31129800,0.006551472258579993,172.42000034877233,180.12266743977864,183.39000040690104,0.023879444997440012,0.03877232417674725,AMZN
2024-08-20,178.8800048828125,178.8800048828125,179.00999450683594,177.42999267578125,177.9199981689453,26255200,0.003703308593809629,174.12571498325892,179.44066772460937,183.2770004272461,0.023906124843854376,0.032871139666367455,AMZN
2024-08-21,180.11000061035156,180.11000061035156,182.38999938964844,178.88999938964844,179.9199981689453,35599100,0.006876093995775934,176.02714320591517,178.78466796875,183.21011149088542,0.023958097298453114,0.01027153460244512,AMZN
2024-08-22,176.1300048828125,176.1300048828125,181.47000122070312,175.67999267578125,181.3800048828125,32047500,-0.022097583221652117,176.87000165666853,178.15400136311848,183.12688937717013,0.0239117429378553,0.05893368157759227,AMZN
2024-08-23,177.0399932861328,177.0399932861328,178.97000122070312,175.24000549316406,177.33999633789062,29150100,0.005166572293719973,177.8614283970424,177.57233428955078,183.05711144341362,0.023959514198886023,0.021238194239806996,AMZN
2024-08-26,175.5,175.5,177.47000122070312,174.3000030517578,176.6999969482422,22366200,-0.00869856159361615,177.56285749162947,176.9983342488607,182.99288923475478,0.023956004777588406,0.041139608095174474,AMZN
2024-08-27,173.1199951171875,173.1199951171875,174.88999938964844,172.25,174.14999389648438,29842000,-0.013561281383547064,177.0,176.33500061035156,182.92511138916015,0.02401946122823308,0.06960491792759682,AMZN
2024-08-28,170.8000030517578,170.8000030517578,173.69000244140625,168.9199981689453,173.69000244140625,29045000,-0.013401063602498708,175.94000026157923,175.76400095621744,182.88255581325956,0.02370521130220119,0.09279853958739981,AMZN
2024-08-29,172.1199951171875,172.1199951171875,174.2899932861328,170.80999755859375,173.22000122070312,26407800,0.007728290643119529,174.97428458077567,175.37633412679037,182.82577802870009,0.023492619637576338,0.0970254048384156,AMZN
2024-08-30,178.5,178.5,178.89999389648438,172.60000610351562,172.77999877929688,43429400,0.037067191865004956,174.7442844935826,175.2220006306966,182.81422254774304,0.024542144740021168,0.05064422009037983,AMZN
2024-09-03,176.25,176.25,178.25999450683594,175.25999450683594,177.5500030517578,37817500,-0.012605042016806678,174.7614266531808,175.01200052897136,182.81044481065538,0.024637090450404638,0.06490781527039013,AMZN
2024-09-04,173.3300018310547,173.3300018310547,175.97999572753906,172.5399932861328,174.47999572753906,30309200,-0.016567365497562103,174.23142787388392,174.5760004679362,182.8066670735677,0.02443638958517093,0.07823225878582019,AMZN
2024-09-05,177.88999938964844,177.88999938964844,179.8800048828125,175.0,175.0,40170500,0.026308183871355473,174.57285635811942,174.47800038655598,182.78744489881728,0.024386844517074496,0.05419078881738071,AMZN
2024-09-06,171.38999938964844,171.38999938964844,178.3800048828125,171.16000366210938,177.24000549316406,41466500,-0.03653943460735232,174.32571411132812,174.1960001627604,182.68111148410372,0.02526045468778506,0.10268980784288773,AMZN
2024-09-09,175.39999389648438,175.39999389648438,175.85000610351562,173.50999450683594,174.52999877929688,29037400,0.023396899008788496,174.98285566057478,173.95933329264324,182.68555586073134,0.025498324283285176,0.07793622521903854,AMZN
2024-09-10,179.5500030517578,179.5500030517578,180.5,176.7899932861328,177.49000549316406,36233800,0.023660258265018275,176.0442853655134,173.8376668294271,182.69166700575087,0.025881984281881962,0.05653017947072092,AMZN
2024-09-11,184.52000427246094,184.52000427246094,184.99000549316406,175.72999572753906,180.10000610351562,42564700,0.02768031821904482,176.90428597586495,173.93133341471355,182.68944481743708,0.026332139051731766,0.0010297118849276199,AMZN
2024-09-12,187.0,187.0,187.41000366210938,183.5399932861328,184.8000030517578,33544200,0.013440254011034547,178.44000026157923,173.93200022379557,182.69822252061633,0.025908385404994228,-0.003315481910093565,AMZN
2024-09-13,186.49000549316406,186.49000549316406,188.5,185.91000366210938,187.0,26495400,-0.0027272433520638684,180.32000078473772,174.01266682942708,182.67366706000433,0.025742233355348584,0.007185352021128688,AMZN
2024-09-16,184.88999938964844,184.88999938964844,185.80999755859375,183.36000061035156,185.2899932861328,26065500,-0.008579580976924128,181.32000078473772,174.5790003458659,182.63066711425782,0.01969007242104129,0.018930174760960927,AMZN
2024-09-17,186.8800048828125,186.8800048828125,189.4499969482422,186.13999938964844,186.85000610351562,26091700,0.010763186217390919,183.5328587123326,175.44100036621094,182.61822272406684,0.01784839604475048,0.021136541336881587,AMZN
2024-09-18,186.42999267578125,186.42999267578125,188.8000030517578,185.05999755859375,186.4499969482422,34448100,-0.0024080275860086653,185.10857282366072,176.2576670328776,182.58411153157553,0.01790085652132991,0.033792862196342366,AMZN
2024-09-19,189.8699951171875,189.8699951171875,190.99000549316406,188.47000122070312,190.0399932861328,39543200,0.01845197970580159,186.5828574044364,177.16100006103517,182.6106670803494,0.018072182090186774,-0.01827566919439505,AMZN
2024-09-20,191.60000610351562,191.60000610351562,191.83999633789062,187.41000366210938,190.22999572753906,100378600,0.009111555436973395,187.5942862374442,178.02100016276043,182.6665559556749,0.01791339406671923,0.03303750715355269,AMZN
2024-09-23,193.8800048828125,193.8800048828125,194.4499969482422,190.57000732421875,191.63999938964844,36993100,0.011899784481557152,188.577144077846,178.91900024414062,182.74222259521486,0.01795509739762169,0.009799844484390308,AMZN
2024-09-24,193.9600067138672,193.9600067138672,195.3699951171875,190.1300048828125,194.27000427246094,43478900,0.0004126358007008335,189.644287109375,179.82433369954427,182.83077816433376,0.017942144730170483,0.028562554621404557,AMZN
2024-09-25,192.52999877929688,192.52999877929688,193.9499969482422,192.16000366210938,193.75,26391100,-0.007372694808574054,190.73571559361048,180.56766713460286,182.92966698540582,0.017841733175942166,0.07562456578667676,AMZN
2024-09-26,191.16000366210938,191.16000366210938,194.52999877929688,189.5399932861328,194.30999755859375,36334900,-0.007115748848874004,191.3471439906529,181.26966705322266,183.00144483778212,0.017940883022695805,0.09881773921200598,AMZN
2024-09-27,187.97000122070312,187.97000122070312,190.89999389648438,187.33999633789062,190.67999267578125,36002300,-0.016687603998192135,191.56714521135603,181.61566721598308,183.05066714816624,0.01665396164178623,0.10751711083594007,AMZN
2024-09-30,186.3300018310547,186.3300018310547,188.49000549316406,184.64999389648438,187.13999938964844,41583900,-0.008724793206352333,191.06143188476562,181.92466735839844,183.08600056966145,0.01674627199235287,0.11007349490305018,AMZN
2024-10-01,185.1300048828125,185.1300048828125,186.19000244140625,183.4499969482422,184.89999389648438,36044900,-0.006440170323887107,190.13714599609375,182.15500081380208,183.1082227918837,0.016788100640835777,0.1284502682012547,AMZN
2024-10-02,184.75999450683594,184.75999450683594,186.60000610351562,184.0399932861328,184.44000244140625,23704100,-0.0019986515757441925,188.83428737095423,182.3510004679362,183.14944491916233,0.016793455793011728,0.15880067367935613,AMZN
2024-10-03,181.9600067138672,181.9600067138672,183.44000244140625,180.8800048828125,183.0500030517578,30204300,-0.015154729791167831,187.12000165666853,182.41266733805338,183.1628894382053,0.01701754567341588,0.16223339153912075,AMZN
2024-10-04,186.50999450683594,186.50999450683594,187.60000610351562,183.60000610351562,185.75,40890300,0.02500542770436165,186.26000104631697,182.7586669921875,183.21133388943142,0.017035539110241225,0.086322484465708,AMZN
2024-10-07,180.8000030517578,180.8000030517578,183.60000610351562,180.25,182.9499969482422,42364200,-0.03061493551686767,184.7800009591239,182.88400065104167,183.1977783203125,0.018033217551756166,0.11559730942317126,AMZN
2024-10-08,182.72000122070312,182.72000122070312,183.08999633789062,180.9199981689453,181.9199981689453,26372100,0.010619458719785868,184.0300009591239,183.12466735839843,183.23555603027344,0.018025120324659822,0.1198007839503461,AMZN
2024-10-09,185.1699981689453,185.1699981689453,185.85000610351562,182.0500030517578,182.82000732421875,26343100,0.013408477078997505,183.8642861502511,183.52633412679037,183.33255598280164,0.017920209497959926,0.09564187983470696,AMZN
2024-10-10,186.64999389648438,186.64999389648438,188.1300048828125,185.8300018310547,187.1300048828125,27785000,0.007992632403596822,184.08142743791853,184.0546671549479,183.42488928900823,0.01769395664174073,0.06284495778142674,AMZN
2024-10-11,188.82000732421875,188.82000732421875,189.92999267578125,186.3000030517578,186.6300048828125,25751600,0.011626110360002828,184.66142926897322,184.61133422851563,183.5302227444119,0.017743252553933213,0.043957141568780056,AMZN
2024-10-14,187.5399932861328,187.5399932861328,189.8300018310547,187.36000061035156,189.77999877929688,22614400,-0.006779016992029097,185.4585702078683,184.91266733805338,183.5997782389323,0.016632128003617918,0.07417086573575093,AMZN
2024-10-15,187.69000244140625,187.69000244140625,188.41000366210938,184.5800018310547,187.6300048828125,32178900,0.0007998782160802964,185.62714276994978,185.29400075276692,183.62966715494792,0.016410876056249964,0.10746442488454888,AMZN
2024-10-16,186.88999938964844,186.88999938964844,187.77999877929688,185.61000061035156,187.0500030517578,23456800,-0.004262363692000948,186.4971422467913,185.74600067138672,183.6584448920356,0.01607523100668087,0.10086150230122848,AMZN
2024-10-17,187.52999877929688,187.52999877929688,188.94000244140625,186.0,188.22000122070312,25039400,0.0034244710350397334,187.18428475516183,186.067333984375,183.66366712782118,0.015443906115203274,0.10856929954077987,AMZN
2024-10-18,188.99000549316406,188.99000549316406,190.74000549316406,186.27999877929688,187.14999389648438,37417700,0.007785456851548744,187.73000008719308,186.65400085449218,183.68322279188368,0.01365911900149952,0.11492671881788352,AMZN
2024-10-21,189.07000732421875,189.07000732421875,189.4600067138672,186.39999389648438,188.0500030517578,24639400,0.0004233124965837831,188.07571629115515,187.10966796875,183.7074451022678,0.013130436237696733,0.12889402958237395,AMZN
2024-10-22,189.6999969482422,189.6999969482422,191.52000427246094,186.97999572753906,188.35000610351562,29650600,0.003332044214411578,188.20142909458704,187.4480010986328,183.77266727023655,0.012515618953177031,0.1500263952119738,AMZN
2024-10-23,184.7100067138672,184.7100067138672,189.16000366210938,183.69000244140625,188.85000610351562,31937100,-0.026304640562205495,187.7971452985491,187.45433451334637,183.78433397081164,0.01256353879727993,0.19403386408517687,AMZN
2024-10-24,186.3800048828125,186.3800048828125,187.11000061035156,183.86000061035156,185.25,21647400,0.009041189476714617,187.61000279017858,187.4336680094401,183.81011182996963,0.012427536002486967,0.21810276226810532,AMZN
2024-10-25,187.8300018310547,187.8300018310547,190.4499969482422,187.52999877929688,187.85000610351562,29362100,0.007779788122410869,187.7442888532366,187.47833455403645,183.86588965521918,0.012496930007099467,0.20369479920065814,AMZN
2024-10-28,188.38999938964844,188.38999938964844,190.2100067138672,188.2100067138672,189.57000732421875,27930800,0.002981406341556969,187.86714608328683,187.59500122070312,183.8913340250651,0.012391011016326779,0.19454320301090355,AMZN
2024-10-29,190.8300018310547,190.8300018310547,191.4600067138672,187.82000732421875,188.5800018310547,35690200,0.012951868195294036,188.13000270298548,187.72666778564454,183.91077846950955,0.01245856444738771,0.20662365612032718,AMZN
2024-10-30,192.72999572753906,192.72999572753906,195.61000061035156,192.4199981689453,194.6999969482422,37707600,0.009956473710913016,188.6528581891741,187.9366678873698,183.99033389621312,0.012553863399490486,0.18803510764560127,AMZN
2024-10-31,186.39999389648438,186.39999389648438,190.60000610351562,185.22999572753906,190.50999450683594,75146800,-0.03284388507953562,188.18142918178015,187.821001180013,183.99100053575305,0.013572903903364488,0.22027904593272218,AMZN
2024-11-01,197.92999267578125,197.92999267578125,200.5,197.02000427246094,199.0,99687800,0.06185621865256041,190.06999860491072,188.03200073242186,184.03900044759115,0.017663812796239624,0.17683019903573505,AMZN
2024-11-04,195.77999877929688,195.77999877929688,197.3300018310547,194.30999755859375,196.4499969482422,38492100,-0.01086239567545566,191.41285487583704,188.0953338623047,184.01600036621093,0.01767870057335063,0.1806619437006951,AMZN
2024-11-05,199.5,199.5,199.82000732421875,195.99000549316406,196.0399932861328,30564800,0.0190009257528736,193.07999747140067,188.28000030517578,184.0854448106554,0.01799929503697749,0.10536342993714753,AMZN
2024-11-06,207.08999633789062,207.08999633789062,207.5500030517578,199.13999938964844,200.00999450683594,72292200,0.038045094425516846,195.75142560686385,188.7653335571289,184.19533369276257,0.01913670663103551,0.07822684453482753,AMZN
2024-11-07,210.0500030517578,210.0500030517578,212.25,207.19000244140625,207.44000244140625,52878400,0.01429333510169939,198.49714006696428,189.3950002034505,184.30700039333766,0.019160761175030027,0.07079264413780284,AMZN
2024-11-08,208.17999267578125,208.17999267578125,209.9600067138672,207.44000244140625,209.72000122070312,36075800,-0.008902691496347037,200.70428248814173,190.06866658528645,184.42466701931423,0.018931775837766226,0.08108370389416497,AMZN
2024-11-11,206.83999633789062,206.83999633789062,209.64999389648438,205.58999633789062,208.5,35456000,-0.006436720074140534,203.62428283691406,190.75233306884766,184.50066697862414,0.018885041340781006,0.10737771759377357,AMZN
2024-11-12,208.91000366210938,208.91000366210938,209.5399932861328,206.00999450683594,208.3699951171875,38942900,0.010007771034946433,205.19285583496094,191.5449996948242,184.60755598280164,0.018820427059824278,0.08683164554909517,AMZN
2024-11-13,214.10000610351562,214.10000610351562,215.08999633789062,209.13999938964844,209.39999389648438,46212900,0.024843245179395845,207.80999973842077,192.52300008138022,184.77155609130858,0.01915044184072719,0.045072366283906984,AMZN
2024-11-14,211.47999572753906,211.47999572753906,215.89999389648438,210.8800048828125,214.16000366210938,42620300,-0.012237320417028852,209.52142769949776,193.50699971516926,184.9014450073242,0.01905118837881979,0.04643468660208594,AMZN
2024-11-15,202.61000061035156,202.61000061035156,207.33999633789062,199.61000061035156,206.75999450683594,86591100,-0.041942478231440816,208.88142830984933,194.04366658528645,184.98544498019749,0.020515707569155914,0.0828192030440158,AMZN
2024-11-18,201.6999969482422,201.6999969482422,204.6699981689453,200.9499969482422,204.14999389648438,36409900,-0.004491405455644082,207.6885702950614,194.7403330485026,185.06555599636502,0.019574010250222495,0.0918195565328308,AMZN
2024-11-19,204.61000061035156,204.61000061035156,205.3000030517578,198.77999877929688,199.3300018310547,31197900,0.014427385751800914,207.17857142857142,195.46999969482422,185.19766710069445,0.01963177102702943,0.09569425625652483,AMZN
2024-11-20,202.8800048828125,202.8800048828125,203.1300048828125,199.4499969482422,202.97999572753906,32769000,-0.00845508881471324,206.61285836356026,196.06033325195312,185.3072226630317,0.019674839387594473,0.12189469209557435,AMZN
2024-11-21,198.3800048828125,198.3800048828125,203.49000549316406,195.75,203.49000549316406,58800000,-0.022180598835253806,205.10857282366072,196.45133361816406,185.4233339097765,0.020187783252452657,0.11961888871591109,AMZN
2024-11-22,197.1199951171875,197.1199951171875,199.25999450683594,196.75,198.25,31530800,-0.006351495788949668,202.682856968471,196.72799987792968,185.57188941107856,0.02016604016322001,0.12687708190514413,AMZN
2024-11-25,201.4499969482422,201.4499969482422,201.9499969482422,199.0,199.27999877929688,40685700,0.021966324768223133,201.25,197.19166666666666,185.77544487847223,0.020433844420251684,0.08682057958857992,AMZN
2024-11-26,207.86000061035156,207.86000061035156,208.0,201.7899932861328,201.89999389648438,41673700,0.03181932866326265,202.0,197.86399993896484,186.0566670735677,0.02111373717792362,0.0509958918136737,AMZN
2024-11-27,205.74000549316406,205.74000549316406,207.63999938964844,205.0500030517578,206.97999572753906,28061600,-0.010199148999145757,202.577144077846,198.4923334757487,186.27144487169053,0.021217750340221567,0.058423197690014916,AMZN
2024-11-29,207.88999938964844,207.88999938964844,208.1999969482422,204.58999633789062,205.8300018310547,24892400,0.010450052683389277,203.04571533203125,199.1710001627604,186.57211151123047,0.021256489020535577,0.07436628389656441,AMZN
2024-12-02,210.7100067138672,210.7100067138672,212.99000549316406,209.50999450683594,209.9600067138672,39523200,0.01356490130596999,204.16428702218192,199.8950002034505,186.91500040690104,0.021321272919723112,0.04722128342843135,AMZN
2024-12-03,213.44000244140625,213.44000244140625,214.02000427246094,209.64999389648438,210.30999755859375,32214800,0.012956175029913197,206.31571524483817,200.70733337402345,187.25877821180555,0.02137451009160768,0.05856446709623464,AMZN
2024-12-04,218.16000366210938,218.16000366210938,220.0,215.75,215.9600067138672,48745700,0.02211394849472459,209.32143075125558,201.65600026448567,187.6472227308485,0.021619780087475463,0.05752659901489321,AMZN
2024-12-05,220.5500030517578,220.5500030517578,222.14999389648438,217.3000030517578,218.02999877929688,41140200,0.010955259211262725,212.0500030517578,202.85066680908204,188.07877824571398,0.020821135144280262,0.0655633246655849,AMZN
2024-12-06,227.02999877929688,227.02999877929688,227.14999389648438,220.60000610351562,220.75,44178100,0.029381072944344444,214.78857421875,204.2056666056315,188.5237782796224,0.021245799650464806,0.036955465950579525,AMZN
2024-12-09,226.08999633789062,226.08999633789062,230.0800018310547,225.6699981689453,227.2100067138672,46819400,-0.004140432746599476,217.69571576799666,205.4809997558594,188.99066704644096,0.021338396890509113,0.038745676091449965,AMZN
2024-12-10,225.0399932861328,225.0399932861328,229.05999755859375,224.1999969482422,226.08999633789062,31199900,-0.004644181824783544,220.14571489606584,206.70266621907552,189.62555592854818,0.021425979315965425,0.046125156383268084,AMZN
2024-12-11,230.25999450683594,230.25999450683594,231.1999969482422,226.25999450683594,226.41000366210938,35385800,0.02319588240507109,222.9385702950614,208.01699930826823,190.39488915337458,0.021618661780236616,0.03426561095229341,AMZN
2024-12-12,228.97000122070312,228.97000122070312,231.08999633789062,227.6300048828125,229.8300018310547,28204100,-0.0056023335225716675,225.15714154924666,209.2249994913737,191.13977813720703,0.021719394322225114,0.03537583989313986,AMZN
2024-12-13,227.4600067138672,227.4600067138672,230.1999969482422,225.86000061035156,228.39999389648438,28768100,-0.006594726378065796,226.4857134137835,210.59366658528646,191.85855594211154,0.020601109965715778,0.03156595649279703,AMZN
2024-12-16,232.92999267578125,232.92999267578125,233.0,228.00999450683594,230.22999572753906,37552100,0.024048121869595374,228.25428336007255,211.7603332519531,192.6044447157118,0.018128902223755693,0.020392393205505233,AMZN
2024-12-17,231.14999389648438,231.14999389648438,232.72999572753906,227.85000610351562,232.38999938964844,35948100,-0.00764177579215608,228.84285409109933,212.9393330891927,193.31788906521268,0.018037354169275235,0.027125262548217233,AMZN
2024-12-18,220.52000427246094,220.52000427246094,231.39999389648438,220.11000061035156,230.77000427246094,43281400,-0.045987410359975445,228.0471409388951,213.63999989827474,193.91477796766492,0.020163132545558175,0.09767818278979945,AMZN
2024-12-19,223.2899932861328,223.2899932861328,226.08999633789062,222.9199981689453,224.91000366210938,39918700,0.012561168873593154,227.7971409388951,214.17999979654948,194.50433349609375,0.01917185424517972,0.05768285758469949,AMZN
2024-12-20,224.9199981689453,224.9199981689453,226.2100067138672,218.72999572753906,219.83999633789062,88279200,0.00729994595290151,227.03428431919642,214.67566630045573,195.11344451904296,0.019068171111998804,0.06184422806041945,AMZN
2024-12-23,225.05999755859375,225.05999755859375,226.8800048828125,223.89999389648438,225.00999450683594,28070000,0.0006224408269079884,226.4757123674665,215.23833312988282,195.6408889770508,0.01895140052056749,0.018172915588101413,AMZN
2024-12-24,229.0500030517578,229.0500030517578,229.13999938964844,226.1300048828125,226.94000244140625,15007500,0.017728630305015702,226.7028547014509,215.97866668701172,196.21855570475262,0.019059533209631354,0.017856347013304408,AMZN
2024-12-26,227.0500030517578,227.0500030517578,228.5,226.6699981689453,228.5,16146700,-0.00873171784917226,225.86285618373327,216.58333333333334,196.7611112806532,0.01914856296162724,0.02514860770020122,AMZN
2024-12-27,223.75,223.75,226.02999877929688,220.89999389648438,225.60000610351562,27367100,-0.014534256804240364,224.8057141985212,216.90499979654948,197.2596667819553,0.018945174001745342,0.02315080525488833,AMZN
2024-12-30,221.3000030517578,221.3000030517578,223.0,218.42999267578125,220.05999755859375,28321200,-0.010949707031249978,224.9171425955636,217.23233337402343,197.7173334757487,0.018914071520366844,0.04098505169612854,AMZN
2024-12-31,219.38999938964844,219.38999938964844,223.22999572753906,218.94000244140625,222.97000122070312,24819700,-0.008630834323407832,224.36000061035156,217.79166666666666,198.1980000813802,0.017160884936071683,0.04234465250001329,AMZN
2025-01-02,220.22000122070312,220.22000122070312,225.14999389648438,218.19000244140625,222.02999877929688,33956600,0.003783225458606987,223.6885724748884,218.40900014241535,198.67777794731987,0.017106086371941453,0.029198041232127547,AMZN
2025-01-03,224.19000244140625,224.19000244140625,225.36000061035156,221.6199951171875,222.50999450683594,27515600,0.018027432561515733,223.56428745814733,219.0616668701172,199.21877797444662,0.017200840864297774,0.010883636267607244,AMZN
2025-01-06,227.61000061035156,227.61000061035156,228.83999633789062,224.83999633789062,226.77999877929688,31849800,0.015254909370185477,223.35857282366072,219.88600006103516,199.82422247992622,0.017191826651134855,-0.02078114193073788,AMZN
2025-01-07,222.11000061035156,222.11000061035156,228.3800048828125,221.4600067138672,227.89999389648438,28084200,-0.02416414035082548,222.6528581891741,220.6769999186198,200.39433356391058,0.017299403319200476,-0.024897567710146395,AMZN
2025-01-08,222.1300048828125,222.1300048828125,223.52000427246094,220.1999969482422,223.19000244140625,25033300,9.006470850470016e-05,222.42143031529017,221.5106669108073,200.9500003390842,0.017207267478559506,-0.04240758997828753,AMZN
2025-01-10,218.94000244140625,218.94000244140625,221.7100067138672,216.5,221.4600067138672,36811500,-0.014360970473526025,222.08428737095423,222.09366709391276,201.39933369954426,0.017187246541406027,-0.028044209925920938,AMZN
2025-01-13,218.4600067138672,218.4600067138672,219.39999389648438,216.47000122070312,218.05999755859375,27262700,-0.0021923619356289947,221.95143127441406,222.4470006306966,201.8683337741428,0.01631501095795529,-0.018813514986908864,AMZN
2025-01-14,217.75999450683594,217.75999450683594,221.82000732421875,216.1999969482422,220.44000244140625,24711700,-0.003204303696411115,221.6000017438616,222.84766693115233,202.36200035942926,0.016187265483843496,-0.04142169930753148,AMZN
2025-01-15,223.35000610351562,223.35000610351562,223.57000732421875,220.75,222.8300018310547,31291300,0.025670516796895804,221.4800022670201,223.36300048828124,202.8671115451389,0.01669121547814638,-0.04956349685116268,AMZN
2025-01-16,220.66000366210938,220.66000366210938,224.64999389648438,220.30999755859375,224.4199981689453,24757300,-0.012043887924316987,220.48714556012834,223.69466705322264,203.41455603705512,0.016762055789807613,-0.07087827032577021,AMZN
2025-01-17,225.94000244140625,225.94000244140625,226.50999450683594,223.0800018310547,225.83999633789062,42370100,0.023928209424767255,221.03428867885046,224.11133371988933,203.97611168755427,0.017132289497803772,-0.0979906132177284,AMZN
2025-01-21,230.7100067138672,230.7100067138672,231.77999877929688,226.94000244140625,228.89999389648438,39951500,0.021111818274402117,222.26000322614397,224.52966715494793,204.5445561726888,0.017092733738359414,-0.09687488818477952,AMZN
2025-01-22,235.00999450683594,235.00999450683594,235.44000244140625,231.19000244140625,232.02000427246094,41448200,0.018638063663626525,224.55571637834822,225.01166687011718,205.10555606418185,0.017287852153856934,-0.14599378052236733,AMZN
2025-01-23,235.4199981689453,235.4199981689453,235.52000427246094,231.50999450683594,234.10000610351562,26404400,0.0017446222360446573,226.97857230050224,225.2913335164388,205.6435560438368,0.01651195731044611,-0.153640295855361,AMZN
2025-01-24,234.85000610351562,234.85000610351562,236.39999389648438,232.92999267578125,234.5,25890700,-0.002421170970448472,229.42000252859933,225.58333384195964,206.18088938395184,0.01649524552998604,-0.17164152339691763,AMZN
2025-01-27,235.4199981689453,235.4199981689453,235.61000061035156,225.86000061035156,226.2100067138672,49428300,0.0024270472668348475,231.144287109375,225.92933400472006,206.7423338148329,0.016456374906525878,-0.16493926655792845,AMZN
2025-01-28,238.14999389648438,238.14999389648438,241.77000427246094,233.97999572753906,234.2899932861328,41587200,0.011596277923593856,233.64285714285714,226.192333984375,207.31200035942925,0.016063928061920932,-0.16485406471982067,AMZN
2025-01-29,237.07000732421875,237.07000732421875,240.38999938964844,236.14999389648438,239.02000427246094,26091700,-0.004534900692607424,235.23285784040178,226.46233418782552,207.87466718885634,0.016049404659814255,-0.18214032395720559,AMZN
2025-01-30,234.63999938964844,234.63999938964844,237.9499969482422,232.22000122070312,237.13999938964844,32020700,-0.010250170242948609,235.7942853655134,226.70166727701823,208.37211168077258,0.01612498661590384,-0.1563672116299234,AMZN
2025-01-31,237.67999267578125,237.67999267578125,240.2899932861328,236.41000366210938,236.5,36110200,0.012955989149507907,236.17571367536272,226.86000061035156,208.8841115315755,0.01570381178903543,-0.17645569031898878,AMZN
2025-02-03,237.4199981689453,237.4199981689453,239.25,232.89999389648438,234.05999755859375,37285900,-0.0010938846972727845,236.46142796107702,227.06900075276693,209.36788923475478,0.015627855284183412,-0.18785271328740272,AMZN
2025-02-04,242.05999755859375,242.05999755859375,242.52000427246094,238.02999877929688,239.00999450683594,29713800,0.019543422733693472,237.4914267403739,227.78700052897136,209.90233357747397,0.013227552969014868,-0.1921837756823086,AMZN
2025-02-05,236.1699981689453,236.1699981689453,238.32000732421875,235.1999969482422,237.02000427246094,38727300,-0.024332807771026643,237.59856959751673,228.2163340250651,210.38722245958115,0.014018229873767264,-0.17453529889607822,AMZN
2025-02-06,238.8300018310547,238.8300018310547,239.66000366210938,236.00999450683594,238.00999450683594,60897100,0.011263088803542765,237.69571358816964,228.68000081380208,210.91688910590278,0.014088726583745758,-0.17845327132449773,AMZN
2025-02-07,229.14999389648438,229.14999389648438,234.80999755859375,228.05999755859375,232.5,77539300,-0.04053095448794508,236.5642830984933,228.81633402506512,211.37444458007812,0.016097625807320676,-0.11298276272852059,AMZN
2025-02-10,233.13999938964844,233.13999938964844,233.9199981689453,229.1999969482422,230.5500030517578,35419900,0.017412199866636335,236.3499973842076,228.95266723632812,211.8945556640625,0.01608620075413228,-0.11765459701291892,AMZN
2025-02-11,232.75999450683594,232.75999450683594,233.44000244140625,230.1300048828125,231.9199981689453,23713700,-0.0016299428832775575,235.6471405029297,229.14300028483072,212.42377777099608,0.01599437081471114,-0.13589100520061448,AMZN
2025-02-12,228.92999267578125,228.92999267578125,231.17999267578125,228.16000366210938,230.4600067138672,32285200,-0.01645472556041927,234.43428257533483,229.31566670735677,212.91455552842882,0.016062191258094223,-0.12042979490448547,AMZN
2025-02-13,230.3699951171875,230.3699951171875,230.4199981689453,227.52000427246094,228.85000610351562,31346500,0.006290143220533118,232.7642822265625,229.6179997762044,213.4524442884657,0.01593192033250603,-0.16343271560748218,AMZN
2025-02-14,228.67999267578125,228.67999267578125,229.88999938964844,227.22999572753906,229.1999969482422,27031100,-0.007336035409240549,231.69428144182478,229.92766621907552,213.92099982367623,0.015905364479718503,-0.16800769371816693,AMZN
2025-02-18,226.64999389648438,226.64999389648438,229.3000030517578,223.72000122070312,228.82000732421875,42975100,-0.008877028355405714,229.95428030831474,230.14199930826823,214.4304441663954,0.016010473364433387,-0.15212881824866398,AMZN
2025-02-19,226.6300048828125,226.6300048828125,226.8300018310547,223.7100067138672,225.52000427246094,28566700,-8.819331220011328e-05,229.59428187779017,230.22333272298178,214.9183330959744,0.015687778321934676,-0.13511013421108908,AMZN
2025-02-20,222.8800048828125,222.8800048828125,225.1300048828125,221.80999755859375,224.77999877929688,30001700,-0.016546793977871843,228.1285683768136,230.06566619873047,215.33733317057292,0.015729404185274916,-0.19952440885886058,AMZN
2025-02-21,216.5800018310547,216.5800018310547,223.30999755859375,214.74000549316406,223.27999877929688,55323900,-0.028266344731418536,225.81714085170202,229.88133290608724,215.66988881429037,0.015957674740742854,-0.21045341880922974,AMZN
2025-02-24,212.7100067138672,212.7100067138672,217.72000122070312,212.4199981689453,217.4499969482422,42387600,-0.017868663239768212,223.5,229.56733296712238,215.93533325195312,0.01626035173362534,-0.17606135595401573,AMZN
2025-02-25,212.8000030517578,212.8000030517578,213.33999633789062,204.16000366210938,211.6300048828125,58958000,0.000423094048469963,220.99000113351005,229.36266632080077,216.21600002712674,0.016074301442435334,-0.1980263100813915,AMZN
2025-02-26,214.35000610351562,214.35000610351562,218.16000366210938,213.08999633789062,214.94000244140625,39120600,0.007283848822975836,218.94286019461495,229.22566630045574,216.51222229003906,0.016139425166268973,-0.10846745667351143,AMZN
2025-02-27,208.74000549316406,208.74000549316406,219.97000122070312,208.3699951171875,218.35000610351562,40548600,-0.02617215045770671,216.38429042271204,228.925,216.75500013563368,0.016802933970357103,-0.1318386679517558,AMZN
2025-02-28,212.27999877929688,212.27999877929688,212.6199951171875,206.99000549316406,208.64999389648438,51771700,0.016958863624485065,214.33428955078125,228.55599975585938,217.03000013563368,0.016391497925937734,-0.12912193244643355,AMZN
2025-03-03,205.02000427246094,205.02000427246094,214.00999450683594,202.5500030517578,213.35000610351562,42948400,-0.034200087377916355,211.7828608921596,228.0346664428711,217.20811123318143,0.017351090853479516,-0.11169646218932139,AMZN
2025-03-04,203.8000030517578,203.8000030517578,206.8000030517578,197.42999267578125,200.11000061035156,60853100,-0.005950644792114046,209.95714678083147,227.29666646321616,217.3717778523763,0.01663642264023318,-0.11879296541383622,AMZN
2025-03-05,208.36000061035156,208.36000061035156,209.97999572753906,203.25999450683594,204.8000030517578,38610100,0.022374865016246748,209.3357173374721,226.55166625976562,217.57911122639973,0.01670179313324758,-0.16332308830683606,AMZN
2025-03-06,200.6999969482422,200.6999969482422,205.77000427246094,198.3000030517578,204.39999389648438,49863800,-0.03676331176651382,207.60714503696985,225.40799967447916,217.75677778455946,0.017251449898974865,-0.13996012339319897,AMZN
2025-03-07,199.25,199.25,202.27000427246094,192.52999877929688,199.49000549316406,59802800,-0.007224698407026442,205.4500013078962,224.20233306884765,217.899777730306,0.017206374653509937,-0.1602509042699184,AMZN
2025-03-10,194.5399932861328,194.5399932861328,196.72999572753906,190.85000610351562,195.60000610351562,62350900,-0.02363867861413893,203.42142813546317,222.8586659749349,217.97433319091797,0.017513020856400982,-0.10979747788381433,AMZN
2025-03-11,196.58999633789062,196.58999633789062,200.17999267578125,193.39999389648438,193.89999389648438,54002900,0.010537694677220655,201.17999921526228,221.5643325805664,218.06544426812067,0.01771080488541098,-0.08133674414893455,AMZN
2025-03-12,198.88999938964844,198.88999938964844,201.52000427246094,195.2899932861328,200.72000122070312,43679300,0.011699491808345508,200.30428423200334,220.25566609700522,218.15499979654948,0.01771431796122668,-0.062094656048143126,AMZN
2025-03-13,193.88999938964844,193.88999938964844,198.8800048828125,191.82000732421875,198.1699981689453,41270800,-0.025139524437347016,198.88856942313058,218.8163324991862,218.16788872612847,0.018058317773195987,-0.025272030078442365,AMZN
2025-03-14,197.9499969482422,197.9499969482422,198.64999389648438,195.32000732421875,197.41000366210938,38096700,0.02093969555611075,197.40142604282923,217.59333241780598,218.29622209337023,0.0187218494763326,-0.05178075351362621,AMZN
2025-03-17,195.74000549316406,195.74000549316406,199.0,194.32000732421875,198.77000427246094,47341800,-0.01116439246854839,196.69285583496094,216.1953328450521,218.27188890245225,0.018418229107905196,-0.04265865877789221,AMZN
2025-03-18,192.82000732421875,192.82000732421875,194.0,189.3800048828125,192.52000427246094,40414900,-0.014917738259935254,195.77428545270647,214.7086664835612,218.23900010850696,0.01845676028478907,-0.04356399147495715,AMZN
2025-03-19,195.5399932861328,195.5399932861328,195.97000122070312,191.9600067138672,193.3800048828125,39442900,0.014106347155876442,195.9171425955636,213.15799967447916,218.19500003390843,0.018214820212183683,-0.02730897269734811,AMZN
2025-03-20,194.9499969482422,194.9499969482422,199.32000732421875,192.3000030517578,193.07000732421875,38921100,-0.003017266841301769,195.682856968471,211.78399963378905,218.0601111518012,0.017925895530859656,-0.025493722998224166,AMZN
2025-03-21,196.2100067138672,196.2100067138672,196.99000549316406,192.52000427246094,192.89999389648438,60056900,0.006463245885351521,195.3000008719308,210.36333312988282,217.90633341471354,0.01778537296972772,-0.05025228211082211,AMZN
2025-03-24,203.25999450683594,203.25999450683594,203.63999938964844,199.9499969482422,200.0,41625400,0.03593082692897376,196.6385716029576,209.50033315022787,217.85166676839194,0.018196041598053225,-0.08978648279647683,AMZN
2025-03-25,205.7100067138672,205.7100067138672,206.2100067138672,203.22000122070312,203.60000610351562,31171200,0.012053587883713357,197.7471444266183,208.58600006103515,217.839111328125,0.018005655255658483,-0.08264060787109007,AMZN
2025-03-26,201.1300048828125,201.1300048828125,206.00999450683594,199.92999267578125,205.83999633789062,32855300,-0.022264360904062586,198.51714433942522,207.53166707356772,217.75266689724393,0.018303395672003717,-0.04499578795829473,AMZN
2025-03-27,201.36000061035156,201.36000061035156,203.7899932861328,199.27999877929688,200.88999938964844,27317700,0.0011435177345771042,199.73714338030135,206.6126673380534,217.6111112806532,0.018195171449152704,-0.041219721029992495,AMZN
2025-03-28,192.72000122070312,192.72000122070312,199.25999450683594,191.8800048828125,198.4199981689453,52548200,-0.04290822091507418,199.33428737095423,205.3576675415039,217.40266689724393,0.01940276137169959,0.08260688080171663,AMZN
2025-03-31,190.25999450683594,190.25999450683594,191.3300018310547,184.39999389648438,188.19000244140625,63547600,-0.012764667384211892,198.66428702218192,204.0770009358724,217.26544460720487,0.01944335779456371,0.11095343855690643,AMZN
2025-04-01,192.1699981689453,192.1699981689453,193.92999267578125,187.1999969482422,187.86000061035156,41267300,0.010038913682617334,198.08714294433594,202.92766774495442,217.15955573187935,0.01965006052540211,0.09408337411316281,AMZN
2025-04-02,196.00999450683594,196.00999450683594,198.33999633789062,187.66000366210938,187.66000366210938,53679200,0.01998228846583383,197.05142865862166,201.90700073242186,217.06400010850695,0.02016838362253044,0.046732329568990094,AMZN
2025-04-03,178.41000366210938,178.41000366210938,184.1300048828125,176.9199981689453,183.0,95553600,-0.08979129298487254,193.15142822265625,200.42466735839844,216.7921112060547,0.025412390531900822,0.1523456763515203,AMZN
2025-04-04,171.0,171.0,178.13999938964844,166.0,167.14999389648438,123159400,-0.041533565999713695,188.8471418108259,198.90533396402995,216.487888929579,0.02590464562814933,0.20561405650356357,AMZN
2025-04-07,175.25999450683594,175.25999450683594,183.41000366210938,161.3800048828125,162.0,109327100,0.024912248577988017,185.11856951032365,197.65700022379556,216.2450000339084,0.026485909969747683,0.16438442154726363,AMZN
2025-04-08,170.66000366210938,170.66000366210938,185.89999389648438,168.57000732421875,185.22999572753906,87710400,-0.026246667744515673,181.9671412876674,196.25233357747396,215.90288899739582,0.026706537459851243,0.17848348061321984,AMZN
2025-04-09,191.10000610351562,191.10000610351562,192.64999389648438,169.92999267578125,172.1199951171875,116804300,0.11977031526306248,182.08714294433594,195.47733357747396,215.71666683620876,0.03529354026492301,0.06279434650305449,AMZN
2025-04-10,181.22000122070312,181.22000122070312,186.8699951171875,175.85000610351562,185.44000244140625,68302000,-0.05170070417193329,180.52285766601562,194.56000010172525,215.44422234429254,0.03616290916045886,0.1090939418347292,AMZN
2025-04-11,184.8699951171875,184.8699951171875,185.86000061035156,178.0,179.92999267578125,50594300,0.020141230945248445,178.93142918178015,193.64633331298828,215.18844451904297,0.03623134591185073,0.11440476937248056,AMZN
2025-04-14,182.1199951171875,182.1199951171875,187.44000244140625,179.22999572753906,186.83999633789062,48002500,-0.014875318183769082,179.46142796107702,192.88299967447918,214.8707777235243,0.03584509901583661,0.12409404079422126,AMZN
2025-04-15,179.58999633789062,179.58999633789062,182.35000610351562,177.92999267578125,181.41000366210938,43642000,-0.013891933050343641,180.6885702950614,192.07599945068358,214.49466654459636,0.03589443163313668,0.14538672054554058,AMZN
2025-04-16,174.3300018310547,174.3300018310547,179.10000610351562,171.41000366210938,176.2899932861328,51875300,-0.029288905919567454,180.5557141985212,190.94166615804036,214.0076665242513,0.03584498181313283,0.17598802474351838,AMZN
2025-04-17,172.61000061035156,172.61000061035156,176.2100067138672,172.0,176.0,44726500,-0.009866352335440198,180.83428519112724,190.00533294677734,213.4749998304579,0.035364385995805804,0.19720753818299563,AMZN
2025-04-21,167.32000732421875,167.32000732421875,169.60000610351562,165.2899932861328,169.60000610351562,48126100,-0.030647084568839134,177.43714250837053,188.94099985758464,212.81155548095703,0.03568559726351447,0.22944057918464877,AMZN
2025-04-22,173.17999267578125,173.17999267578125,176.77999877929688,169.35000610351562,169.85000610351562,56607200,0.03502262189247651,176.288569859096,188.22899983723957,212.22366655137805,0.03624310535740337,0.19661626337809412,AMZN
2025-04-23,180.60000610351562,180.60000610351562,187.3800048828125,180.19000244140625,183.4499969482422,63470100,0.042845673527805994,175.67857142857142,187.6960001627604,211.72988891601562,0.03713570288694828,0.1512181430544377,AMZN
2025-04-24,186.5399932861328,186.5399932861328,186.74000549316406,180.17999267578125,180.9199981689453,43763200,0.03289029336584037,176.30999973842077,187.28433329264323,211.24411112467448,0.03760706966669236,0.14490197818665473,AMZN
2025-04-25,188.99000549316406,188.99000549316406,189.94000244140625,185.49000549316406,187.6199951171875,36414300,0.013133978209558528,177.6528581891741,187.12100016276042,210.79988894992405,0.03742479189252835,0.1481030182592773,AMZN
2025-04-28,187.6999969482422,187.6999969482422,190.22000122070312,184.88999938964844,190.11000061035156,33224700,-0.006825802991833552,179.56285749162947,186.77933349609376,210.3581110636393,0.03722720186259202,0.15935004873951586,AMZN
2025-04-29,187.38999938964844,187.38999938964844,188.02000427246094,183.67999267578125,183.99000549316406,41667300,-0.0016515586767922308,181.67428588867188,186.5009999593099,209.85211113823786,0.037179081375392053,0.13773412478072466,AMZN
2025-04-30,184.4199981689453,184.4199981689453,185.0500030517578,178.85000610351562,182.1699981689453,55176500,-0.015849304820837684,184.1171417236328,186.22099965413412,209.33288896348742,0.037191673109617615,0.15627376429001494,AMZN
2025-05-01,190.1999969482422,190.1999969482422,191.80999755859375,187.5,190.6300048828125,74266000,0.031341496782804956,186.54857090541296,186.04299977620443,208.9959999932183,0.03756151794846223,0.11514200581839629,AMZN
2025-05-02,189.97999572753906,189.97999572753906,192.8800048828125,186.39999389648438,191.44000244140625,77903500,-0.0011566836184702112,187.88856942313058,185.87733306884766,208.62588890923394,0.037558324457553756,0.1374882143561933,AMZN
2025-05-05,186.35000610351562,186.35000610351562,188.17999267578125,185.52999877929688,186.50999450683594,35217500,-0.01910722026349243,187.8614283970424,185.54866638183594,208.19733344184027,0.03769212335223377,0.15277703401248255,AMZN
2025-05-06,185.00999450683594,185.00999450683594,187.92999267578125,183.85000610351562,184.57000732421875,29314100,-0.007190832051464091,187.29285539899553,184.9403330485026,207.75233340793187,0.037050433567728414,0.14869472235246484,AMZN
2025-05-07,188.7100067138672,188.7100067138672,190.99000549316406,185.00999450683594,185.55999755859375,43948600,0.019998985551532122,187.43714250837053,184.37366638183593,207.30411122639973,0.03718602732685568,0.11117585173609856,AMZN
2025-05-08,192.0800018310547,192.0800018310547,194.3300018310547,188.82000732421875,191.42999267578125,41043600,0.01785806262143419,188.10714285714286,184.071999613444,206.9155556572808,0.03716144264171693,0.08532902557999966,AMZN
2025-05-09,193.05999755859375,193.05999755859375,194.69000244140625,191.16000366210938,193.3800048828125,29663100,0.0051020185245573835,189.34142848423548,183.7953328450521,206.57455563015407,0.0371758778510877,0.10209264976233712,AMZN
2025-05-12,208.63999938964844,208.63999938964844,211.66000366210938,205.75,210.7100067138672,75205000,0.08070031092964336,191.97571454729353,184.32599945068358,206.4338889227973,0.03913939362500075,0.016056394331459334,AMZN
2025-05-13,211.3699951171875,211.3699951171875,214.83999633789062,210.10000610351562,211.0800018310547,56193700,0.01308471882441209,195.03142874581474,185.0296661376953,206.3447777642144,0.03905619971601853,0.027203482674123647,AMZN
2025-05-14,210.25,210.25,211.92999267578125,208.85000610351562,211.4499969482422,38492100,-0.005298742220089303,198.44571358816964,185.63233286539713,206.23399997287328,0.03907805364626346,0.062068980032141896,AMZN
2025-05-15,205.1699981689453,205.1699981689453,206.8800048828125,202.6699981689453,206.4499969482422,64347300,-0.024161720956264898,201.32571411132812,185.9376663208008,206.02266659206813,0.03927554199297288,0.06930838498616065,AMZN
2025-05-16,205.58999633789062,205.58999633789062,206.85000610351562,204.3699951171875,206.85000610351562,43318500,0.002047074000553817,203.73714120047433,186.84366607666016,205.7779998779297,0.03522364024896511,0.07232847240065832,AMZN
2025-05-19,206.16000366210938,206.16000366210938,206.6199951171875,201.25999450683594,201.64999389648438,34314800,0.0027725440652370814,205.74857003348214,188.01566619873046,205.60077768961588,0.034102465652566444,0.06674424845950333,AMZN
2025-05-20,204.07000732421875,204.07000732421875,205.58999633789062,202.64999389648438,204.6300048828125,29470400,-0.010137739138364021,207.32142857142858,188.9759999593099,205.40011105007596,0.03406076184209739,0.0947713806231405,AMZN
2025-05-21,201.1199951171875,201.1199951171875,203.4600067138672,200.05999755859375,201.61000061035156,42460900,-0.014455883280997672,206.2471422467913,189.9913330078125,205.20211096869573,0.03374686942048523,0.11112771800980226,AMZN
2025-05-22,203.10000610351562,203.10000610351562,205.75999450683594,200.16000366210938,201.3800048828125,38938900,0.00984492359983613,205.06571524483817,190.3913330078125,205.03144429524738,0.026063199072867586,0.08005905474246311,AMZN
2025-05-23,200.99000549316406,200.99000549316406,202.3699951171875,197.85000610351562,198.89999389648438,33393500,-0.010388973643241206,203.74285888671875,191.05033315022786,204.84511108398436,0.024128137521333633,0.10721920097515336,AMZN
2025-05-27,206.02000427246094,206.02000427246094,206.69000244140625,202.19000244140625,203.08999633789062,34892000,0.025026113945093353,203.86428833007812,191.75533345540364,204.65255550808376,0.024258816302258686,0.07882724928448037,AMZN
2025-05-28,204.72000122070312,204.72000122070312,207.66000366210938,204.41000366210938,205.9199981689453,28549800,-0.006310081665849121,203.74000331333704,192.5086669921875,204.47544436984592,0.024080020441428523,0.09915984237354958,AMZN
2025-05-29,205.6999969482422,205.6999969482422,208.80999755859375,204.22999572753906,208.02999877929688,34650000,0.004787005283780621,203.6742880684989,193.37900034586588,204.25055541992188,0.023836850595466755,0.09718038789370476,AMZN
2025-05-30,205.00999450683594,205.00999450683594,205.99000549316406,201.6999969482422,204.83999633789062,51679400,-0.0033544115296213484,203.8085719517299,194.40166676839192,203.96499972873264,0.02301385137315224,0.10409254264902734,AMZN
2025-06-02,206.64999389648438,206.64999389648438,207.0,202.67999267578125,204.97999572753906,29113300,0.007999607012299847,204.59857177734375,195.536333211263,203.64988861083984,0.022828406260300797,0.08003875651313663,AMZN
2025-06-03,205.7100067138672,205.7100067138672,208.9499969482422,205.02999877929688,207.11000061035156,33139100,-0.004548692041520419,204.97142900739397,196.81599985758464,203.3197775946723,0.02184958836888824,0.08832821727636664,AMZN
