Date,Adj Close,Close,High,Low,Open,Volume,daily_return,ma_7,ma_30,ma_90,volatility_30,target_30d_return,ticker
,GOOGL,GOOGL,GOOGL,GOOGL,GOOGL,GOOGL,,,,,,,
2022-05-11,112.67127990722656,113.60250091552734,116.364501953125,113.23650360107422,113.23650360107422,37534000,-0.006927744891037757,115.09949275425502,124.6818239847819,131.26664454142252,0.024729638054357593,0.03848937402026675,GOOGL
2022-05-12,111.91900634765625,112.84400177001953,114.29499816894531,109.82450103759766,111.37750244140625,53836000,-0.006676710872457803,114.46332550048828,123.71995722452799,130.91237835354275,0.024722307917668794,0.026492203387612046,GOOGL
2022-05-13,115.09922790527344,116.05049896240234,117.875,113.6050033569336,114.53299713134766,35038000,0.02841538413715372,113.58338601248605,122.95901311238607,130.59997177124023,0.025431594050466626,-0.034838395613075335,GOOGL
2022-05-16,113.5068588256836,114.44499969482422,116.16999816894531,113.8895034790039,114.95549774169922,25990000,-0.013834750315617761,113.29143960135323,122.10918731689453,130.34287448459202,0.025342430925291995,-0.0239721927725971,GOOGL
2022-05-17,115.51824188232422,116.4729995727539,116.9000015258789,114.87000274658203,116.84049987792969,23054000,0.017720365777451175,113.39437430245536,121.2331443786621,130.10842887030708,0.025259115770785757,-0.0644784791595544,GOOGL
2022-05-18,110.98223114013672,111.89949798583984,115.4000015258789,111.55549621582031,115.0,35126000,-0.03926661857274649,113.30773271833148,120.28460083007812,129.83163333468968,0.025901819728295954,-0.028257408589172694,GOOGL
2022-05-19,109.47915649414062,110.38400268554688,113.01000213623047,110.0,111.43150329589844,34144000,-0.013543381048973235,112.7394289289202,119.41961669921875,129.5199262830946,0.025613631500047356,0.026081608111471866,GOOGL
2022-05-20,108.01525115966797,108.90799713134766,112.18350219726562,105.79650115966797,111.95099639892578,48962000,-0.013371543783779583,112.07428196498326,118.52763900756835,129.18020061916775,0.025639046709422058,0.0520072539646943,GOOGL
2022-05-23,110.57410430908203,111.48799896240234,112.14749908447266,108.74099731445312,109.5875015258789,37184000,0.02368973938348362,111.8821531023298,117.80694478352865,128.85023362901475,0.026129325537253306,0.06543303262385192,GOOGL
2022-05-24,105.1013412475586,105.97000122070312,106.45850372314453,101.8844985961914,105.77200317382812,76780000,-0.04949407545030349,110.45388357979911,117.05140558878581,128.49079293145073,0.026871077943700587,0.12629521111702569,GOOGL
2022-05-25,104.93768310546875,105.80500030517578,106.5,103.85649871826172,104.9854965209961,40258000,-0.0015571460853611718,109.22971561976841,116.32707544962565,128.11968782213,0.026879556132608454,0.09329907130755033,GOOGL
2022-05-26,106.9089126586914,107.7925033569336,108.64949798583984,105.2249984741211,105.677001953125,37948000,0.01878476344137936,107.99981144496373,115.59639841715494,127.8088624742296,0.026931997662050632,0.05777753355601134,GOOGL
2022-05-27,111.39581298828125,112.31649780273438,112.31800079345703,109.13849639892578,109.48300170898438,37914000,0.04196937577986937,108.05889456612724,115.11988652547201,127.55760565863716,0.02805874259705338,-0.008574008456481264,GOOGL
2022-05-31,112.8294677734375,113.76200103759766,115.73500061035156,112.07849884033203,112.74649810791016,50012000,0.012869916262535641,108.53751046316964,114.6598721822103,127.34221377902561,0.02814962584945328,-0.029838693972405017,GOOGL
2022-06-01,112.95838928222656,113.89199829101562,117.10150146484375,113.25,114.8550033569336,36606000,0.0011426226794575278,109.24367305210659,114.12704238891601,127.16082950168186,0.027866122446774073,-0.018565777652120308,GOOGL
2022-06-02,116.65833282470703,117.62249755859375,117.89949798583984,112.94650268554688,114.0,37992000,0.03275492476469499,110.11284855433873,113.78263956705729,127.01556913587783,0.028570383402442272,-0.07305161372894697,GOOGL
2022-06-03,113.60208129882812,114.54100036621094,116.32150268554688,113.51850128173828,116.0625,26136000,-0.026198313072682833,111.32723999023438,113.44299697875977,126.87898695203992,0.028598626063108496,-0.006381979055546605,GOOGL
2022-06-06,115.86289978027344,116.82050323486328,119.34700012207031,116.16400146484375,116.70449829101562,33542000,0.019901206523657455,112.88798522949219,113.34993336995443,126.74220106336806,0.027897326170186466,-0.02499996378334224,GOOGL
2022-06-07,116.18919372558594,117.14949798583984,117.69100189208984,115.052001953125,115.48049926757812,31590000,0.002816207309943808,114.21373966761998,113.15406875610351,126.61155319213867,0.027359338472346693,-0.02398210011720947,GOOGL
2022-06-08,116.23333740234375,117.19400024414062,118.57050323486328,116.5999984741211,116.7614974975586,26108000,0.0003799292803603471,114.90481458391461,113.1059331258138,126.43350262112088,0.02656449546233755,-0.07930436990349021,GOOGL
2022-06-09,113.8941650390625,114.83550262451172,118.29900360107422,114.7760009765625,116.32749938964844,25798000,-0.0201247973736155,115.05691419328961,113.1238182067871,126.20794448852538,0.025940973237481964,-0.06379123567422385,GOOGL
2022-06-10,110.25028228759766,111.1614990234375,113.27899932861328,110.36599731445312,112.44499969482422,41452000,-0.03199358588927792,114.6700417654855,112.88046290079753,125.91610649956597,0.025649095760245853,-0.05524850829283656,GOOGL
2022-06-13,105.52037811279297,106.39250183105469,108.79149627685547,106.11900329589844,106.7864990234375,47252000,-0.04290151532189557,113.0789053780692,112.62533798217774,125.45759065416124,0.025938237010272158,0.06266883102000054,GOOGL
2022-06-14,105.84072875976562,106.71549987792969,107.92449951171875,105.80000305175781,106.53500366210938,33706000,0.0030359126142462944,111.9701407296317,112.29911778767904,125.05674277411566,0.025572082207034424,0.07032258045913875,GOOGL
2022-06-15,108.86473083496094,109.7645034790039,111.42350006103516,107.66950225830078,108.54499816894531,39698000,0.02857125145140582,110.97040230887276,112.04886957804362,124.68725763956705,0.026155189247018283,0.05972331296159994,GOOGL
2022-06-16,105.16432189941406,106.03350067138672,108.64849853515625,105.13800048828125,107.22100067138672,51684000,-0.03399088857489296,109.39542061941964,111.51238683064778,124.32175064086914,0.025428362895582993,0.08324258866992973,GOOGL
2022-06-17,106.26522064208984,107.14350128173828,108.69950103759766,105.0459976196289,106.03350067138672,51376000,0.010468367244632182,107.97140393938336,111.20287806193033,123.96629418267145,0.024242559417644118,0.07454010314899895,GOOGL
2022-06-21,110.62965393066406,111.54399871826172,112.489501953125,108.5999984741211,108.92949676513672,47416000,0.04107113561899989,107.50504520961216,111.06394322713216,123.63516438802084,0.025495409106450585,0.058595629790799686,GOOGL
2022-06-22,110.5736083984375,111.48750305175781,113.34649658203125,110.38249969482422,110.55650329589844,30774000,-0.000506604967432045,107.55123465401786,111.03010609944661,123.33616349962023,0.02497898029754004,0.06011886756625762,GOOGL
2022-06-23,111.32192993164062,112.24199676513672,112.74250030517578,110.50050354003906,112.23149871826172,28362000,0.006767632385719535,108.3800277709961,110.95892766316732,123.09327629937066,0.02481419588714251,0.04657797569327471,GOOGL
2022-06-24,117.00792694091797,117.9749984741211,118.0790023803711,112.95249938964844,112.99500274658203,41164000,0.0510770610316309,109.975341796875,111.10348256429036,122.89986360338,0.026486227776389742,-0.005721462634507013,GOOGL
2022-06-27,114.88398742675781,115.83350372314453,118.57949829101562,115.17949676513672,118.27300262451172,36420000,-0.01815209934650508,110.83523559570312,111.20231526692709,122.67092242770725,0.026691934161717206,0.0068761781885253725,GOOGL
2022-06-28,111.08935546875,112.00749969482422,117.30950164794922,111.8479995727539,115.80249786376953,35792000,-0.03303012058514254,111.68166896275112,111.0686528523763,122.38737157185872,0.026889649088887833,0.0686784100548985,GOOGL
2022-06-29,110.78585052490234,111.70149993896484,113.1604995727539,110.87249755859375,111.552001953125,24716000,-0.002732079437917312,112.32747323172433,110.97795257568359,122.1577416314019,0.026780694502898664,0.0639068880125595,GOOGL
2022-06-30,108.0698013305664,108.96299743652344,110.88800048828125,106.75,110.0,43170000,-0.02451621016102079,111.96178000313895,110.72967122395833,121.9214722527398,0.02690183581903588,0.11670947781227214,GOOGL
2022-07-01,107.84616088867188,108.73750305175781,109.25,106.73049926757812,107.93299865722656,35476000,-0.002069407356551478,111.57214464460101,110.62513554890951,121.68921398586697,0.02595946023901357,0.12270356600053822,GOOGL
2022-07-05,112.33454895019531,113.26300048828125,113.37699890136719,105.73149871826172,107.10050201416016,39342000,0.04161843151891831,111.71680450439453,110.72031529744466,121.53135197957357,0.02694796615955942,0.07449038346733072,GOOGL
2022-07-06,113.63282775878906,114.5719985961914,115.5895004272461,111.47599792480469,113.302001953125,37432000,0.011557253051057037,111.23464747837612,110.90756785074869,121.33167987399631,0.026867077667387457,0.04344859924901723,GOOGL
2022-07-07,117.8093032836914,118.78299713134766,119.18949890136719,114.83350372314453,115.08000183105469,40936000,0.03675412825040181,111.65254974365234,111.14874114990235,121.15892418755425,0.02733194321592883,0.011676844109908657,GOOGL
2022-07-08,118.37513732910156,119.35350036621094,119.68499755859375,116.90149688720703,117.25,38238000,0.004802965722049857,112.69337572370257,111.59120101928711,120.98587103949653,0.025508819676718388,-0.017959267749125263,GOOGL
2022-07-11,114.728271484375,115.67649841308594,117.99800109863281,115.33049774169922,117.99800109863281,31196000,-0.03080770106806885,113.25657871791294,111.91755396525065,120.78326789008247,0.026286999108157166,-0.012418285180464173,GOOGL
2022-07-12,113.08584594726562,114.02050018310547,116.9739990234375,113.69000244140625,116.21499633789062,29960000,-0.014315787345694164,113.97315652029855,112.12345174153646,120.55679507785374,0.02630976315236673,-0.0014076679142389636,GOOGL
2022-07-13,110.44070434570312,111.35350036621094,114.19599914550781,111.20149993896484,111.70099639892578,43722000,-0.023390562978111262,114.34380558558873,112.09161478678385,120.30833740234375,0.02560019997797966,0.020982911757399414,GOOGL
2022-07-14,109.46278381347656,110.36750030517578,111.09300231933594,108.37300109863281,110.21050262451172,37004000,-0.008854711114169134,113.93355342320034,111.9793919881185,120.07097693549262,0.025531603541688052,0.05692348203234765,GOOGL
2022-07-15,110.8612289428711,111.77749633789062,113.1405029296875,110.9000015258789,112.00050354003906,46770000,0.012775530465016116,113.53761073521206,111.9094866434733,119.91007325914171,0.025648553113052943,-0.01286026656613537,GOOGL
2022-07-18,108.1362533569336,109.02999877929688,113.68000030517578,108.37000274658203,112.63999938964844,43164600,-0.024580059340147953,112.15574645996094,111.62541732788085,119.71089155409071,0.02523272921551222,0.003576922927675197,GOOGL
2022-07-19,112.8770751953125,113.80999755859375,114.0199966430664,109.55999755859375,110.8499984741211,36530900,0.043841188234352124,111.37030901227679,111.60125045776367,119.49478878445096,0.026160665295864704,-0.04279067070117626,GOOGL
2022-07-20,112.9663314819336,113.9000015258789,115.4000015258789,112.4800033569336,113.16999816894531,35600400,0.0007907388321910513,111.1186032976423,111.50469818115235,119.29059304131403,0.02589358125704368,-0.04986815786315446,GOOGL
2022-07-21,113.4027328491211,114.33999633789062,114.55000305175781,111.11000061035156,114.27999877929688,32676200,0.003863110021035787,111.16387285505023,111.41181615193685,119.11944647894965,0.02589893918729669,-0.040230967289052844,GOOGL
2022-07-22,107.0155258178711,107.9000015258789,112.33999633789062,106.5,111.0,48901200,-0.05632321965069387,110.67456163678851,111.10455576578777,118.92052400377062,0.02783059801311871,-0.0004635432369561876,GOOGL
2022-07-25,106.62871551513672,107.51000213623047,109.87000274658203,106.30000305175781,108.41000366210938,34690900,-0.0036145250866933543,110.26969473702567,110.86237411499023,118.68152160644532,0.027630048197768396,-0.006511072271621399,GOOGL
2022-07-26,104.15911865234375,105.0199966430664,107.19999694824219,104.06999969482422,106.5999984741211,47991000,-0.02316071098542294,109.31225040980748,110.65933532714844,118.37009006076389,0.027343066896416517,0.042182573190362005,GOOGL
2022-07-27,112.13321685791016,113.05999755859375,113.91000366210938,108.01000213623047,109.26000213623047,59858500,0.07655689015747047,109.88324519566127,110.87976328531902,118.14110488891602,0.029706813998635208,-0.041393840119339775,GOOGL
2022-07-28,113.28372192382812,114.22000122070312,114.33999633789062,111.45999908447266,112.37000274658203,32816600,0.010260162850547871,109.94133758544922,111.12786305745443,117.89970559014215,0.02974098617644836,-0.03125551409034444,GOOGL
2022-07-29,115.36649322509766,116.31999969482422,116.70999908447266,113.05999755859375,113.08000183105469,37223400,0.018385442020257603,110.28421783447266,111.34458847045899,117.68171268039279,0.02949244907956398,-0.04693942994515621,GOOGL
2022-08-01,113.91847229003906,114.86000061035156,116.72000122070312,114.33999633789062,115.30000305175781,26034300,-0.012551486090794817,110.35789489746094,111.63639348347982,117.40612386067708,0.028833852061843586,-0.09176392065055394,GOOGL
2022-08-02,114.18624114990234,115.12999725341797,116.3499984741211,113.72000122070312,114.0,20236000,0.002350530642489135,111.38228280203683,111.9004275004069,117.15105972290038,0.028800061363609433,-0.08798747399128692,GOOGL
2022-08-03,117.11206817626953,118.08000183105469,118.62000274658203,115.4800033569336,115.70999908447266,28499000,0.025623288733414018,112.87990461077008,112.11650797526042,116.89217698838976,0.028224465786048057,-0.1284720835605575,GOOGL
2022-08-04,117.2211685180664,118.19000244140625,118.77999877929688,116.88999938964844,117.4800033569336,21602900,0.0009315892332519837,114.74591173444476,112.33809331258138,116.63339377509223,0.028220789516836754,-0.13021402119299974,GOOGL
2022-08-05,116.507080078125,117.47000122070312,118.11000061035156,116.0,116.2300033569336,19159500,-0.006091804483516539,115.37074933733258,112.51093165079753,116.36907289293077,0.028248687041859358,-0.1225846084452854,GOOGL
2022-08-08,116.33847045898438,117.30000305175781,120.1500015258789,116.87999725341797,118.38999938964844,19138300,-0.0014472049168819945,115.80714198521206,112.48861643473307,116.09130766126844,0.02667978322381819,-0.13776648473222275,GOOGL
2022-08-09,115.6739501953125,116.62999725341797,117.31999969482422,115.70999908447266,117.13999938964844,19086500,-0.005711956337831947,115.85106440952846,112.51494852701823,115.81240700615777,0.02648146599814282,-0.14876098959372142,GOOGL
2022-08-10,118.71879577636719,119.69999694824219,120.91999816894531,118.41000366210938,118.77999877929688,30930400,0.026322655843545872,116.53682490757534,112.7692632039388,115.59897638956706,0.026099489004119524,-0.16340854626813306,GOOGL
2022-08-11,117.86582946777344,118.83999633789062,121.48999786376953,118.55999755859375,121.27999877929688,24293700,-0.007184762134889722,117.06248038155692,113.00526250203451,115.36413413153754,0.026143141444883194,-0.16913497457102156,GOOGL
2022-08-12,120.68257141113281,121.68000030517578,121.68000030517578,119.45999908447266,120.26000213623047,19096300,0.02389786722817333,117.57255227225167,113.42568817138672,115.12950125800239,0.025918039016822998,-0.1932118168888235,GOOGL
2022-08-15,121.07926940917969,122.08000183105469,122.30000305175781,120.61000061035156,121.12999725341797,19494800,0.0032871192037782215,118.12370954241071,113.86679178873698,114.92550938924154,0.02589316935255381,-0.20134338140989894,GOOGL
2022-08-16,120.702392578125,121.69999694824219,122.43000030517578,120.63999938964844,121.5199966430664,19041200,-0.0031126454007668336,118.72303989955357,114.14571990966797,114.76188396877713,0.024933450133248068,-0.17789638185506784,GOOGL
2022-08-17,118.57001495361328,119.55000305175781,121.29000091552734,119.37999725341797,120.12000274658203,22847000,-0.01766640725975277,119.04183197021484,114.3102928161621,114.58183322482638,0.0251452453664904,-0.18511075940102217,GOOGL
2022-08-18,119.18494415283203,120.16999816894531,120.81999969482422,118.72000122070312,119.43000030517578,17987700,0.00518621170334943,119.54340253557477,114.35614751180013,114.43727781507704,0.0242740720917962,-0.20404429474204944,GOOGL
2022-08-19,116.24920654296875,117.20999908447266,119.1500015258789,116.76000213623047,119.05999755859375,21809500,-0.024631782401129065,119.19060407366071,114.28528315226237,114.30929658677843,0.02469247426672321,-0.15843358043333422,GOOGL
2022-08-22,113.30354309082031,114.23999786376953,115.62999725341797,113.8499984741211,115.19999694824219,21456600,-0.025339213399789062,118.53884887695312,114.23779220581055,114.16080720689561,0.024478852119709474,-0.11029402753579876,GOOGL
2022-08-23,112.9266586303711,113.86000061035156,115.01000213623047,113.43000030517578,113.4800033569336,15870400,-0.003326325463159807,117.4308613368443,114.23248596191407,113.98411204020182,0.024341088763471068,-0.1091691713075742,GOOGL
2022-08-24,112.75807189941406,113.69000244140625,114.77999877929688,112.87000274658203,113.5,17734600,-0.0014928869144074097,116.24211883544922,114.30973154703776,113.84041095309787,0.02393306269190082,-0.10792523336156623,GOOGL
2022-08-25,115.69378662109375,116.6500015258789,116.72000122070312,114.11000061035156,114.23999786376953,16956800,0.02603551721156161,115.52660369873047,114.517431640625,113.71889860365125,0.024284523115919675,-0.1540506281366607,GOOGL
2022-08-26,109.4355239868164,110.33999633789062,115.12000274658203,110.19000244140625,114.72000122070312,37245700,-0.05409333393826621,114.22167641775948,114.46990814208985,113.50214572482639,0.026261923792576646,-0.11310503193231591,GOOGL
2022-08-29,108.5230484008789,109.41999816894531,110.94999694824219,108.80000305175781,109.98999786376953,21191200,-0.00833801998377992,112.69854845319476,114.48280131022135,113.29695273505317,0.0259048421019817,-0.11186239804706488,GOOGL
2022-08-30,108.04698944091797,108.94000244140625,110.5,107.80000305175781,110.16999816894531,27513300,-0.004386708325796351,111.52680315290179,114.32179845174154,113.12201529608832,0.02458133259035665,-0.10446121945906406,GOOGL
2022-08-31,107.3329086303711,108.22000122070312,110.8499984741211,108.12999725341797,110.6500015258789,28627000,-0.006608983871201235,110.67385537283761,114.13401769002279,112.99621641370985,0.024598140225180472,-0.08464254379994685,GOOGL
2022-09-01,108.8404312133789,109.73999786376953,110.44999694824219,107.36000061035156,108.27999877929688,28360900,0.014045297031867188,110.09010859898159,113.98194096883138,112.84927529229059,0.02474326559610686,-0.12010206412717628,GOOGL
2022-09-02,106.9659194946289,107.8499984741211,110.73999786376953,107.26000213623047,110.58999633789062,24160700,-0.01722256791756982,109.26265825544085,113.9802874247233,112.73025877210829,0.02267607795730636,-0.07306424277991874,GOOGL
2022-09-06,105.9344482421875,106.80999755859375,108.02999877929688,105.77999877929688,107.30000305175781,25068300,-0.009642989629918497,107.86846705845424,113.95714518229167,112.647779168023,0.022737949042909104,-0.056549062876304235,GOOGL
2022-09-07,108.55281829833984,109.44999694824219,109.9800033569336,106.9000015258789,107.05999755859375,23167000,0.02471688954443052,107.74236624581474,114.10360183715821,112.54780002170139,0.022734393636193305,-0.08972152905824227,GOOGL
2022-09-08,107.49159240722656,108.37999725341797,109.5999984741211,107.16000366210938,108.04000091552734,24238300,-0.009776124726643909,107.59501538957868,113.94888102213541,112.48466076321073,0.017864895588557573,-0.0775972951645445,GOOGL
2022-09-09,109.74298095703125,110.6500015258789,110.98999786376953,109.0199966430664,109.06999969482422,23197700,0.02094478739579375,107.83729989188058,113.83085632324219,112.41927905612522,0.018205587018583044,-0.08603705780051374,GOOGL
2022-09-12,109.95125579833984,110.86000061035156,111.62000274658203,109.93000030517578,110.98999786376953,22966800,0.0018978420259072593,108.21134948730469,113.65034840901693,112.34793548583984,0.017848798810692106,-0.07523017505912455,GOOGL
2022-09-13,103.4648666381836,104.31999969482422,108.30000305175781,104.08999633789062,107.80000305175781,38172900,-0.05899331583854628,107.44341169084821,113.30189488728841,112.15022506713868,0.020640818734814336,0.001533697205742257,GOOGL
2022-09-14,104.1392822265625,105.0,105.27999877929688,103.66000366210938,104.56999969482422,26395100,0.0065183052981387934,107.03960636683873,112.96699625651041,112.02343393961588,0.020691995405904225,-0.0959046557942772,GOOGL
2022-09-15,102.06643676757812,102.91000366210938,105.2699966430664,102.3499984741211,104.02999877929688,34188300,-0.019904549125610016,106.48703329903739,112.46547520955404,111.88197547064887,0.020194872693852235,-0.10387730590372946,GOOGL
2022-09-16,101.95732879638672,102.80000305175781,103.12999725341797,100.94000244140625,102.06999969482422,42797200,-0.0010689897153934869,105.54482051304409,111.95668055216471,111.77495998806424,0.020180050195059786,-0.06332690574674726,GOOGL
2022-09-19,102.22510528564453,103.06999969482422,103.33000183105469,101.55000305175781,101.75,23036800,0.0026263584228709558,104.79246520996094,111.4806147257487,111.65015801323784,0.020218174514073317,-0.08305034260778665,GOOGL
2022-09-20,100.31092834472656,101.13999938964844,102.37000274658203,100.5199966430664,102.08000183105469,26517100,-0.01872511586629566,103.44502912248883,110.9463633219401,111.51282077365451,0.020383965570995508,-0.1054972507509534,GOOGL
2022-09-21,98.46617889404297,99.27999877929688,102.87999725341797,99.2699966430664,101.66999816894531,31487300,-0.018390313808521075,101.80430385044643,110.37277094523112,111.36334491305881,0.020535995353578175,-0.12399273866066585,GOOGL
2022-09-22,99.31912994384766,100.13999938964844,101.23999786376953,98.79000091552734,98.81999969482422,34298600,0.008662375847066528,101.21205575125558,109.72611541748047,111.18801049126519,0.019844247350104486,-0.16686642919468853,GOOGL
2022-09-23,97.93059539794922,98.73999786376953,99.66000366210938,97.47000122070312,99.62999725341797,31625400,-0.013980534733675998,100.32510049002511,109.061607615153,111.0149408976237,0.019900061972459956,-0.12315160869554043,GOOGL
2022-09-26,97.36527252197266,98.16999816894531,99.87999725341797,97.80000305175781,98.0999984741211,27072700,-0.00577268905268391,99.65350559779576,108.28436431884765,110.81324123806424,0.019085467462611035,-0.0986044276771233,GOOGL
2022-09-27,96.70075988769531,97.5,100.0,96.87000274658203,99.43000030517578,30072800,-0.006824945045240671,98.90256718226841,107.47174733479818,110.65455822414822,0.01898744590441321,-0.0882051276386886,GOOGL
2022-09-28,99.22987365722656,100.05000305175781,100.69999694824219,97.11000061035156,97.6500015258789,32466300,0.026154021669203775,98.47467694963727,106.75599670410156,110.54067730373806,0.019937490611878533,-0.12723644264168832,GOOGL
2022-09-29,96.62142944335938,97.41999816894531,98.63999938964844,95.95999908447266,98.63999938964844,31047200,-0.026286884359821294,97.94760567801339,106.0243771870931,110.41407928466796,0.02016755402935702,-0.03572165171500119,GOOGL
2022-09-30,94.86593627929688,95.6500015258789,98.9000015258789,95.55999755859375,97.05000305175781,32941500,-0.018168776576541812,97.43328530447823,105.2137435913086,110.23954408433703,0.02014763417289856,0.007945622532826269,GOOGL
2022-10-03,97.83142852783203,98.63999938964844,99.29000091552734,96.5199966430664,96.76000213623047,27982000,0.031259821647723784,97.22075653076172,104.59981765747071,110.15876727634006,0.021060726920947962,-0.029805518397817754,GOOGL
2022-10-04,100.80683898925781,101.63999938964844,101.83999633789062,100.37999725341797,100.44000244140625,28850800,0.030413646270935457,97.63164847237724,104.18326085408529,110.11286900838216,0.02170130056651139,-0.031483799913327504,GOOGL
2022-10-05,100.59854888916016,101.43000030517578,101.93000030517578,98.80000305175781,99.83000183105469,22176900,-0.002066229852915602,98.09354509626117,103.77232386271159,110.04275385538737,0.021703183327876106,-0.025436207065361094,GOOGL
2022-10-06,100.58863067626953,101.41999816894531,102.93000030517578,100.58999633789062,100.68000030517578,22324000,-9.859200754036568e-05,98.64895520891461,103.3666758219401,109.92267405192057,0.02170937789157162,-0.030171446410756753,GOOGL
2022-10-07,97.87108612060547,98.68000030517578,100.52999877929688,98.30000305175781,99.8499984741211,27502800,-0.027016418628961203,98.45484270368304,102.77258580525717,109.75646981133355,0.02137282810272785,-0.01266705534285939,GOOGL
2022-10-10,97.05781555175781,97.86000061035156,99.0999984741211,97.01000213623047,99.0,18225100,-0.008309610131898126,98.51718357631138,102.35999552408855,109.5797967698839,0.01930603926112202,-0.02309417664277391,GOOGL
2022-10-11,96.3833999633789,97.18000030517578,99.25,96.30999755859375,97.43000030517578,26507100,-0.006948596406636254,98.73396410260882,101.95534057617188,109.35451973809137,0.019296469985755533,-0.0013378278523236142,GOOGL
2022-10-12,96.76026916503906,97.55999755859375,98.75,96.73999786376953,97.30000305175781,21876400,0.003910104870790576,98.58094133649554,101.57911656697591,109.16738849216037,0.019346644538982282,0.009225107671462673,GOOGL
2022-10-13,98.24797821044922,99.05999755859375,99.77999877929688,94.37999725341797,95.1500015258789,34574500,0.015375205735244979,98.21538979666573,101.27628555297852,108.97166714138454,0.01963852777225914,-0.01615181883460992,GOOGL
2022-10-14,95.76847076416016,96.55999755859375,100.69000244140625,96.37000274658203,99.98999786376953,25410700,-0.025237236342695035,97.52537863595145,100.84055353800456,108.74477021959093,0.019788699307687643,-0.00528162969082413,GOOGL
2022-10-17,99.1505355834961,99.97000122070312,100.93000030517578,98.83000183105469,98.86000061035156,28419200,0.03531501330604536,97.31993647984096,100.5800407409668,108.55496131049262,0.02087884690797825,-0.0478143845666531,GOOGL
2022-10-18,99.94395446777344,100.7699966430664,103.47000122070312,99.97000122070312,103.12999725341797,24060700,0.008002164381746502,97.61606052943638,100.38035761515299,108.39995897081164,0.020913771308948687,0.0021833831125139813,GOOGL
2022-10-19,98.81329345703125,99.62999725341797,101.0199966430664,98.91999816894531,100.01000213623047,23811100,-0.0113129505107461,97.86684308733258,100.05570678710937,108.27288131713867,0.0203703798963852,0.013650764041293284,GOOGL
2022-10-20,99.1505355834961,99.97000122070312,102.31999969482422,99.38999938964844,100.0,25323200,0.0034129226409349567,98.26214817592076,99.7776715596517,108.20210528903537,0.02035977935393843,0.0047013437126395274,GOOGL
2022-10-21,100.30101776123047,101.12999725341797,101.30999755859375,97.72000122070312,97.8499984741211,32458700,0.01160338843319253,98.7679694039481,99.462939453125,108.14055294460721,0.020058257845933174,-0.016315557075164744,GOOGL
2022-10-24,101.67960357666016,102.5199966430664,102.75,99.9800033569336,101.80000305175781,27176400,0.013744484813817737,99.2582015991211,99.18721771240234,108.06071819729276,0.020269404336751742,-0.05403812866309721,GOOGL
2022-10-25,103.62355041503906,104.4800033569336,104.81999969482422,102.72000122070312,102.9000015258789,40611400,0.019118355796040154,100.38035583496094,99.19250717163087,108.04359851413302,0.017589212021936418,-0.09130935567913934,GOOGL
2022-10-26,94.15184020996094,94.93000030517578,98.30999755859375,94.69000244140625,96.43000030517578,88114100,-0.09140499594099494,99.66625649588448,98.85959243774414,107.90900539822049,0.024214541991180397,-0.01285157126801062,GOOGL
2022-10-27,91.46405029296875,92.22000122070312,95.43000030517578,91.80000305175781,94.5199966430664,60710900,-0.028547396535196223,98.45484161376953,98.50617955525716,107.69605424669054,0.02447186066389467,0.006614657398132939,GOOGL
2022-10-28,95.50068664550781,96.29000091552734,96.55000305175781,92.12999725341797,92.2699966430664,43697300,0.04413358406509782,97.98161206926618,98.29095815022787,107.52857733832465,0.025963405083707737,-0.030948276592083435,GOOGL
2022-10-31,93.73527526855469,94.51000213623047,96.02999877929688,93.9800033569336,95.41999816894531,31675000,-0.01848585009138426,97.20800345284599,98.00796381632487,107.33317006429037,0.02612364973579346,0.011850575489151582,GOOGL
2022-11-01,89.72840118408203,90.47000122070312,96.02999877929688,90.37000274658203,95.44999694824219,47161400,-0.0427467041942623,95.6976296561105,97.65521291097005,107.03006422254774,0.02699032908152179,0.05084559566583491,GOOGL
2022-11-02,86.25708770751953,86.97000122070312,91.18000030517578,86.87999725341797,90.94000244140625,57038300,-0.03868689769074274,93.49441310337612,97.2482432047526,106.71198755900065,0.027627210634079278,0.04472810585704501,GOOGL
2022-11-03,82.74610137939453,83.43000030517578,86.5199966430664,83.33999633789062,86.31999969482422,61288000,-0.04070374297854862,90.51192038399833,96.69580891927083,106.39706251356337,0.028307190985797988,0.0818650935942613,GOOGL
2022-11-04,85.87028503417969,86.58000183105469,86.63999938964844,83.70999908447266,85.4000015258789,51124900,0.03775626407413002,89.32884107317243,96.29379857381186,106.12022289699978,0.029340663386294465,0.021482978075003656,GOOGL
2022-11-07,87.7646255493164,88.48999786376953,88.9000015258789,86.8499984741211,87.27999877929688,34078900,0.022060489427544017,88.80035182407924,95.97377700805664,105.89460983276368,0.029718572223364832,0.005989228481629638,GOOGL
2022-11-08,88.17125701904297,88.9000015258789,90.31999969482422,87.58999633789062,88.9000015258789,30429000,0.004633204633204713,87.75329044886998,95.68946024576823,105.6759997897678,0.029741599639053814,0.007649187494478404,GOOGL
2022-11-09,86.60421752929688,87.31999969482422,89.44000244140625,87.27999877929688,88.44999694824219,31769100,-0.017772679473171737,86.73456791469029,95.2686050415039,105.39010721842448,0.02935403030372562,0.005038943255221362,GOOGL
2022-11-10,93.16995239257812,93.94000244140625,94.38999938964844,91.61000061035156,92.25,51620100,0.07581310761291915,87.22621808733258,95.15355580647787,105.16274193657769,0.032448821334661614,-0.050138421542401224,GOOGL
2022-11-11,95.61970520019531,96.41000366210938,96.93000030517578,93.91999816894531,94.69000244140625,33090500,0.026293378333982487,88.56373487200055,95.17868143717448,104.91619084676107,0.03263819888176332,-0.09355875090739962,GOOGL
2022-11-14,94.91551208496094,95.69999694824219,96.79000091552734,94.51000213623047,95.08999633789062,30179500,-0.007364518785746399,90.3022221156529,95.08148422241212,104.65552834404839,0.03215274459065096,-0.10114931829760321,GOOGL
2022-11-15,97.633056640625,98.44000244140625,100.13999938964844,96.70999908447266,98.26000213623047,41640800,0.02863119521740054,91.9826180594308,94.97569147745769,104.46558151245117,0.03209523745186642,-0.1014830084645103,GOOGL
2022-11-16,98.03970336914062,98.8499984741211,99.63999938964844,97.63999938964844,97.9000015258789,29105200,0.004165051699778655,93.4504863194057,94.89039662679036,104.298402150472,0.032105337504856425,-0.10743541375816523,GOOGL
2022-11-17,97.55372619628906,98.36000061035156,99.27999877929688,96.79000091552734,96.97000122070312,26052600,-0.004956942505443429,94.79083905901227,94.78923314412435,104.15521350436741,0.032116247696963474,-0.09394057605163919,GOOGL
2022-11-18,96.63134765625,97.43000030517578,98.9000015258789,96.37000274658203,98.7699966430664,28342300,-0.009455082609383214,96.22328622000558,94.74790852864584,104.01264199150933,0.03177483128770419,-0.09596638597076312,GOOGL
2022-11-21,94.81634521484375,95.5999984741211,98.4000015258789,95.36000061035156,97.29000091552734,21647400,-0.01878274996083895,96.45848519461495,94.67319285074869,103.83436550564237,0.03192721447788939,-0.09832650561227085,GOOGL
2022-11-22,96.25445556640625,97.05000305175781,97.22000122070312,94.05000305175781,95.94999694824219,23438500,0.015167325299281442,96.54916381835938,94.66889470418295,103.70234553019206,0.03202314154923854,-0.10005164761929519,GOOGL
2022-11-23,97.65289306640625,98.45999908447266,98.76000213623047,97.08999633789062,97.08999633789062,18868100,0.014528548229491678,96.94021824428013,94.69864883422852,103.53318795098198,0.03212116898714515,-0.10603286362968722,GOOGL
2022-11-25,96.66109466552734,97.45999908447266,98.63999938964844,97.4000015258789,98.23999786376953,9701400,-0.010156364750038338,96.8013665335519,94.64575271606445,103.35201865302191,0.03206012440732304,-0.09275600113437221,GOOGL
2022-11-28,95.26265716552734,96.05000305175781,97.58000183105469,95.61000061035156,97.04000091552734,26237500,-0.014467428750304934,96.40464564732143,94.62889226277669,103.15046225653754,0.031827717809355074,-0.04716309526297968,GOOGL
2022-11-29,94.40971374511719,95.19000244140625,96.12000274658203,94.11000061035156,95.7300033569336,20061700,-0.008953596779565864,95.95550101143974,94.47086486816406,103.01039767795139,0.031168582610502225,-0.042651604472757176,GOOGL
2022-11-30,100.16217041015625,100.98999786376953,101.04000091552734,94.41999816894531,94.81999969482422,43647500,0.06093077117646262,96.45990426199776,94.47813873291015,102.93854717678494,0.03314057921690583,-0.08783058723737203,GOOGL
2022-12-01,100.16217041015625,100.98999786376953,102.25,100.25,101.0199966430664,28687100,0.0,97.22359357561383,94.52310129801432,102.89413664076064,0.033064550663599236,-0.09604922315312636,GOOGL
2022-12-02,99.6166763305664,100.44000244140625,100.7699966430664,98.9000015258789,99.05000305175781,21480700,-0.005446108818889295,97.70391082763672,94.53863932291667,102.7550639682346,0.03308166163175425,-0.09279175844724008,GOOGL
2022-12-05,98.66455078125,99.4800033569336,101.37999725341797,99.0,99.4000015258789,24405100,-0.009557893159945263,97.84843335832868,94.48409042358398,102.59262873331706,0.03306650098035332,-0.06463622472966624,GOOGL
2022-12-06,96.18502807617188,96.9800033569336,99.77999877929688,96.41999816894531,99.30000305175781,24910700,-0.025130836611981344,97.78042384556362,94.30093790690104,102.37950134277344,0.03326971949464253,0.01072390269532475,GOOGL
2022-12-07,94.16175079345703,94.94000244140625,96.87999725341797,94.72000122070312,96.41000366210938,31045400,-0.021035262173158098,97.62315150669643,93.98554458618165,102.15998221503364,0.03322708718319191,0.051085041616941274,GOOGL
2022-12-08,92.94184112548828,93.70999908447266,95.58000183105469,93.44999694824219,95.37999725341797,32213300,-0.01295546926102309,97.41345541817802,93.94521128336588,101.92393332587348,0.028792342028205034,0.0425780571172083,GOOGL
2022-12-09,92.06905364990234,92.83000183105469,94.26000213623047,92.75,93.7699966430664,28225400,-0.00939068416352451,96.25729588099888,93.96537806193034,101.64567760891384,0.02834720910194049,0.025745887256658717,GOOGL
2022-12-12,92.54510498046875,93.30999755859375,93.55999755859375,91.61000061035156,92.70999908447266,29420000,0.005170590026662092,95.16914367675781,93.8668586730957,101.37149912516276,0.027151327962550476,0.04511844612299076,GOOGL
2022-12-13,94.8460922241211,95.62999725341797,99.52999877929688,95.02999877929688,97.76000213623047,40593700,0.024863413836290427,94.48763166155133,93.90388590494791,101.1308214823405,0.027324906235736884,0.03910915567477802,GOOGL
2022-12-14,94.29069519042969,95.06999969482422,96.87000274658203,93.5999984741211,95.19999694824219,28733600,-0.005855771394134068,93.862795148577,94.05596237182617,100.88584620157877,0.026102777503361978,0.01966975945211824,GOOGL
2022-12-15,90.11520385742188,90.86000061035156,93.63999938964844,90.01000213623047,93.12999725341797,40107000,-0.044283174756268195,92.9956774030413,94.18456624348958,100.60186013115776,0.026421460542437623,0.08782736941205149,GOOGL
2022-12-16,89.5201187133789,90.26000213623047,91.33000183105469,89.5199966430664,90.76000213623047,58011800,-0.0066036042595486455,92.33258710588727,94.41036682128906,100.27743038601345,0.0252372091983488,0.11267455348882827,GOOGL
2022-12-19,87.71503448486328,88.44000244140625,90.55999755859375,88.20999908447266,90.26000213623047,29493000,-0.020164006197255557,91.58590044294085,94.47185846964518,99.94242155287,0.024690506760615474,0.21822703952384037,GOOGL
2022-12-20,88.29026794433594,89.0199966430664,89.18000030517578,87.44000244140625,88.11000061035156,23453800,0.006557980200896152,91.04607391357422,94.4893798828125,99.5825070699056,0.02439493374946439,0.17703900545280993,GOOGL
2022-12-21,88.84569549560547,89.58000183105469,90.22000122070312,88.31999969482422,89.08000183105469,24745600,0.006290926103199812,90.51758684430804,94.51186116536458,99.22435624864366,0.024406538598225693,0.14869392778112633,GOOGL
2022-12-22,87.04061126708984,87.76000213623047,88.54000091552734,86.31999969482422,88.16000366210938,27658300,-0.020317070156819383,89.40251813616071,94.52640762329102,98.85033645629883,0.024476675510065146,0.2265267381490801,GOOGL
2022-12-23,88.4985580444336,89.2300033569336,89.55000305175781,87.06999969482422,87.11000061035156,23003000,0.016750190010384358,88.57506997244698,94.37069447835286,98.51620915730794,0.020209318096408097,0.11363896754764768,GOOGL
2022-12-27,86.67364501953125,87.38999938964844,88.94000244140625,87.01000213623047,88.80000305175781,20097300,-0.02062082213798433,88.08341870989118,94.07249247233072,98.15497250027127,0.019793938429129253,0.08719528597715165,GOOGL
2022-12-28,85.31487274169922,86.0199966430664,88.04000091552734,85.94000244140625,86.9800033569336,19523200,-0.015676879373491714,87.48266928536552,93.75247116088867,97.81125768025716,0.019913778031145562,0.09939555860638394,GOOGL
2022-12-29,87.72496032714844,88.44999694824219,88.8499984741211,86.61000061035156,86.62000274658203,23333500,0.028249325211397114,87.48408726283482,93.4222012837728,97.52705120510525,0.019892735889641806,0.06964368428477075,GOOGL
2022-12-30,87.50676727294922,88.2300033569336,88.30000305175781,86.56999969482422,86.9800033569336,23986300,-0.0024872402721588527,87.37215859549386,93.07110341389973,97.24460796780056,0.019842846930952115,0.07310426169432516,GOOGL
2023-01-03,88.38947296142578,89.12000274658203,91.05000305175781,88.5199966430664,89.58999633789062,28131200,0.01008728485790411,87.3069839477539,92.76562830607097,96.97384575737847,0.019996691217126064,0.08774684656573783,GOOGL
2023-01-04,87.35798645019531,88.08000183105469,90.6500015258789,87.2699966430664,90.3499984741211,34854800,-0.011669789135190567,87.35232325962612,92.45651626586914,96.65900353325738,0.020025062474433687,0.08435504890488232,GOOGL
2023-01-05,85.4933853149414,86.19999694824219,87.56999969482422,85.9000015258789,87.47000122070312,27194400,-0.021344369427710563,86.92301286969867,92.1457509358724,96.39297977023655,0.02009927591864631,0.09454764854130304,GOOGL
2023-01-06,86.62403869628906,87.33999633789062,87.69000244140625,84.86000061035156,86.79000091552734,41381500,0.013225039307807718,86.91592625209263,91.82473704020182,96.14965744018555,0.02004094652347487,0.05095047677529285,GOOGL
2023-01-09,87.29847717285156,88.0199966430664,90.05000305175781,87.86000061035156,88.36000061035156,29003900,0.0077858119606630805,87.19929831368583,91.47958984375,95.91911841498481,0.01987101631176797,0.041240611879375555,GOOGL
2023-01-10,87.69519805908203,88.41999816894531,88.66999816894531,85.83000183105469,85.9800033569336,30467800,0.004544419319536974,87.19504656110492,91.18072662353515,95.70092163085937,0.019883491776715573,0.027934856888820025,GOOGL
2023-01-11,90.769775390625,91.5199966430664,91.5999984741211,89.01000213623047,89.18000030517578,26862000,0.03505981398743829,87.66119057791573,91.03096389770508,95.50013656616211,0.02093132735263208,-0.026114413800152225,GOOGL
2023-01-12,90.38298797607422,91.12999725341797,91.87000274658203,89.75,91.4800033569336,30258100,-0.004261191711516843,87.94597843715123,90.89673970540365,95.3158817715115,0.0208904217653542,-0.013826406539756864,GOOGL
2023-01-13,91.3648681640625,92.12000274658203,92.19000244140625,90.12999725341797,90.8499984741211,26329200,0.010863550873624561,88.51839011056083,90.60349629720052,95.15399754842123,0.01747247404211189,-0.022362137105340185,GOOGL
2023-01-17,90.54167175292969,91.29000091552734,92.25,90.05000305175781,92.05999755859375,32602400,-0.009009988496394561,89.2395738874163,90.2828130086263,94.95387369791666,0.017498115916063556,-0.010187168663805424,GOOGL
2023-01-18,90.3730697631836,91.12000274658203,92.80000305175781,90.63999938964844,92.13999938964844,29116700,-0.0018621479643778915,89.77514975411552,89.97469278971354,94.76366789076063,0.01749457146416075,0.009657521300078242,GOOGL
2023-01-19,92.28724670410156,93.05000305175781,93.61000061035156,90.62999725341797,90.72000122070312,37000400,0.021180833471010185,90.48783111572266,89.76211598714193,94.5697152879503,0.01799582758776866,0.006448183961441423,GOOGL
2023-01-20,97.21650695800781,98.0199966430664,98.30000305175781,95.0199966430664,95.0999984741211,63191100,0.05341214989012322,91.84801810128349,89.79649861653645,94.42821807861328,0.020113607663375194,-0.029483780165718065,GOOGL
2023-01-23,98.97200775146484,99.79000091552734,100.04000091552734,97.5,97.94999694824219,40005100,0.01805764111865593,93.01976558140346,89.95684051513672,94.3782974243164,0.019932473285373054,-0.05942489392334949,GOOGL
2023-01-24,96.89912414550781,97.69999694824219,99.61000061035156,97.19999694824219,98.0999984741211,33078500,-0.02094414019732116,93.95064217703683,90.08874994913737,94.2978512234158,0.020188846691947822,-0.035312133240509525,GOOGL
2023-01-25,94.439453125,95.22000122070312,96.16000366210938,93.76000213623047,95.56999969482422,42330000,-0.02538383130083066,94.3898686000279,90.16776326497396,94.21310696072048,0.020693564318713994,-0.030455791910532937,GOOGL
2023-01-26,96.72059631347656,97.5199966430664,97.56999969482422,95.37999725341797,96.5,30114000,0.02415455736975991,95.27257210867745,90.30694630940755,94.15492104424371,0.021109866401572648,-0.07065215933725011,GOOGL
2023-01-27,98.5554428100586,99.37000274658203,100.31999969482422,97.30999755859375,97.30999755859375,33879800,0.018970587098483094,96.44148254394531,90.4305913289388,94.11414701673719,0.02091327055996623,-0.08312360430625543,GOOGL
2023-01-30,96.14537048339844,96.94000244140625,98.29000091552734,96.4000015258789,97.4800033569336,27226200,-0.024453974919528054,96.99264308384487,90.49241383870442,94.06786304050021,0.021408336217237756,-0.030637521161380743,GOOGL
2023-01-31,98.02978515625,98.83999633789062,98.87999725341797,96.81999969482422,96.87000274658203,29870700,0.019599640246609207,97.10882568359375,90.75623321533203,94.06301422119141,0.019885111219172125,-0.027620289891166272,GOOGL
2023-02-01,99.60675811767578,100.43000030517578,101.19000244140625,97.58000183105469,98.70999908447266,35531100,0.01608667160610655,97.19950430733817,91.09245452880859,94.0662100897895,0.019938695709169067,-0.0010953106381395017,GOOGL
2023-02-02,106.85682678222656,107.73999786376953,107.8499984741211,105.61000061035156,105.80000305175781,69883800,0.07278691528124548,98.62203325544085,91.73051427205404,94.16539043850369,0.023069680629739145,-0.05680326444398087,GOOGL
2023-02-03,103.92108917236328,104.77999877929688,107.80999755859375,102.58000183105469,102.93000030517578,65309300,-0.02747356157081371,99.97655269077846,92.25154164632161,94.23823284573025,0.023906290286748823,-0.03397585151615379,GOOGL
2023-02-06,102.05651092529297,102.9000015258789,104.36000061035156,101.87999725341797,102.4000015258789,31999600,-0.017942250816653127,100.73882620675224,92.69190216064453,94.29774119059245,0.02429262167800675,0.019630701057379296,GOOGL
2023-02-07,106.75763702392578,107.63999938964844,108.18000030517578,103.12000274658203,103.22000122070312,49010200,0.046063950805393716,101.91056823730469,93.34913635253906,94.38138300577799,0.02493016215417687,-0.03966915594631781,GOOGL
2023-02-08,98.5554428100586,99.37000274658203,103.13999938964844,98.04000091552734,102.05000305175781,94743500,-0.07683004647273117,102.25486428397042,93.68436584472656,94.40287204318577,0.02917708250556164,0.06269490942732858,GOOGL
2023-02-09,94.2311782836914,95.01000213623047,100.02999877929688,93.62999725341797,100.0,119455000,-0.04387646590661809,101.7122061593192,93.93628362019857,94.39581917656793,0.03014674807626912,0.10977810908513264,GOOGL
2023-02-10,93.79479217529297,94.56999969482422,96.75,94.25,95.44999694824219,54980700,-0.004631016149290401,100.88192531040737,94.21894760131836,94.35096766153971,0.029974825960719657,0.08343010919831517,GOOGL
2023-02-13,93.8344497680664,94.61000061035156,95.19999694824219,93.83999633789062,94.73999786376953,50076100,0.0004228123102967274,99.02158573695591,94.42259724934895,94.27349667019314,0.02961408842275385,0.06785765654294651,GOOGL
2023-02-14,93.90388488769531,94.68000030517578,94.8499984741211,92.26000213623047,94.43000030517578,54726100,0.0007399747086547226,97.59055655343192,94.63583450317383,94.19911151462131,0.029600563050353048,0.07087032434553642,GOOGL
2023-02-15,96.14537048339844,96.94000244140625,97.12000274658203,94.1500015258789,94.48999786376953,50169000,0.023869998545681392,96.74610791887555,94.89436442057291,94.14974195692274,0.029824026392195405,0.04074673745350532,GOOGL
2023-02-16,94.7270736694336,95.51000213623047,97.68000030517578,94.73999786376953,95.37000274658203,42462600,-0.014751587172985525,95.02745601109096,95.14000066121419,94.11480848524306,0.029882396370002104,0.08606445181070632,GOOGL
2023-02-17,93.57658386230469,94.3499984741211,95.55999755859375,93.20999908447266,94.8499984741211,34284100,-0.012145311393696567,94.31619044712612,95.40944061279296,94.07612813313803,0.029668973923901772,0.10609444390543388,GOOGL
2023-02-21,91.0375747680664,91.79000091552734,93.0999984741211,91.72000122070312,93.0,33629300,-0.027132953453124165,93.8599613734654,95.5565584818522,94.01673007541233,0.0301216023874901,0.14086505257877313,GOOGL
2023-02-22,90.89871978759766,91.6500015258789,92.11000061035156,90.61000061035156,91.69999694824219,30884000,-0.0015252491163402215,93.44623674665179,95.67656656901042,93.95160174899631,0.03010892842355339,0.13987999439663867,GOOGL
2023-02-23,90.14495086669922,90.88999938964844,91.94000244140625,89.76000213623047,91.91999816894531,41206400,-0.008292404146722498,92.9191654750279,95.75822499593099,93.86156811184354,0.030159553008281232,0.19287064028466383,GOOGL
2023-02-24,88.39937591552734,89.12999725341797,89.88999938964844,88.58000183105469,89.44000244140625,36585100,-0.019364090105868703,92.13280705043248,95.6792116800944,93.77968928019206,0.02969573769605881,0.19421071587097005,GOOGL
2023-02-27,89.13331604003906,89.87000274658203,90.16000366210938,89.33999633789062,89.87000274658203,27502300,0.008302548710446223,91.13108498709542,95.63755594889322,93.66838684082032,0.02972879237659021,0.17224867973501734,GOOGL
2023-02-28,89.3217544555664,90.05999755859375,91.2300033569336,89.31999969482422,89.33000183105469,30142000,0.002114118759395156,90.35889652797154,95.56945215861002,93.55036239624023,0.029661008295553147,0.16189211076139465,GOOGL
2023-03-01,89.61930847167969,90.36000061035156,91.02999877929688,89.66999816894531,89.9800033569336,31111200,0.0033312603175668087,89.79357147216797,95.5387067159017,93.4482070075141,0.029622007798682265,0.18891095299041027,GOOGL
2023-03-02,91.245849609375,92.0,92.27999877929688,89.58999633789062,89.66000366210938,32204400,0.018149449771857062,89.82332502092633,95.5677993774414,93.3603771633572,0.02980147439350196,0.18336965508384107,GOOGL
2023-03-03,92.88233184814453,93.6500015258789,93.7300033569336,92.44999694824219,92.4800033569336,35160100,0.01793486767645147,90.10669817243304,95.5876355489095,93.27794731987848,0.029730546870472174,0.1315536459548754,GOOGL
2023-03-06,94.3501968383789,95.12999725341797,95.97000122070312,94.0,94.0199966430664,32639300,0.015803489867526332,90.7074475969587,95.49209187825521,93.1965094672309,0.028181228586349603,0.09849685473105163,GOOGL
2023-03-07,93.09060668945312,93.86000061035156,95.66999816894531,93.52999877929688,94.9800033569336,27835500,-0.013350159206169443,91.37762342180524,95.29604517618814,93.07947675916884,0.028046817130939258,0.10995099647815865,GOOGL
2023-03-08,93.47740936279297,94.25,95.95999908447266,94.0,94.12000274658203,34103300,0.004155120340231466,91.99820818219867,95.18198801676432,93.0719830830892,0.0278251786812318,0.1171352641481731,GOOGL
2023-03-09,91.56322479248047,92.31999969482422,95.52999877929688,91.9000015258789,94.05000305175781,28813500,-0.020477509842869113,92.31841823032924,95.08611373901367,93.07308502197266,0.027689928376098193,0.14178950328608186,GOOGL
2023-03-10,89.88707733154297,90.62999725341797,92.79000091552734,90.4000015258789,92.16999816894531,35941000,-0.018305902448677802,92.35667092459542,94.85832977294922,93.01071158515083,0.027462113471499194,0.16925974642493657,GOOGL
2023-03-13,90.3631591796875,91.11000061035156,92.56999969482422,89.41999816894531,90.08999633789062,37335600,0.005296443741168,92.23057229178292,94.58525365193685,92.97324362860786,0.027213129239221145,0.13983095352277264,GOOGL
2023-03-14,93.19971466064453,93.97000122070312,94.36000061035156,92.44000244140625,92.55999755859375,36050200,0.03139061877326066,92.27591269356864,94.48706512451172,93.01181377834745,0.0275693818410964,0.10364998064403586,GOOGL
2023-03-15,95.32217407226562,96.11000061035156,96.93000030517578,92.63999938964844,93.22000122070312,50622100,0.022773239374705323,92.41476658412388,94.39681142171224,93.11253696017795,0.027655787337235956,0.1194462844287385,GOOGL
2023-03-16,99.4976577758789,100.31999969482422,101.19000244140625,95.5,96.19999694824219,65492000,0.043803907582382395,93.33005959647042,94.39317474365234,93.29866536458333,0.0286753609268108,0.06997600019691208,GOOGL
2023-03-17,100.7870101928711,101.62000274658203,102.83999633789062,100.0999984741211,100.26000213623047,61028500,0.012958620793833031,94.37428828648159,94.19084752400717,93.46440675523546,0.025352634908310124,0.054910333598150896,GOOGL
2023-03-20,100.3902816772461,101.22000122070312,101.75,99.87000274658203,100.12000274658203,32960400,-0.003936306026598113,95.63529641287667,94.07315394083659,93.60469182332356,0.024885273067016433,0.04050582310630779,GOOGL
2023-03-21,104.05995178222656,104.91999816894531,105.0999984741211,101.22000122070312,101.25,42110300,0.036554037339773915,97.65999276297433,94.13993530273437,93.78123287624783,0.025573943594797734,0.00467016527038755,GOOGL
2023-03-22,102.52265167236328,103.37000274658203,106.58999633789062,103.33000183105469,104.2699966430664,43427400,-0.014773215665912387,99.39706311907086,93.99876912434895,93.95810436672635,0.024252665931919538,0.012769677647069821,GOOGL
2023-03-23,104.73436737060547,105.5999984741211,106.30000305175781,104.45999908447266,105.05999755859375,40797800,0.02157294668216614,101.04487064906529,94.2047332763672,94.08659786648221,0.019918702563918003,-0.00028416907280393033,GOOGL
2023-03-24,104.57569885253906,105.44000244140625,105.48999786376953,103.83999633789062,104.98999786376953,30393300,-0.0015149613450660127,102.36680276053292,94.5495506286621,94.1861089070638,0.017941575654735965,0.02209762845786356,GOOGL
2023-03-27,101.62010192871094,102.45999908447266,104.76000213623047,101.93000030517578,104.62000274658203,31120900,-0.028262750870981734,102.67000906808036,94.81039428710938,94.26060434977214,0.018814435508929833,0.04772608684227331,GOOGL
2023-03-28,100.20183563232422,101.02999877929688,102.44999694824219,99.73999786376953,102.44000244140625,32057900,-0.01395655258623607,102.58641270228794,95.02264048258463,94.2891463385688,0.019059824978668524,0.10610717275579429,GOOGL
2023-03-29,100.55888366699219,101.38999938964844,102.48999786376953,100.6500015258789,102.27999877929688,28779600,0.003563288361084549,102.6104987008231,95.24447377522786,94.31713723076714,0.01905849272412033,0.149718818486829,GOOGL
2023-03-30,100.06298065185547,100.88999938964844,101.16000366210938,99.77999877929688,100.91000366210938,33086200,-0.004931468976713593,102.0395028250558,95.3750607808431,94.345017835829,0.01866411305292887,0.16473381975692036,GOOGL
2023-03-31,102.87970733642578,103.7300033569336,103.88999938964844,101.04000091552734,101.30000305175781,36863400,0.028149538083124037,102.09051077706474,95.64681523640951,94.41444405449761,0.0190162408180817,0.12320439338094746,GOOGL
2023-04-03,103.5045394897461,104.36000061035156,104.52999877929688,101.93000030517578,102.38999938964844,25035400,0.0060734246772014,101.91482107979911,95.97774709065756,94.51097954644098,0.01880799141242797,0.14517054339619362,GOOGL
2023-04-04,103.86158752441406,104.72000122070312,105.58000183105469,104.04000091552734,104.33000183105469,24420100,0.0034495881671290363,101.81280517578125,96.4052141825358,94.59550323486329,0.017894975553148996,0.1539342348310253,GOOGL
2023-04-05,103.61363220214844,104.47000122070312,106.0999984741211,103.66000366210938,105.77999877929688,28290500,-0.0023873631067630185,102.09759521484375,96.82904459635417,94.66173366970486,0.017905767341394648,0.1757443534813663,GOOGL
2023-04-06,107.53126525878906,108.41999816894531,109.16999816894531,104.33000183105469,105.26000213623047,48711500,0.037810015664708985,103.14465659005302,97.40858840942383,94.78251334296333,0.01872708748731787,0.13226332446405076,GOOGL
2023-04-10,105.5674819946289,106.44000244140625,107.58999633789062,105.12000274658203,106.9800033569336,27067400,-0.018262439853507173,103.86017063685826,97.98085861206054,94.89701139662,0.01867651795375072,0.17484037837553834,GOOGL
2023-04-11,104.48641204833984,105.3499984741211,106.7300033569336,104.68000030517578,106.55000305175781,26311800,-0.010240558227428975,104.4920894077846,98.49262847900391,95.00897471110027,0.018906569656390055,0.16336022661299254,GOOGL
2023-04-12,103.78224182128906,104.63999938964844,106.75,104.33999633789062,106.58000183105469,24370300,-0.0067393473777719315,104.62102290562221,98.97464472452799,95.04919772677951,0.019029662373816147,0.15538986922391662,GOOGL
2023-04-13,106.54937744140625,107.43000030517578,107.48999786376953,105.83999633789062,105.83999633789062,24843600,0.026662900815749735,105.05599975585938,99.5389803568522,95.12016669379341,0.019423861363925835,0.14939966947451033,GOOGL
2023-04-14,107.97756958007812,108.87000274658203,108.94000244140625,106.83999633789062,106.88999938964844,26578000,0.013404040201523193,105.64399719238281,100.09670435587564,95.21306550767687,0.019340360952543493,0.14457611181250174,GOOGL
2023-04-17,105.1013412475586,105.97000122070312,106.16000366210938,104.5199966430664,104.66000366210938,37571200,-0.026637276090813122,105.85652705601284,100.50400466918946,95.28458540174697,0.0200746735939492,0.16702832632456688,GOOGL
2023-04-18,103.64339447021484,104.5,106.54000091552734,104.06999969482422,106.48999786376953,26596400,-0.013871818951479042,105.30111694335938,100.81377792358398,95.36745613945855,0.020219988844605876,0.175789508630525,GOOGL
2023-04-19,103.32601165771484,104.18000030517578,104.9800033569336,103.06999969482422,103.58000183105469,20905700,-0.003062257986843675,104.9809068952288,101.1549580891927,95.46928126017252,0.02001348481540882,0.1875599519077804,GOOGL
2023-04-20,104.42691040039062,105.29000091552734,106.25,103.87000274658203,103.91000366210938,27820800,0.010654613731948759,104.97240665980748,101.51994145711264,95.59689314100477,0.020053996566857052,0.18406307269640698,GOOGL
2023-04-21,104.54592895507812,105.41000366210938,106.0,104.77999877929688,105.47000122070312,25800100,0.001139730690405072,105.08150482177734,101.95269826253255,95.73552508884006,0.01952968502801114,0.1954273809527285,GOOGL
2023-04-24,105.1013412475586,105.97000122070312,106.62999725341797,104.69999694824219,105.48999786376953,23542800,0.005312615211627403,104.87464250837054,102.4598403930664,95.87503882514106,0.019043953017817857,0.20137773056792252,GOOGL
2023-04-25,102.99872589111328,103.8499984741211,106.69000244140625,103.83999633789062,105.83000183105469,46664100,-0.02000559965731319,104.1633791242327,102.88102595011394,95.96562364366319,0.019600822342611478,0.17958572467811518,GOOGL
2023-04-26,102.85986328125,103.70999908447266,106.3499984741211,102.62999725341797,104.91999816894531,53347600,-0.0013481973554709814,103.84316798618862,103.20303090413411,96.06083662245008,0.018956060296137042,0.1777070516289514,GOOGL
2023-04-27,106.70805358886719,107.58999633789062,108.37000274658203,103.54000091552734,104.44999694824219,50089200,0.03741197183098599,104.28097643171039,103.58256022135417,96.24520161946614,0.01964607340493225,0.13607224369778792,GOOGL
2023-04-28,106.4601058959961,107.33999633789062,107.3499984741211,105.08999633789062,107.04000091552734,36139800,-0.0023236080551746197,104.72870418003627,103.81464182535807,96.433423699273,0.0181691831927452,0.1518539675427848,GOOGL
2023-05-01,106.32125854492188,107.19999694824219,107.98999786376953,106.81999969482422,106.83999633789062,26681700,-0.0013042195468964124,104.99932534354073,103.99911677042643,96.64015952216255,0.018070125813819556,0.15513054922092406,GOOGL
2023-05-02,104.45667266845703,105.31999969482422,107.19999694824219,103.70999908447266,107.13999938964844,30997200,-0.017537281837921803,104.986574445452,104.13466313680013,96.81978624131945,0.018390422897433017,0.17423080055319629,GOOGL
2023-05-03,104.54592895507812,105.41000366210938,107.48999786376953,104.95999908447266,105.52999877929688,21795400,0.0008544814260396105,104.90722983224052,104.15086237589519,96.99423327975803,0.01715670042513968,0.18669961214457165,GOOGL
2023-05-04,103.83183288574219,104.69000244140625,105.5999984741211,103.97000122070312,105.48999786376953,23419500,-0.006830453146030924,105.0262451171875,104.19450174967447,97.18080240885416,0.016976464597052637,0.17995986023237087,GOOGL
2023-05-05,104.70460510253906,105.56999969482422,105.87999725341797,104.11000061035156,104.81999969482422,26639300,0.008405632382096906,105.28977966308594,104.19350967407226,97.36086959838867,0.01658008636270559,0.16605102273838468,GOOGL
2023-05-08,106.8865737915039,107.7699966430664,107.95999908447266,105.16000366210938,105.18000030517578,26511400,0.02083928101183319,105.3152825491769,104.27053883870443,97.58545769585504,0.01700093738940365,0.1185860335134521,GOOGL
2023-05-09,106.47003173828125,107.3499984741211,110.1500015258789,107.19000244140625,108.38999938964844,36360100,-0.0038970474817087153,105.3167005266462,104.4322031656901,97.82051501803927,0.01612051177738439,0.1471819904208025,GOOGL
2023-05-10,110.83396911621094,111.75,112.94000244140625,107.93000030517578,107.97000122070312,63153400,0.040987471372760265,105.96137346540179,104.78660761515299,98.07728178236219,0.01735652459576618,0.09476493454017043,GOOGL
2023-05-11,115.61444091796875,116.56999969482422,117.91999816894531,114.41000366210938,115.4000015258789,78900000,0.043131828985980114,107.55534035818917,105.28845952351888,98.38958926730686,0.018803716011100608,0.015184030213907906,GOOGL
2023-05-12,116.54673767089844,117.51000213623047,118.02999877929688,116.11000061035156,116.68000030517578,41102300,0.008063843456987962,109.26974160330636,105.83791809082031,98.70244776407877,0.01872058376006487,0.006978260166559114,GOOGL
2023-05-15,115.55493927001953,116.51000213623047,118.4800033569336,116.01000213623047,116.11000061035156,36266800,-0.008509876987544018,110.94447108677456,106.2604258219401,99.0157472398546,0.018368340335183597,0.03149943645250097,GOOGL
2023-05-16,118.53034973144531,119.51000213623047,120.75,116.43000030517578,116.48999786376953,45035600,0.025748881702694515,112.91957746233258,106.76128616333008,99.3828246222602,0.018789818082873132,-0.003430610562171421,GOOGL
2023-05-17,119.84944152832031,120.83999633789062,121.66999816894531,118.88999938964844,119.61000061035156,33323600,0.011128726101489406,114.77141571044922,107.29421463012696,99.75199576483833,0.018824508218328203,-0.009433884192826647,GOOGL
2023-05-18,121.8231430053711,122.83000183105469,123.30999755859375,120.83000183105469,120.94999694824219,35234200,0.01646817416820756,116.96471732003349,107.90119832356771,100.13560316297743,0.018885642713746355,-0.023854237858994876,GOOGL
2023-05-19,121.75370788574219,122.76000213623047,125.97000122070312,122.1500015258789,123.55000305175781,41353400,-0.0005699665754465011,118.52468000139508,108.37527974446614,100.51403104994031,0.017901496449267553,-0.00822746395620344,GOOGL
2023-05-22,124.02494049072266,125.05000305175781,126.43000030517578,122.73999786376953,122.94000244140625,35253000,0.018654319810217812,119.72617994035993,108.9905283610026,100.88353288438586,0.017562514471623533,-0.039504196461201846,GOOGL
2023-05-23,121.55533599853516,122.55999755859375,124.62999725341797,122.20999908447266,124.16000366210938,34046300,-0.019912160267250734,120.44169398716518,109.55949249267579,101.22989230685764,0.017946615486505904,-0.02513039227174696,GOOGL
2023-05-24,119.90895080566406,120.9000015258789,121.91000366210938,119.86000061035156,121.12000274658203,34182600,-0.013544326782091498,121.0636956351144,110.09704945882162,101.54704878065321,0.018144774393390496,-0.03680726737523754,GOOGL
2023-05-25,122.46781921386719,123.4800033569336,125.31999969482422,121.95999908447266,124.5199966430664,42317000,0.021340095055541575,121.62619127546039,110.6276641845703,101.9017837524414,0.017950461537333033,-0.051344428287335875,GOOGL
2023-05-26,123.58854675292969,124.61000061035156,125.26000213623047,122.44999694824219,123.16999816894531,35635900,0.009151200260252512,122.16034916469029,111.14803009033203,102.27084460788303,0.017896934709565687,-0.04558232552408492,GOOGL
2023-05-30,122.65624237060547,123.66999816894531,125.66000366210938,122.0,125.63999938964844,35076700,-0.007543614734689119,122.27936335972377,111.73319346110026,102.6082778930664,0.0170655811062307,0.007034858120699372,GOOGL
2023-05-31,121.8628158569336,122.87000274658203,124.05999755859375,122.5,122.75,37325800,-0.006468700641215963,122.29495021275112,112.34050750732422,102.88212576972114,0.016830686760169515,0.020753464498372676,GOOGL
2023-06-01,122.7058334350586,123.72000122070312,124.41999816894531,122.62000274658203,122.81999969482422,30772700,0.006917758893038473,122.10650634765625,112.986501566569,103.14583494398329,0.016753086299978466,0.007517114492493038,GOOGL
2023-06-02,123.6480484008789,124.66999816894531,126.1500015258789,123.76000213623047,123.98999786376953,26980100,0.00767864851607869,122.40546526227679,113.62720616658528,103.44304521348741,0.01673264123080805,-0.0072992214316005555,GOOGL
2023-06-05,124.97706604003906,126.01000213623047,127.43000030517578,123.83999633789062,124.01000213623047,32305500,0.010748391554481707,123.12948172433036,114.30824406941731,103.78235202365451,0.01673269264587981,-0.03158489649651297,GOOGL
2023-06-06,126.26641082763672,127.30999755859375,128.2899932861328,125.36000061035156,126.01000213623047,26638300,0.01031665111408997,123.67213766915458,115.01374638875326,104.11063885158963,0.016749489423360252,-0.0637027536752135,GOOGL
2023-06-07,121.4958267211914,122.5,129.0399932861328,122.12000274658203,126.97000122070312,52539000,-0.03778189365782736,123.37317766462054,115.63031641642253,104.36553200615776,0.01798024676262609,-0.020244964096971074,GOOGL
2023-06-08,121.13878631591797,122.13999938964844,123.2300033569336,121.23999786376953,122.2300033569336,29389200,-0.002938705097194627,123.15639822823661,116.23961385091145,104.6432366265191,0.01800400145588562,-0.004994236329570745,GOOGL
2023-06-09,121.22805786132812,122.2300033569336,123.76000213623047,121.91000366210938,122.25,23778300,0.0007369361054794243,123.06571851457868,116.72361399332682,104.90099521213108,0.01698748687970529,-0.00016362899918709317,GOOGL
2023-06-12,122.62649536132812,123.63999938964844,124.05000305175781,121.66000366210938,122.79000091552734,28306400,0.011535592705771647,123.05438450404576,117.26249364217122,105.15677007039388,0.016986773891073042,0.045535528747145726,GOOGL
2023-06-13,122.81493377685547,123.83000183105469,125.16000366210938,123.18000030517578,124.9800033569336,22278300,0.0015366859745284955,122.93536812918526,117.81228281656901,105.3340823703342,0.016959107738804557,0.04498093162837513,GOOGL
2023-06-14,122.65624237060547,123.66999816894531,124.05000305175781,121.44999694824219,123.0999984741211,30592300,-0.0012921181599815368,122.60382189069476,118.41893513997395,105.54225073920355,0.016468350021217108,0.07204674263825783,GOOGL
2023-06-15,124.06461334228516,125.08999633789062,125.45999908447266,122.4000015258789,123.13999938964844,35246300,0.011482260865486982,122.28927939278739,119.06955795288086,105.78678521050347,0.01647931095156476,0.060995927963630736,GOOGL
2023-06-16,122.51739501953125,123.52999877929688,126.11000061035156,123.27999877929688,125.93000030517578,45535600,-0.012471068752580083,122.43521772112165,119.69241002400716,105.96189363267686,0.01666019571449569,0.06492359234304357,GOOGL
2023-06-20,122.09091186523438,123.0999984741211,124.56999969482422,122.13999938964844,122.93000030517578,26097500,-0.0034810008344438037,122.57123565673828,120.27195358276367,106.22339884440105,0.0167339469352514,0.04289201197297965,GOOGL
2023-06-21,119.56182861328125,120.55000305175781,122.66000366210938,120.0999984741211,122.4000015258789,30306300,-0.020714754385197542,122.3332029070173,120.69446207682292,106.50485051472982,0.0171160846828861,0.06553291871309463,GOOGL
2023-06-22,122.1405029296875,123.1500015258789,123.23999786376953,118.83000183105469,120.0,26952200,0.02156770556551857,122.26377541678292,121.21681111653646,106.8198028564453,0.01734680142996358,0.04027609124753262,GOOGL
2023-06-23,121.33714294433594,122.33999633789062,122.79000091552734,121.05999755859375,121.37999725341797,34913600,-0.006577343027759031,122.0526624407087,121.5669169108073,107.12538833618164,0.01604356627132043,0.0751184206240707,GOOGL
2023-06-26,117.36993408203125,118.33999633789062,122.0,118.2699966430664,120.76000213623047,33969900,-0.032695749760027426,121.29747554234096,121.62543334960938,107.38612221611871,0.015490486961828595,0.11035996565762995,GOOGL
2023-06-27,117.36003112792969,118.33000183105469,119.08000183105469,116.0999984741211,117.08000183105469,39535900,-8.43738575727615e-05,120.33967808314732,121.65254313151041,107.62184066772461,0.01542675555706181,0.09574913600510282,GOOGL
2023-06-28,119.19485473632812,120.18000030517578,120.38999938964844,116.8499984741211,117.08999633789062,27091400,0.015634143845772996,119.86502947126117,121.77387364705403,107.89370490180121,0.01557778462265119,0.07913124584429676,GOOGL
2023-06-29,118.12371826171875,119.0999984741211,120.05999755859375,118.30000305175781,119.23999786376953,24090900,-0.008986432149096113,119.29828752790179,121.76031926472982,108.16645083957248,0.014965409612560907,0.08782531122454507,GOOGL
2023-06-30,118.71879577636719,119.69999694824219,121.08000183105469,119.69000244140625,120.16999816894531,29532200,0.005037747908764212,119.1778542654855,121.72263107299804,108.47401996188694,0.014850017747499087,0.09715944837992607,GOOGL
2023-07-03,118.91714477539062,119.9000015258789,120.19000244140625,118.81999969482422,119.23999786376953,14467900,0.0016707463862510874,118.71737452915737,121.62576446533203,108.78533579508463,0.014519057882102514,0.08240213392077411,GOOGL
2023-07-05,120.75198364257812,121.75,122.61000061035156,119.2300033569336,119.23999786376953,27584800,0.015429557030259389,118.63378034319196,121.59237365722656,109.12541393703884,0.01481490159080785,0.05708424558121572,GOOGL
2023-07-06,119.12543487548828,120.11000061035156,120.30000305175781,118.4000015258789,119.80000305175781,24745200,-0.01347016188077188,118.88456617082868,121.42905680338542,109.46681459214952,0.01456637221592627,0.08167518028201459,GOOGL
2023-07-07,118.50060272216797,119.4800033569336,121.05000305175781,119.4000015258789,120.0999984741211,21709500,-0.005245161572533963,119.04750497000558,121.32723236083984,109.79311777750651,0.014158458670678662,0.06678937589359224,GOOGL
2023-07-10,115.49542999267578,116.44999694824219,118.30999755859375,116.13999938964844,118.30000305175781,35315200,-0.025359978434354447,118.51901572091239,121.1801150004069,110.0839363945855,0.014681316186902238,0.10236139434386504,GOOGL
2023-07-11,116.17977905273438,117.13999938964844,117.70999908447266,115.3499984741211,116.29000091552734,23078800,0.005925334535764604,118.2413101196289,120.97051366170247,110.379052734375,0.014126526335684177,0.1019295089360881,GOOGL
2023-07-12,117.95509338378906,118.93000030517578,120.33000183105469,118.41000366210938,118.80000305175781,30404400,0.01528075148300001,118.13220977783203,120.78273188273111,110.67582210964626,0.01433110247652372,0.1130077015072497,GOOGL
2023-07-13,123.51911163330078,124.54000091552734,124.83000183105469,120.44999694824219,120.93000030517578,44297900,0.04717064850610675,118.78963361467633,120.81149419148763,111.01623077392578,0.016798491798999025,0.04207494340451956,GOOGL
2023-07-14,124.39189147949219,125.41999816894531,126.77999877929688,123.48999786376953,124.80000305175781,33283100,0.0070659498327876324,119.3096204485212,120.89579671223959,111.35002738104926,0.016790237573403286,0.03556057073063079,GOOGL
2023-07-17,123.62822723388672,124.6500015258789,127.0999984741211,124.19999694824219,125.94000244140625,25716200,-0.006139180267480504,119.95287649972099,120.92654317220052,111.68933427598742,0.01679598371474358,0.05102276268021644,GOOGL
2023-07-18,122.74551391601562,123.76000213623047,124.68000030517578,122.95999908447266,124.5999984741211,26193600,-0.007140062893574717,120.55929238455636,120.89645868937174,112.01453543768989,0.01679201978460428,0.08734648972868819,GOOGL
2023-07-19,121.02967834472656,122.02999877929688,125.18000030517578,121.80000305175781,124.5999984741211,37224000,-0.013978804736302308,121.34989929199219,120.76487909952799,112.34194047715928,0.016847536005571744,0.11349692207356177,GOOGL
2023-07-20,118.22289276123047,119.19999694824219,124.08999633789062,118.22000122070312,121.41999816894531,37906800,-0.0231908869120645,121.6417726789202,120.49676183064778,112.65678287082248,0.01718342401195104,0.14236565201816176,GOOGL
2023-07-21,119.03614807128906,120.0199966430664,120.98999786376953,118.7300033569336,120.62000274658203,72937900,0.006879000260136436,121.79620906284877,120.4147725423177,112.97537163628472,0.0158649749907461,0.1303118910755885,GOOGL
2023-07-24,120.5337905883789,121.52999877929688,123.0,120.9800033569336,121.66000366210938,29686100,0.01258140944037378,121.36973462785993,120.39460601806641,113.27908359103732,0.016036862651493386,0.1171729402690933,GOOGL
2023-07-25,121.20822143554688,122.20999908447266,123.1500015258789,121.0199966430664,121.36000061035156,52509600,0.005595367439087173,120.91492462158203,120.3939448038737,113.56670633951823,0.01606950943080092,0.10023714981125442,GOOGL
2023-07-26,128.21035766601562,129.27000427246094,130.97999572753906,128.32000732421875,130.07000732421875,61682100,0.05776948252798331,121.56951468331474,120.58007354736328,113.88573633829752,0.01912810251224469,0.04633691302740628,GOOGL
2023-07-27,128.33926391601562,129.39999389648438,133.24000549316406,128.7899932861328,131.6699981689453,44952100,0.0010054277388087396,122.36862182617188,120.76421788533528,114.19187249077692,0.019128466516012094,0.05394156732465083,GOOGL
2023-07-28,131.49322509765625,132.5800018310547,133.74000549316406,130.57000732421875,130.77999877929688,36591200,0.02457518521926816,123.86341421944755,121.05878397623698,114.53746075100369,0.01956955072050978,0.03273474796751752,GOOGL
2023-07-31,131.63204956054688,132.72000122070312,133.52999877929688,131.77999877929688,132.72999572753906,28055500,0.0010557537301829623,125.77900804792132,121.31103185017903,114.84381739298503,0.019497062214514676,0.019740830668911746,GOOGL
2023-08-01,130.47166442871094,131.5500030517578,132.6300048828125,130.67999267578125,130.77999877929688,23166800,-0.008815369324642996,127.41265324183873,121.57617416381837,115.15436197916667,0.01941373031635897,0.039224774053629785,GOOGL
2023-08-02,127.32763671875,128.3800048828125,130.08999633789062,127.55999755859375,129.4499969482422,26273300,-0.024097398647649038,128.3832026890346,121.75073165893555,115.40539830525717,0.019981247082538508,0.07571282505071575,GOOGL
2023-08-03,127.39706420898438,128.4499969482422,129.38999938964844,127.41999816894531,127.97000122070312,20089500,0.000545266463931382,129.26732308523995,122.01190617879232,115.65896903143988,0.019534859305618824,0.06967666192283861,GOOGL
2023-08-04,127.05984497070312,128.11000061035156,131.50999450683594,127.91000366210938,129.27999877929688,26147200,-0.002646993793578134,129.10296412876673,122.17588424682617,115.94163284301757,0.019208841508445408,0.07883865414097802,GOOGL
2023-08-07,130.45179748535156,131.52999877929688,131.61000061035156,129.02000427246094,129.16000366210938,22746300,0.02669570795895848,129.40475463867188,122.47970606486003,116.27774353027344,0.019681553090473362,0.0494946421860345,GOOGL
2023-08-08,130.3228759765625,131.39999389648438,131.50999450683594,129.5399932861328,130.6199951171875,23535200,-0.000988269316898771,129.23756190708704,122.91147079467774,116.60845455593532,0.018538845089901352,0.017808318619714214,GOOGL
2023-08-09,128.59715270996094,129.66000366210938,132.0399932861328,129.0,131.66000366210938,24912900,-0.013241905948361055,128.8040052141462,123.28604151407878,116.9255009121365,0.018784472211520846,0.006015726867798499,GOOGL
2023-08-10,128.62689208984375,129.69000244140625,132.0500030517578,129.4499969482422,131.32000732421875,20857800,0.00023126001825168885,128.54046630859375,123.60044275919596,117.21158074273004,0.0186434477019736,0.004317951355755412,GOOGL
2023-08-11,128.4979705810547,129.55999755859375,129.92999267578125,128.1699981689453,128.66000366210938,19591100,-0.0010022904751443296,128.70765686035156,123.9462511698405,117.48928553263346,0.01852739034476294,0.0119633170542639,GOOGL
2023-08-14,130.25344848632812,131.3300018310547,131.3699951171875,128.9600067138672,129.38999938964844,24695600,0.013661522414208926,129.11571175711495,124.33073959350585,117.78252843221028,0.018627157839189445,-0.021015569995864736,GOOGL
2023-08-15,128.71617126464844,129.77999877929688,131.4199981689453,129.27999877929688,131.10000610351562,19770700,-0.011802199784683998,129.35232979910714,124.65737380981446,118.06144553290473,0.018828145111419378,0.005855817461899004,GOOGL
2023-08-16,127.64501953125,128.6999969482422,130.27999877929688,127.87000274658203,128.6999969482422,25216100,-0.008321811648639543,128.95136151994978,124.88714167277018,118.28493169148763,0.018778573343471824,0.02804965342728294,GOOGL
2023-08-17,128.8550262451172,129.9199981689453,131.99000549316406,129.2899932861328,129.8000030517578,33446300,0.009479466714100493,128.74166870117188,125.21146138509114,118.54368218315972,0.018592319250964735,0.0072351193531805524,GOOGL
2023-08-18,126.4151840209961,127.45999908447266,129.25,126.37999725341797,128.50999450683594,30504800,-0.018934785046567426,128.4299588884626,125.47528076171875,118.78733520507812,0.01896055059763079,0.05264392249586902,GOOGL
2023-08-21,127.31770324707031,128.3699951171875,128.72999572753906,126.55999755859375,127.18000030517578,25248700,0.007139326126553991,128.24293191092355,125.86935653686524,119.04884033203125,0.018238696685336935,0.03162744296936704,GOOGL
2023-08-22,128.0219268798828,129.0800018310547,130.27999877929688,128.32000732421875,128.50999450683594,22054900,0.0055312310452686475,128.174925667899,126.26409479777018,119.287424214681,0.018236965754212027,0.047722270857903704,GOOGL
2023-08-23,131.28492736816406,132.3699951171875,133.41000366210938,129.8699951171875,130.17999267578125,27819700,0.025487825154692167,128.32227979387557,126.70842259724935,119.54639485677083,0.018558660906849437,0.020397520237650735,GOOGL
2023-08-24,128.71617126464844,129.77999877929688,134.25,129.57000732421875,133.9499969482422,28500700,-0.019566268230564066,128.32227979387557,126.88165791829427,119.80878185696072,0.017116899568961914,0.06010176226948283,GOOGL
2023-08-25,128.81533813476562,129.8800048828125,130.75999450683594,127.25,129.5399932861328,26762900,0.0007704305460833893,128.48946816580636,127.02910614013672,120.08847011990018,0.01708505330018628,0.06575316730241343,GOOGL
2023-08-28,129.9360809326172,131.00999450683594,132.5399932861328,130.13999938964844,131.30999755859375,20543300,0.008700383153743996,128.64390454973494,127.2393679300944,120.38413755628798,0.017076925571637647,0.05381275137276287,GOOGL
2023-08-29,133.46690368652344,134.57000732421875,136.57000732421875,132.24000549316406,132.24000549316406,43075600,0.027173535853657782,129.6512930733817,127.59674758911133,120.70680414835611,0.01759870391025651,0.044437866866234854,GOOGL
2023-08-30,134.76617431640625,135.8800048828125,136.27999877929688,134.07000732421875,134.77999877929688,28315800,0.009734777641462689,130.7153603690011,128.05463078816732,121.04258465237088,0.01734314169994803,0.02274050966277774,GOOGL
2023-08-31,135.05377197265625,136.1699981689453,138.0,135.7899932861328,136.00999450683594,30053800,0.002134049272443983,131.71990966796875,128.61566009521485,121.37538943820529,0.01658729359931926,0.008739127074764541,GOOGL
2023-09-01,134.5479736328125,135.66000366210938,137.4600067138672,134.85000610351562,137.4600067138672,21543700,-0.0037451626300830654,132.1860591343471,129.13272094726562,121.72593663533529,0.016649760542007536,0.025357302600123255,GOOGL
2023-09-05,134.65708923339844,135.77000427246094,136.4199981689453,134.5800018310547,135.44000244140625,19403100,0.0008109791447601378,133.0347617013114,129.60349756876627,122.07923914591471,0.016584572981180656,0.02909317705711123,GOOGL
2023-09-06,133.3577880859375,134.4600067138672,136.52999877929688,133.6699981689453,136.02000427246094,18684500,-0.009648962077361434,133.68368312290735,130.00848312377929,122.37534730699328,0.016761252968146564,0.026030076881040864,GOOGL
2023-09-07,134.15122985839844,135.25999450683594,135.5800018310547,132.9499969482422,133.58999633789062,18844300,0.005949722051100892,134.28584725516183,130.2065121968587,122.68302646213108,0.013261585336546752,0.018409221843014967,GOOGL
2023-09-08,135.2620849609375,136.3800048828125,136.66000366210938,134.85000610351562,134.91000366210938,23558300,0.008280618103252646,134.54230172293526,130.43727289835613,123.00459120008681,0.01331682294517253,-0.0057196451117125235,GOOGL
2023-09-11,135.79762268066406,136.9199981689453,137.47999572753906,135.7899932861328,136.5399932861328,20763400,0.003959259683755656,134.6896514892578,130.58075281778972,123.35282397800022,0.012616568327486711,-0.003067429859186288,GOOGL
2023-09-12,134.23057556152344,135.33999633789062,136.8699951171875,135.19000244140625,136.25999450683594,18405500,-0.011539576969072818,134.57205200195312,130.6673703511556,123.6826533847385,0.012827649870072353,0.02563915727466437,GOOGL
2023-09-13,135.58938598632812,136.7100067138672,136.89999389648438,134.14999389648438,135.08999633789062,20749500,0.010122957598299953,134.7208251953125,130.83796106974285,124.03551508585612,0.012807627414530367,-0.08119408470821354,GOOGL
2023-09-14,136.9679718017578,138.10000610351562,138.6999969482422,136.24000549316406,137.60000610351562,24751000,0.010167357904907748,135.0509512765067,131.15930557250977,124.39399693806966,0.011958567618825789,-0.1145547407833466,GOOGL
2023-09-15,136.27366638183594,137.39999389648438,138.52000427246094,136.47999572753906,137.97999572753906,38919600,-0.005069107841698783,135.4675053187779,131.4551923116048,124.72052018907335,0.012033980617762305,-0.11084405247395235,GOOGL
2023-09-18,137.0770721435547,138.2100067138672,139.16000366210938,136.61000061035156,136.61000061035156,21861300,0.005895532005924187,135.88548278808594,131.7890998840332,125.06059841579861,0.012013510661434175,-0.09948641300929717,GOOGL
2023-09-19,136.90846252441406,138.0399932861328,138.41000366210938,136.6199951171875,137.4199981689453,20353700,-0.0012300351656479025,136.1206795828683,132.00432205200195,125.3503150092231,0.011131815185000178,-0.1011300948137478,GOOGL
2023-09-20,132.64370727539062,133.74000549316406,138.0800018310547,133.6199951171875,138.0800018310547,29927500,-0.03115041371721583,135.6701202392578,132.08168309529623,125.53952907986111,0.012640206942849591,-0.05450884384542942,GOOGL
2023-09-21,129.37075805664062,130.44000244140625,132.22999572753906,130.07000732421875,131.44000244140625,31503900,-0.02467474172713524,134.97586059570312,132.10746994018555,125.68201819525825,0.013232450610714685,-0.02261571170741039,GOOGL
2023-09-22,129.1822967529297,130.25,132.02999877929688,129.60000610351562,130.75999450683594,26397300,-0.0014567534931535508,134.06056213378906,132.12598342895507,125.8334332784017,0.01323627459191165,-0.008828986128308847,GOOGL
2023-09-25,130.0352325439453,131.11000061035156,131.1699981689453,128.9600067138672,129.8300018310547,20094600,0.0066025749073568285,133.07017081124442,132.17722549438477,125.9612653096517,0.013284623244547156,-0.0065592668565988,GOOGL
2023-09-26,127.51609802246094,128.57000732421875,130.36000061035156,127.22000122070312,129.77000427246094,25718700,-0.01937270747474562,131.81908961704798,132.08598047892252,126.04645038180881,0.013521494118744575,0.018666621992976973,GOOGL
2023-09-27,129.46990966796875,130.5399932861328,130.89999389648438,128.57000732421875,128.57000732421875,22746500,0.015322078355657132,130.73235212053572,132.11110509236653,126.13141445583767,0.013654136190112144,0.009958821158428943,GOOGL
2023-09-28,131.2254180908203,132.30999755859375,133.3000030517578,129.7899932861328,129.83999633789062,22513100,0.013559200182912345,129.92048863002233,132.23045171101887,126.23665568033854,0.013762508939336846,-0.015645020011072153,GOOGL
2023-09-29,129.7873077392578,130.86000061035156,134.0500030517578,130.36000061035156,133.27999877929688,30859800,-0.010959083784874646,129.51243155343192,132.26152776082355,126.30068198310005,0.01383470956788266,0.013220129792336666,GOOGL
2023-10-02,133.07017517089844,134.1699981689453,134.4199981689453,131.1699981689453,131.2100067138672,22288000,0.025294210110559545,130.0409197126116,132.48336079915364,126.42862464057075,0.014065329888638308,-0.015502666185217118,GOOGL
2023-10-03,131.3444366455078,132.42999267578125,134.25999450683594,131.83999633789062,133.94000244140625,22989400,-0.012968634956513014,130.34979684012276,132.61758524576823,126.55568559434678,0.014279956293759477,0.008985698882721271,GOOGL
2023-10-04,134.1314239501953,135.24000549316406,135.57000732421875,132.52999877929688,132.7899932861328,26752300,0.02121892160693073,130.93496704101562,132.82123514811198,126.68528120252822,0.014726662120080848,-0.0045846412413853566,GOOGL
2023-10-05,133.9628143310547,135.07000732421875,135.49000549316406,133.4499969482422,135.07000732421875,19832600,-0.0012570478578027844,131.85592651367188,132.910498046875,126.80055084228516,0.014027398069290039,0.013770437503210609,GOOGL
2023-10-06,136.45223999023438,137.5800018310547,138.16000366210938,134.00999450683594,134.00999450683594,27597600,0.01858296029096329,132.85340227399553,133.16836700439453,126.95383970472548,0.013848442228028335,-0.016499573834441117,GOOGL
2023-10-09,137.2853546142578,138.4199981689453,138.94000244140625,135.61000061035156,136.94000244140625,19278100,0.006105540107535612,133.71910749162947,133.45070088704426,127.12520124647352,0.01386581835172214,-0.015677105140048497,GOOGL
2023-10-10,136.9282989501953,138.05999755859375,139.72000122070312,137.3300018310547,138.5,27786600,-0.002600828508370401,134.73924909319197,133.68377482096355,127.28322864108615,0.013837120290409085,-0.007895153555382173,GOOGL
2023-10-11,139.39788818359375,140.5500030517578,141.11000061035156,138.5800018310547,138.5800018310547,25884300,0.01803563801151653,135.64320809500558,133.88147430419923,127.4582268608941,0.013352338590587735,-0.014656869076730805,GOOGL
2023-10-12,137.83082580566406,138.97000122070312,141.22000122070312,138.25999450683594,141.0500030517578,24765500,-0.011241650776414813,136.56983511788505,133.98362935384114,127.60104641384548,0.013457054845047917,-0.016406282779547254,GOOGL
2023-10-13,136.23402404785156,137.36000061035156,140.0,136.6199951171875,139.3800048828125,23420500,-0.011585229562971144,136.87020656040735,134.022971089681,127.71179767184788,0.01364329868952367,-0.006916150149755329,GOOGL
2023-10-16,137.95974731445312,139.10000610351562,139.6300048828125,137.99000549316406,138.1699981689453,28501900,0.012667344143012294,137.44119698660714,134.136696879069,127.89473012288411,0.013800328445734495,-0.013659162977128325,GOOGL
2023-10-17,138.57469177246094,139.72000122070312,139.89999389648438,137.17999267578125,138.6300048828125,23515800,0.004457419428336218,137.74440438406808,134.26728363037108,128.0884624057346,0.013815318351984662,-0.033853500544120285,GOOGL
2023-10-18,136.8291015625,137.9600067138672,140.72000122070312,137.3800048828125,139.4499969482422,23375000,-0.012596746113115564,137.6792253766741,134.38299407958985,128.26180733574762,0.013904225709209617,-0.03935919133128263,GOOGL
2023-10-19,136.620849609375,137.75,139.66000366210938,137.3800048828125,138.5,26066000,-0.0015219858257263796,137.6353040422712,134.46531473795574,128.41730016072592,0.013878486514644107,-0.04275885500152787,GOOGL
2023-10-20,134.48843383789062,135.60000610351562,137.8699951171875,135.0800018310547,137.3300018310547,26335700,-0.015608274853957882,136.93395342145647,134.4395263671875,128.54700571695963,0.014111997376970135,-0.04668116054829263,GOOGL
2023-10-23,135.38107299804688,136.5,137.66000366210938,133.9499969482422,135.0399932861328,26317900,0.006637293146206202,136.583988734654,134.42564137776694,128.6883927239312,0.014146952707966133,-0.04036626664415477,GOOGL
2023-10-24,137.67213439941406,138.80999755859375,139.36000061035156,137.4199981689453,137.8300018310547,44814300,0.016923055421493416,136.7894330705915,134.5403600056966,128.83958740234374,0.014300333455662294,-0.06332393495757982,GOOGL
2023-10-25,124.58032989501953,125.61000061035156,128.30999755859375,125.06999969482422,128.16000366210938,84366200,-0.09509407667358905,134.87808772495814,134.17339146931965,128.86250890096028,0.022514651363581273,0.0901202542006112,GOOGL
2023-10-26,121.27764129638672,122.27999877929688,124.33000183105469,121.2699966430664,123.2699966430664,57061100,-0.026510514151117603,132.4070805140904,133.65038045247397,128.85347256130643,0.022793591454005033,0.10394176484639028,GOOGL
2023-10-27,121.16854095458984,122.16999816894531,123.30999755859375,120.20999908447266,122.87999725341797,44566500,-0.0008995915539802279,130.16985757010323,133.14687627156576,128.8713249206543,0.02279821263995801,0.09102058500536736,GOOGL
2023-10-30,123.43976593017578,124.45999908447266,125.4000015258789,122.75,123.20999908447266,28940100,0.018744345336609403,128.28684561593192,132.69229939778646,128.88576117621528,0.02310233607014871,0.06475967701591712,GOOGL
2023-10-31,123.06289672851562,124.08000183105469,125.37000274658203,122.69000244140625,125.05999755859375,26292300,-0.003053061538316082,126.65462602887835,132.23078053792318,128.90493621826172,0.023099320678603014,0.06842363035567045,GOOGL
2023-11-01,125.4134521484375,126.44999694824219,126.48999786376953,123.72000122070312,124.06999969482422,30082400,0.019100439550901793,125.23068019321987,131.9897720336914,128.99430864122178,0.022829000699322626,0.04341645358564983,GOOGL
2023-11-02,126.4449462890625,127.48999786376953,128.97999572753906,126.93000030517578,128.4199981689453,27124600,0.00822474880449131,123.62679617745536,131.89224497477213,129.09525214301215,0.02246995425008301,0.0400814751741827,GOOGL
2023-11-03,128.041748046875,129.10000610351562,129.52999877929688,127.86000061035156,128.02000427246094,26393100,0.012628434782692599,124.12128448486328,131.8542266845703,129.1935509575738,0.022596253091677225,0.051897765125586526,GOOGL
2023-11-06,129.1822967529297,130.25,130.33999633789062,128.6699981689453,129.0500030517578,19052700,0.008907631483109357,125.25052097865513,131.82579549153647,129.31642405192056,0.02262351752791066,0.04913625426421708,GOOGL
2023-11-07,129.89639282226562,130.97000122070312,131.91000366210938,129.8800048828125,130.7100067138672,29757300,0.0055278167928976,126.49735695975167,131.90513865152994,129.44061957465277,0.02234184087370954,0.05627242922203868,GOOGL
2023-11-08,130.75927734375,131.83999633789062,132.2100067138672,130.77999877929688,130.97000122070312,26425800,0.0066428674633409734,127.54300144740513,131.948117574056,129.57219882541233,0.02220398823671327,0.06507904833921474,GOOGL
2023-11-09,129.17239379882812,130.24000549316406,132.5500030517578,130.07000732421875,131.9600067138672,23747800,-0.012135915532403563,128.41578674316406,131.8796834309896,129.66575893825956,0.022181582957857854,0.08637918728874405,GOOGL
2023-11-10,131.50311279296875,132.58999633789062,132.8000030517578,129.41000366210938,130.10000610351562,26913300,0.018043476052402196,129.2857382638114,131.93687693277994,129.8032886928982,0.02233151249210331,0.06735046856717442,GOOGL
2023-11-13,131.00723266601562,132.08999633789062,132.58999633789062,131.25,131.77999877929688,18324800,-0.00377086227406509,129.93749346051897,131.86811218261718,129.94225124782986,0.021852569515661325,0.06268442023879262,GOOGL
2023-11-14,132.524658203125,133.6199951171875,135.6999969482422,133.32000732421875,134.19000244140625,32395200,0.011582761548576848,130.5779091971261,131.90745290120444,130.13146489461263,0.021820691363185665,0.0494687705523551,GOOGL
2023-11-15,133.5164794921875,134.6199951171875,135.02999877929688,133.57000732421875,134.8699951171875,23861500,0.007484050911810813,131.19707815987724,131.88695475260417,130.32409489949544,0.021513754308617065,0.03766158605991943,GOOGL
2023-11-16,135.8075408935547,136.92999267578125,137.22000122070312,134.32000732421875,135.19000244140625,28013200,0.017159390436902955,132.0415278843471,131.94844563802084,130.52245542738171,0.021735871258166117,0.009055779462293412,GOOGL
2023-11-17,134.20083618164062,135.30999755859375,136.05999755859375,133.64999389648438,136.0,37240600,-0.011830747404324105,132.5331791469029,131.87339884440104,130.64114125569662,0.021581481177831634,0.026679405743226914,GOOGL
2023-11-20,135.13311767578125,136.25,136.66000366210938,133.6199951171875,133.69000244140625,27815500,0.0069469127068535474,133.38471112932478,131.8016576131185,130.76048821343315,0.02159066300878051,0.0010275421958509945,GOOGL
2023-11-21,135.84722900390625,136.97000122070312,137.17999267578125,135.9600067138672,136.2899932861328,22635300,0.005284502721518924,134.0052991594587,131.7656219482422,130.89625489976672,0.021609565676742944,-0.009053133793498813,GOOGL
2023-11-22,137.35475158691406,138.49000549316406,139.4199981689453,137.47000122070312,137.47000122070312,17813900,0.011097190528372547,134.9120875767299,131.69751739501953,131.0585797627767,0.021446076543926287,0.0025274168235911443,GOOGL
2023-11-24,135.5695343017578,136.69000244140625,138.1300048828125,135.99000549316406,138.02999877929688,12514300,-0.012997127980873824,135.3470698765346,131.62214101155598,131.22013371785482,0.02147944335395061,0.031165201692575417,GOOGL
2023-11-27,135.29180908203125,136.41000366210938,138.4199981689453,136.0,136.02999877929688,23436500,-0.0020485813509426576,135.60068838936942,131.59073384602866,131.40978834364148,0.02137727105001566,0.04303205193851367,GOOGL
2023-11-28,136.07533264160156,137.1999969482422,137.25,135.4199981689453,136.0800018310547,18730000,0.00579135991222679,135.6389443533761,131.52792002360027,131.59911261664496,0.021273378621722145,0.035568618519768114,GOOGL
2023-11-29,133.88345336914062,134.99000549316406,138.2899932861328,134.83999633789062,137.57000732421875,23967200,-0.01610783695994311,135.5936039515904,131.37154541015624,131.74744220309788,0.02144777206880948,0.05674486499374409,GOOGL
2023-11-30,131.44361877441406,132.52999877929688,135.5500030517578,131.27999877929688,135.0500030517578,38988300,-0.018223570824689617,135.0665326799665,131.19202931722006,131.8611688401964,0.021577661895168056,0.07515280715564576,GOOGL
2023-12-01,130.7790985107422,131.86000061035156,132.11000061035156,130.6699981689453,131.86000061035156,31442300,-0.005055553627234977,134.34251403808594,130.99730428059897,131.8897104051378,0.021589671500477525,0.07288041322924421,GOOGL
2023-12-04,128.21035766601562,129.27000427246094,130.02999877929688,127.9000015258789,129.8800048828125,36669900,-0.01964183018523835,133.03617204938615,130.78803507486978,131.88827811347113,0.021694668077605454,0.10992486189055173,GOOGL
2023-12-05,129.91624450683594,130.99000549316406,132.13999938964844,128.25,128.9499969482422,27384800,0.013305374634895673,132.22855922154017,130.60587412516276,131.87075610690647,0.02181320754303061,0.11748996469541262,GOOGL
2023-12-06,128.95419311523438,130.02000427246094,131.83999633789062,129.8800048828125,131.44000244140625,23576200,-0.00740516626887977,131.32318551199776,130.31527608235677,131.84100214640299,0.021569678058920957,0.12282730546948573,GOOGL
2023-12-07,135.8075408935547,136.92999267578125,138.55999755859375,134.6999969482422,135.0399932861328,56767100,0.05314559854751,131.28492954799108,130.68951644897462,131.90028966267903,0.01566628235461495,0.07383338260142969,GOOGL
2023-12-08,133.88345336914062,134.99000549316406,136.39999389648438,134.02999877929688,134.1999969482422,32260100,-0.014167751744523227,131.28492954799108,131.10971018473307,131.9731320699056,0.015013069049189537,0.10156303957996782,GOOGL
2023-12-11,132.19737243652344,133.2899932861328,133.33999633789062,131.36000061035156,132.3800048828125,31138000,-0.012593646863652053,131.39260864257812,131.47733790079752,132.02646882798936,0.01527827470550477,0.13939550216899566,GOOGL
2023-12-12,131.43368530273438,132.52000427246094,133.0,131.25999450683594,131.80999755859375,29032800,-0.005776870747985274,131.48612104143416,131.74380187988282,132.07506705390082,0.015062407470782272,0.14843054700000158,GOOGL
2023-12-13,131.48330688476562,132.57000732421875,133.5,131.57000732421875,133.3800048828125,30104800,0.00037754082537477807,131.9536852155413,132.02448221842448,132.08652826944987,0.01503413036781434,0.15795397179260728,GOOGL
2023-12-14,130.85845947265625,131.94000244140625,133.72000122070312,129.69000244140625,133.3800048828125,38722400,-0.004752294621377273,132.08828735351562,132.20598246256512,132.09247919718425,0.014743822500219403,0.1479461143618075,GOOGL
2023-12-15,131.51304626464844,132.60000610351562,133.50999450683594,131.17999267578125,131.6199951171875,50847100,0.005002250482162962,132.45383780343192,132.37491912841796,132.12487801445855,0.014704988620514236,0.05656109831034084,GOOGL
2023-12-18,134.68682861328125,135.8000030517578,137.14999389648438,132.42999267578125,132.6300048828125,32258000,0.02413283274000122,132.29373604910714,132.59642181396484,132.19221064249675,0.01515077622333293,0.03946974884318677,GOOGL
2023-12-19,135.5298309326172,136.64999389648438,137.47000122070312,136.0800018310547,136.83999633789062,25476800,0.006258981134349861,132.52893284388952,132.8080062866211,132.27034242418077,0.015115590686806072,0.04193216838887914,GOOGL
2023-12-20,137.2059783935547,138.33999633789062,141.6999969482422,138.07000732421875,138.97000122070312,49107200,0.012367369230843694,133.24444798060827,133.0516591389974,132.3475927564833,0.015226346473316762,0.03860071879999971,GOOGL
2023-12-21,139.2689666748047,140.4199981689453,140.69000244140625,139.17999267578125,139.49000549316406,27488300,0.015035702564888398,134.363773890904,133.33531545003254,132.46484603881837,0.015391990057599055,0.02620692088236698,GOOGL
2023-12-22,140.3302001953125,141.49000549316406,141.99000549316406,140.7100067138672,140.77000427246094,26532200,0.007620028681521118,135.62761579241072,133.70724232991537,132.60579249064128,0.015177873238739082,0.02862369898702566,GOOGL
2023-12-26,140.3599090576172,141.52000427246094,142.67999267578125,141.19000244140625,141.58999633789062,16780300,0.00021170683333560092,136.98496573311942,134.00246887207032,132.73362452189127,0.014910184753276738,0.031020390325643188,GOOGL
2023-12-27,139.21934509277344,140.3699951171875,142.0800018310547,139.88999938964844,141.58999633789062,19628600,-0.008125995325171886,138.0858655657087,134.27620595296224,132.87589297824437,0.014992116830482296,0.06148053914349361,GOOGL
2023-12-28,139.0804901123047,140.22999572753906,141.13999938964844,139.75,140.77999877929688,16045700,-0.0009973828017666442,138.71353149414062,134.49473368326824,133.0065906100803,0.014894389161710446,0.05205732360598092,GOOGL
2023-12-29,138.544921875,139.69000244140625,140.36000061035156,138.77999877929688,139.6300048828125,18733000,-0.0038507790479616055,139.1442587716239,134.66234842936197,133.1235127766927,0.014886803287976591,0.03901514150278418,GOOGL
2024-01-02,137.03738403320312,138.1699981689453,139.4499969482422,136.47999572753906,138.5500030517578,23711200,-0.010881220483541232,139.12017386300224,134.7033432006836,133.1874289618598,0.014738776677514791,0.05623523391132412,GOOGL
2024-01-03,137.78123474121094,138.9199981689453,139.6300048828125,137.0800018310547,137.25,24212100,0.005428086016495914,138.9076407296317,134.82268981933595,133.28815188937716,0.014580734739268984,0.02771397856678748,GOOGL
2024-01-04,135.27197265625,136.38999938964844,139.16000366210938,136.35000610351562,138.4199981689453,27137700,-0.018211929147492256,138.1850367954799,134.8273183186849,133.35989227294922,0.014944645327004047,0.030280928179268418,GOOGL
2024-01-05,134.6173858642578,135.72999572753906,137.16000366210938,135.14999389648438,136.75,22513900,-0.004839042257893333,137.36467633928572,134.78632354736328,133.41190677218967,0.014938786830185362,0.03971125394384778,GOOGL
2024-01-08,137.701904296875,138.83999633789062,139.00999450683594,136.25999450683594,136.2899932861328,21404000,0.02291322486181291,137.1478990827288,134.797895304362,133.45896233452692,0.01539560745956704,0.026721349332567312,GOOGL
2024-01-09,139.79458618164062,140.9499969482422,141.49000549316406,138.14999389648438,138.5,24759600,0.015197189141654466,137.24991280691964,134.93873036702473,133.51483357747395,0.015422927348904193,0.022277275814275743,GOOGL
2024-01-10,141.1136932373047,142.27999877929688,143.0,140.91000366210938,141.0,21320200,0.009436038202152552,137.61688014439173,135.1327931722005,133.58216603597006,0.015483545435982295,0.011807815872509897,GOOGL
2024-01-11,140.91534423828125,142.0800018310547,145.22000122070312,140.63999938964844,143.49000549316406,24008700,-0.0014055971073614337,138.1708744594029,135.29412689208985,133.65291459825303,0.015470828635904925,-0.03174272996248628,GOOGL
2024-01-12,141.48065185546875,142.64999389648438,143.1999969482422,141.82000732421875,142.6699981689453,18785500,0.0040116824767613135,138.6993626185826,135.5473668416341,133.7287319607205,0.015123272501014537,-0.026428169915777233,GOOGL
2024-01-16,141.3219757080078,142.49000549316406,144.35000610351562,141.4499969482422,142.0,22670500,-0.0011215395559742714,139.5636487688337,135.87664540608725,133.81722293429905,0.014651565491039105,-0.04288003133773721,GOOGL
2024-01-17,140.31033325195312,141.47000122070312,141.83999633789062,138.89999389648438,141.35000610351562,20968600,-0.007158422821266552,140.3769269670759,136.19435323079426,133.88565741644965,0.014694029524770337,-0.02127655872330647,GOOGL
2024-01-18,142.30386352539062,143.47999572753906,144.2100067138672,141.99000549316406,142.0500030517578,25746400,0.014208007544660006,141.0343497140067,136.6641367594401,133.96389940049914,0.014231457102659053,-0.04418730979304586,GOOGL
2024-01-19,145.1800994873047,146.3800048828125,146.4499969482422,144.3800048828125,144.74000549316406,34271900,0.02021193164162316,141.80370875767298,137.17293192545574,134.06814914279514,0.014448435751816945,-0.08901497216413268,GOOGL
2024-01-22,144.7932891845703,145.99000549316406,148.38999938964844,145.83999633789062,147.10000610351562,32200400,-0.0026643479657362246,142.32936532156808,137.7009017944336,134.18551262749565,0.014347123869586115,-0.09123914170391878,GOOGL
2024-01-23,145.8346710205078,147.0399932861328,147.17999267578125,145.5,145.88999938964844,21636100,0.0071921968331698505,143.0321262904576,138.03513946533204,134.29934912787544,0.010971498984270757,-0.10636561892585872,GOOGL
2024-01-24,147.48106384277344,148.6999969482422,149.85000610351562,148.10000610351562,148.5399932861328,25233500,0.01128944722640135,143.8893280029297,138.48839314778647,134.41616126166448,0.010621990834945307,-0.0963014257470447,GOOGL
2024-01-25,150.62509155273438,151.8699951171875,153.0500030517578,149.5399932861328,150.07000732421875,29149100,0.02131817894474053,145.21834455217635,139.10265045166017,134.57562154134115,0.0106783428408475,-0.10838216311703974,GOOGL
2024-01-26,150.9424591064453,152.19000244140625,152.5399932861328,151.00999450683594,151.10000610351562,26115500,0.0021070032252881177,146.73721967424666,139.75294291178386,134.72968139648438,0.0105146466684647,-0.0954070216176135,GOOGL
2024-01-29,152.25161743164062,153.50999450683594,153.77999877929688,151.42999267578125,152.05999755859375,27784300,0.008673227751457846,148.15832737513952,140.44521993001302,134.90016089545355,0.010506756632803354,-0.09777838400266503,GOOGL
2024-01-30,150.2184600830078,151.4600067138672,153.6199951171875,151.19000244140625,152.8000030517578,36331800,-0.013353929389588792,148.87809317452567,141.0905532836914,135.09543592664932,0.010891091335882135,-0.07705005639065099,GOOGL
2024-01-31,138.95156860351562,140.10000610351562,144.0,139.8699951171875,143.6199951171875,71910000,-0.07500337490656162,148.04356166294642,141.3385040283203,135.20188937717015,0.01816943810322973,0.021413456353986726,GOOGL
2024-02-01,140.0028839111328,141.16000366210938,143.05999755859375,140.7899932861328,142.1199951171875,40466500,0.007566055699716578,147.21044921875,141.51570587158204,135.3221181233724,0.01771974861134813,0.00014157684783677738,GOOGL
2024-02-02,141.212890625,142.3800048828125,142.6199951171875,136.5,139.25999450683594,62499600,0.008642727064359867,146.31499590192522,141.70514119466145,135.446314324273,0.01774738987788302,0.037224156650668805,GOOGL
2024-02-05,142.50222778320312,143.67999267578125,145.47000122070312,142.77999877929688,142.82000732421875,38505400,0.009130449440533317,145.1545867919922,141.88168284098307,135.61282687717014,0.01768895672195714,0.023315707655166662,GOOGL
2024-02-06,142.9187774658203,144.10000610351562,145.36000061035156,143.19000244140625,144.64999389648438,29128200,0.002923109968855364,144.0083465576172,142.0033432006836,135.7622587415907,0.017504719853654552,0.03219982223550866,GOOGL
2024-02-07,144.3469696044922,145.5399932861328,145.6199951171875,143.92999267578125,144.75999450683594,25208900,0.009993033553715058,142.87911115373885,142.13723551432292,135.9080537584093,0.017540917315906783,0.014154343539582781,GOOGL
2024-02-08,144.71392822265625,145.91000366210938,146.3300018310547,145.10000610351562,145.8300018310547,22563800,0.0025421982821636213,142.0927494594029,142.2823694864909,136.0739050971137,0.017542032634285647,0.033308301627208436,GOOGL
2024-02-09,147.77862548828125,149.0,149.44000244140625,146.17999267578125,146.67999267578125,26829500,0.021177624733603073,143.35375758579798,142.56767883300782,136.23733232286241,0.017820071286435375,0.007181238267722101,GOOGL
2024-02-12,146.32064819335938,147.52999877929688,149.33999633789062,147.3699951171875,148.4199981689453,21564100,-0.009865955175212382,144.25629534040178,142.80901743570965,136.4037346733941,0.01794717656927286,0.021283789068406778,GOOGL
2024-02-13,143.9502716064453,145.13999938964844,146.6699981689453,143.69000244140625,144.9199981689453,27837700,-0.016199877571493992,144.64734976632255,142.98919576009115,136.51283298068577,0.018222036474235738,0.03947890194166259,GOOGL
2024-02-14,144.74371337890625,145.94000244140625,146.52000427246094,144.08999633789062,146.0800018310547,22704200,0.005511915772067333,144.96756199428015,143.2460734049479,136.63262074788412,0.018085033423986232,0.03419203021234418,GOOGL
2024-02-15,141.59970092773438,142.77000427246094,143.52000427246094,140.4600067138672,143.13999938964844,37590700,-0.02172123664494885,144.77912248883928,143.37335561116535,136.68981475830077,0.018579489642669793,0.08909427473076703,GOOGL
2024-02-16,139.36813354492188,140.52000427246094,143.19000244140625,140.13999938964844,142.99000549316406,31468900,-0.01575968994419974,144.06786019461495,143.50989430745443,136.71295674641928,0.018496882735906838,0.09991449182855017,GOOGL
2024-02-20,139.9632110595703,141.1199951171875,142.0800018310547,139.49000549316406,139.66000366210938,25144700,0.004269824812259682,143.3891863141741,143.6880884806315,136.746677992079,0.0184696674000713,0.09778897631202565,GOOGL
2024-02-21,141.38148498535156,142.5500030517578,142.69000244140625,140.67999267578125,141.4499969482422,23223300,0.01013319082239117,142.47530909946985,143.81074117024738,136.76871795654296,0.018101715797644486,0.05598032372943429,GOOGL
2024-02-22,142.90882873535156,144.08999633789062,145.0,142.8000030517578,144.92999267578125,27191900,0.010802996942338217,141.98790631975447,143.9145492553711,136.82514021131726,0.018000729439842687,0.05836644093809373,GOOGL
2024-02-23,142.77993774414062,143.9600067138672,144.67999267578125,143.42999267578125,143.6699981689453,19493800,-0.0009019106261770604,141.82071576799666,143.9700907389323,136.89787258572048,0.0179304249963097,0.07564613700684375,GOOGL
2024-02-26,136.4423065185547,137.57000732421875,142.44000244140625,137.38999938964844,142.13999938964844,53641800,-0.044387407122580935,140.63480050223214,143.82098948160808,136.88101213243272,0.019720118604918346,0.13832970080239249,GOOGL
2024-02-27,137.7415771484375,138.8800048828125,139.25,137.08999633789062,138.02000427246094,33099200,0.009522490956323182,140.0836399623326,143.69635365804035,136.8717553032769,0.019792799369249728,0.12427982973805785,GOOGL
2024-02-28,135.2620849609375,136.3800048828125,138.00999450683594,135.41000366210938,137.89999389648438,37328600,-0.018001043975472752,139.49706159319197,143.49435729980468,136.854344007704,0.020043600022066337,0.1688663681889273,GOOGL
2024-02-29,137.32501220703125,138.4600067138672,138.86000061035156,136.39999389648438,137.27999877929688,42133000,0.015251334079978918,139.12017604282923,143.39484659830728,136.86216803656683,0.020232890921210667,0.1391736998390618,GOOGL
2024-03-01,136.01583862304688,137.13999938964844,138.8699951171875,136.9199981689453,138.42999267578125,31151100,-0.009533394994428734,138.35365513392858,143.18524576822918,136.87913920084637,0.02010111891902453,0.12921107560365597,GOOGL
2024-03-04,132.25689697265625,133.35000610351562,135.66000366210938,131.91000366210938,135.66000366210938,55999400,-0.02763605833294258,136.83195059640067,142.7544723510742,136.84442613389757,0.02023285132705993,0.1578552187759732,GOOGL
2024-03-05,131.5824737548828,132.6699981689453,133.24000549316406,130.6699981689453,131.8800048828125,40194800,-0.005099342516049488,135.23231288364954,142.3141118367513,136.77676323784723,0.02023675973795767,0.17185494009373814,GOOGL
2024-03-06,130.3228759765625,131.39999389648438,133.5800018310547,130.85000610351562,133.1199951171875,35318600,-0.00957268656209298,134.3581085205078,141.79705200195312,136.84056930541993,0.02017754811521078,0.18729071145226928,GOOGL
2024-03-07,133.27842712402344,134.3800048828125,134.94000244140625,131.61000061035156,132.7899932861328,37738200,0.022678682658848537,133.72051565987724,141.3236307779948,136.97391137017144,0.0205695109418794,0.1466739786376723,GOOGL
2024-03-08,134.30001831054688,135.41000366210938,138.08999633789062,134.0,134.2100067138672,39370400,0.007665090356842041,133.58307756696428,140.7794616699219,137.11981667412653,0.020156143765527688,0.15412442853399977,GOOGL
2024-03-11,136.54148864746094,137.6699981689453,139.10000610351562,136.1300048828125,136.1300048828125,32437800,0.016690022571188567,133.4711456298828,140.29942932128907,137.26539137098524,0.020472262741521717,0.14956042896241706,GOOGL
2024-03-12,137.3647003173828,138.5,139.3800048828125,137.02999877929688,137.02999877929688,27563400,0.0060290222266972116,133.6638401576451,139.8031987508138,137.42430029975043,0.02042533742903021,0.14895305472481413,GOOGL
2024-03-13,138.6441192626953,139.7899932861328,141.08999633789062,138.99000549316406,139.0,23347200,0.009314030040879384,134.57630048479353,139.41738739013672,137.57130771213107,0.02045666026272406,0.11595960943327022,GOOGL
2024-03-14,141.927001953125,143.10000610351562,143.58999633789062,140.4600067138672,141.19000244140625,42753400,0.0236784849432341,136.05409022739954,139.51656850179037,137.74333055284288,0.015791857564925117,0.20160712534812242,GOOGL
2024-03-15,140.022705078125,141.17999267578125,143.17999267578125,140.02999877929688,142.5,49475400,-0.013417438886146105,137.43978009905135,139.51722920735676,137.87645229763456,0.015947067158868594,0.1768664575534451,GOOGL
2024-03-18,146.46942138671875,147.67999267578125,152.14999389648438,147.1699981689453,148.61000061035156,69273700,0.0460405068234957,139.32420785086495,139.69244689941405,138.0685314602322,0.017969079914882145,0.10224814616492095,GOOGL
2024-03-19,145.82476806640625,147.02999877929688,148.7899932861328,146.0800018310547,148.16000366210938,24070400,-0.004401282630935199,140.97060067313058,139.8031982421875,138.24551340738932,0.017937505685245287,0.11446637002536009,GOOGL
2024-03-20,147.52073669433594,148.74000549316406,148.86000061035156,146.74000549316406,148.0,21311500,0.011630182241451292,142.53906467982702,139.95659688313802,138.43175184461805,0.01804110667431528,0.12020963353126968,GOOGL
2024-03-21,146.39010620117188,147.60000610351562,150.3699951171875,146.89999389648438,149.47000122070312,24755600,-0.0076642139844158574,143.82840837751115,140.0247014363607,138.62305976019965,0.01803286145511341,0.1330621935658176,GOOGL
2024-03-22,149.5341033935547,150.77000427246094,151.5800018310547,148.97999572753906,149.1199951171875,29211800,0.021476842076077807,145.38412039620536,140.18537394205728,138.82340410020618,0.018429248453389436,0.11494339668079179,GOOGL
2024-03-25,148.83985900878906,150.07000732421875,150.3800048828125,147.82000732421875,149.94000244140625,19229300,-0.004642716069514052,146.37167140415735,140.2207483927409,139.02154439290365,0.01806619278286919,0.1411338857490423,GOOGL
2024-03-26,149.43490600585938,150.6699981689453,152.25999450683594,149.97999572753906,150.22000122070312,22149100,0.003997900838075719,147.71627153669084,140.32455698649088,139.20943603515624,0.01797170365259671,0.12417875529210276,GOOGL
2024-03-27,149.63327026367188,150.8699951171875,151.63999938964844,148.89999389648438,151.17999267578125,22879200,0.0013274292005425181,148.16824994768416,140.5139902750651,139.38851148817275,0.017680570067718494,0.12653290729715772,GOOGL
2024-03-28,149.6927947998047,150.92999267578125,151.42999267578125,150.1699981689453,150.85000610351562,24485400,0.0003978028150284363,148.7208251953125,140.67895965576173,139.5427920871311,0.01766463039890467,0.11740536725453032,GOOGL
2024-04-01,154.21542358398438,155.49000549316406,155.74000549316406,150.61000061035156,150.69000244140625,31730800,0.03021273529048707,149.67720903669084,141.0994837443034,139.76517639160156,0.01787705409508277,0.0877868479226871,GOOGL
2024-04-02,153.29302978515625,154.55999755859375,154.6999969482422,152.14999389648438,153.5,24586000,-0.005981203289473824,150.66334097726005,141.5636469523112,139.96695319281685,0.01761030800276313,0.1020962926125788,GOOGL
2024-04-03,153.6500701904297,154.9199981689453,155.0800018310547,152.72999572753906,153.60000610351562,24705000,0.0023291365939719366,151.25133623395647,142.0198755900065,140.16476253933376,0.017610298515966547,0.11354261847850933,GOOGL
2024-04-04,149.2960662841797,150.52999877929688,154.77000427246094,150.4499969482422,153.5,34724700,-0.028337142318605957,151.31650870186942,142.2836949666341,140.29744381374783,0.018472457777112105,0.1571115138211172,GOOGL
2024-04-05,151.24990844726562,152.5,153.4199981689453,149.60000610351562,150.02999877929688,23459200,0.013087030433654334,151.57579476492745,142.56173095703124,140.47167019314236,0.018514724490906385,0.15449187747684334,GOOGL
2024-04-08,153.5806884765625,154.85000610351562,155.27000427246094,152.61000061035156,152.77999877929688,20702000,0.015410125224039506,152.13971165248327,142.9217559814453,140.6748799641927,0.018663712178825786,0.14252487614584464,GOOGL
2024-04-09,155.3163299560547,156.60000610351562,158.55999755859375,155.19000244140625,156.08999633789062,31079500,0.011301170067075539,152.94307381766183,143.55089009602864,140.8886688232422,0.0164693753547444,0.13569590790122743,GOOGL
2024-04-10,154.86007690429688,156.13999938964844,156.61000061035156,154.67999267578125,156.2100067138672,22838600,-0.002937572964072155,153.03516714913505,144.1215067545573,141.12174241807725,0.01649435739224695,0.12962722105132474,GOOGL
2024-04-11,158.10330200195312,159.41000366210938,159.67999267578125,156.4600067138672,156.91000366210938,27166400,0.020942938699821,153.72234889439173,144.88288065592448,141.41796112060547,0.016229980380244625,0.0887019954141588,GOOGL
2024-04-12,156.43704223632812,157.72999572753906,160.22000122070312,157.13999938964844,157.9600067138672,25353700,-0.010539057341158009,154.1204877580915,145.51994832356772,141.70304938422308,0.016369397860167383,0.1094276987567031,GOOGL
2024-04-15,153.59059143066406,154.86000061035156,159.24000549316406,154.58999633789062,158.86000061035156,27136500,-0.018195503858759676,154.73399135044642,146.10577341715495,141.98505198160808,0.016698221795156697,0.13909317700594093,GOOGL
2024-04-16,153.13433837890625,154.39999389648438,155.64999389648438,153.42999267578125,154.19000244140625,20779500,-0.0029705794313825695,155.0031956263951,146.80168813069662,142.24303080240887,0.01565142328302814,0.1392486228319143,GOOGL
2024-04-17,154.19557189941406,155.47000122070312,157.0800018310547,154.5800018310547,155.6199951171875,21763100,0.006930081990376147,155.0910361153739,147.55545806884766,142.5234905666775,0.01553703939691036,0.10703031786791195,GOOGL
2024-04-18,154.73114013671875,156.00999450683594,156.94000244140625,154.6199951171875,155.33999633789062,19883000,0.0034733049121153936,155.00743756975447,148.3690668741862,142.73375278049045,0.015283559386553697,0.10569836082386797,GOOGL
2024-04-19,152.826904296875,154.08999633789062,156.36000061035156,152.3000030517578,156.1999969482422,32615600,-0.012306739536470768,154.71698434012276,149.02068277994792,142.9442355685764,0.015290014703792099,0.12382364264615897,GOOGL
2024-04-22,154.99893188476562,156.27999877929688,157.63999938964844,154.05999755859375,154.30999755859375,26446200,0.014212337794079266,154.27350289481026,149.7106465657552,143.1975862291124,0.015380480778991627,0.11204261464597898,GOOGL
2024-04-23,156.9626922607422,158.25999450683594,158.97000122070312,156.27999877929688,156.9600067138672,21151600,0.012669509086917552,154.34859575544084,150.39135335286457,143.48124186197916,0.015291491652091156,0.10836606894704004,GOOGL
2024-04-24,157.82559204101562,159.1300048828125,159.57000732421875,157.1699981689453,157.49000549316406,22779100,0.0054974833053960115,154.95359584263392,151.07338307698566,143.77393391927083,0.015290289124191515,0.11060122448845422,GOOGL
2024-04-25,154.7212371826172,156.0,156.49000549316406,150.8699951171875,151.3300018310547,57109700,-0.019669527725210023,155.18029567173548,151.60928700764973,144.03907589382595,0.015895722116573682,0.11833346795122712,GOOGL
2024-04-26,170.54049682617188,171.9499969482422,174.7100067138672,169.64999389648438,174.3699951171875,64665300,0.10224362170064127,157.5152849469866,152.56307017008464,144.47271423339845,0.023795200146875976,0.018963826199552614,GOOGL
2024-04-29,164.78802490234375,166.14999389648438,169.5500030517578,165.2100067138672,169.05999755859375,45610000,-0.03373082658303439,158.95198277064733,153.38858083089193,144.80717196994357,0.02465226541615342,0.06423528095805486,GOOGL
2024-04-30,161.44564819335938,162.77999877929688,168.10000610351562,162.60000610351562,165.61000061035156,33562900,-0.02028288591337346,160.1832318987165,153.88778839111328,145.09512549506294,0.023873931029709448,0.09346380729383164,GOOGL
2024-05-01,162.5167999267578,163.86000061035156,167.1199951171875,163.08999633789062,164.3000030517578,33493200,0.006634751356788149,161.25721304757255,154.444189453125,145.37635684543187,0.02383271879213049,0.07018815005697743,GOOGL
2024-05-02,165.254150390625,166.6199951171875,166.72999572753906,163.88999938964844,164.7899932861328,24294500,0.016843492273419303,162.44170706612724,155.0353032430013,145.66508110894097,0.02391002996805017,0.06225494215379079,GOOGL
2024-05-03,165.8690948486328,167.24000549316406,167.9600067138672,163.0500030517578,167.55999755859375,34662400,0.003721204318041238,163.59077889578683,155.68460286458333,145.948846605089,0.02380769686035249,0.06101055922796572,GOOGL
2024-05-06,166.72206115722656,168.10000610351562,168.13999938964844,166.02999877929688,167.4600067138672,21871300,0.005142406482486317,165.30518232073103,156.25753479003907,146.24175940619574,0.02359035429121669,0.04277762173222999,GOOGL
2024-05-07,169.84620666503906,171.25,171.75999450683594,168.38999938964844,168.5,28039700,0.018738644940733407,165.20599801199776,156.95774637858074,146.5820578681098,0.02368468581833448,0.030670716242982232,GOOGL
2024-05-08,167.99154663085938,169.3800048828125,170.14999389648438,168.74000549316406,169.0,19569100,-0.010919643544570534,165.66364397321428,157.57630106608073,146.90329182942708,0.023855307478415563,0.061732083236522906,GOOGL
2024-05-09,168.56680297851562,169.9600067138672,170.69000244140625,168.17999267578125,169.38999938964844,15346700,0.0034243172302015346,166.68095179966517,158.2074188232422,147.23686828613282,0.023849748222357508,0.0556935091390629,GOOGL
2024-05-10,167.2675323486328,168.64999389648438,169.85000610351562,166.19000244140625,168.02999877929688,29799900,-0.007707749135210218,167.35962785993303,158.79324340820312,147.5727588229709,0.023940570718689342,0.09244716656426788,GOOGL
2024-05-13,167.75350952148438,169.13999938964844,169.27999877929688,164.0,164.25999450683594,31327600,0.0029053885474836783,167.7166791643415,159.24451293945313,147.9057840983073,0.023422079227438962,0.08839461250035696,GOOGL
2024-05-14,168.9436798095703,170.33999633789062,171.25,168.8000030517578,169.77000427246094,25127100,0.007094756416607284,168.1559055873326,159.76620127360027,148.27991417778864,0.02336955326972748,0.0897194364143512,GOOGL
2024-05-15,171.0959014892578,172.50999450683594,172.64999389648438,170.50999450683594,170.6300048828125,26948400,0.012739284962381747,168.7807399204799,160.3477289835612,148.68523101806642,0.023428778772964523,0.05709251480053279,GOOGL
2024-05-16,172.752197265625,174.17999267578125,175.1199951171875,172.69000244140625,173.2899932861328,27867900,0.009680511116574975,169.19588143484933,161.12960001627604,149.0746787177192,0.022642912893995743,0.0517857723295736,GOOGL
2024-05-17,174.61679077148438,176.05999755859375,176.27000427246094,173.69000244140625,174.17999267578125,24479300,0.01079345753844363,170.14234488351005,161.90849609375,149.4615921020508,0.022618924923933692,0.05334880736853487,GOOGL
2024-05-20,175.46975708007812,176.9199981689453,178.77000427246094,176.0800018310547,176.19000244140625,22554400,0.004884789743444529,171.12848118373327,162.63813171386718,149.84332614474826,0.02253396363910572,0.05151063699162739,GOOGL
2024-05-21,176.39212036132812,177.85000610351562,178.14999389648438,175.80999755859375,176.89999389648438,16989400,0.0052565370614212625,172.43199375697546,163.34065806070964,150.23751254611545,0.022499782807493398,0.07291959521918367,GOOGL
2024-05-22,174.9341583251953,176.3800048828125,177.14999389648438,175.2100067138672,176.63999938964844,17880000,-0.008265460118888956,173.45780072893416,164.00979410807292,150.60921817355685,0.02258127592546983,0.07295024591161314,GOOGL
2024-05-23,172.12738037109375,173.5500030517578,178.25,172.9499969482422,177.07000732421875,21024900,-0.016044767819923922,173.91261509486608,164.47726338704427,150.95150044759114,0.022651345164437318,0.09015774067553495,GOOGL
2024-05-24,173.5555877685547,174.99000549316406,175.77000427246094,173.64999389648438,174.97999572753906,16579400,0.00829738647263345,174.26399884905135,165.04788157145182,151.32089216444228,0.022521652004635514,0.09377325175997941,GOOGL
2024-05-28,174.95399475097656,176.39999389648438,177.27000427246094,174.3699951171875,174.4499969482422,20572200,0.00805740109207398,174.5785413469587,165.75999501546224,151.68367140028212,0.022148373252322964,0.05319164802061094,GOOGL
2024-05-29,174.4580841064453,175.89999389648438,176.83999633789062,174.72000122070312,175.42999267578125,23388700,-0.0028345202705266637,174.55586896623885,166.47078653971354,152.00898234049478,0.022146788091005315,0.053339525779336316,GOOGL
2024-05-30,170.6991729736328,172.11000061035156,175.22000122070312,171.7899932861328,175.1999969482422,22931500,-0.02154621353355579,173.87435695103235,167.02090657552083,152.2968254937066,0.022647296972147558,0.08502753344278835,GOOGL
2024-05-31,171.08596801757812,172.5,173.05999755859375,169.44000244140625,171.86000061035156,37638900,0.0022659456235623043,173.11633518763952,167.56606750488282,152.5773954603407,0.022648664020109417,0.0674265471192772,GOOGL
2024-06-03,171.75048828125,173.1699981689453,174.52999877929688,171.16000366210938,172.5399932861328,27459100,0.003884130717275447,172.6615251813616,168.1968536376953,152.84705573187935,0.02244874398664312,0.04653086753187674,GOOGL
2024-06-04,172.36541748046875,173.7899932861328,173.85000610351562,171.88999938964844,173.27999877929688,26879600,0.0035803636156874763,172.6955304827009,168.7757364908854,153.08861490885417,0.022367909958768965,0.023614261154695226,GOOGL
2024-06-05,173.9721221923828,175.41000366210938,176.64999389648438,173.92999267578125,175.1999969482422,22068500,0.009321502743415033,172.75503540039062,169.34271748860678,153.34450005425347,0.022330340740557886,0.013989640077825216,GOOGL
2024-06-06,175.2812957763672,176.72999572753906,177.14999389648438,175.75,175.89999389648438,23251000,0.007525191780650031,172.80179268973214,169.92457427978516,153.60038536919487,0.022339139845060547,0.029131988681349252,GOOGL
2024-06-07,173.02993774414062,174.4600067138672,177.8699951171875,174.3000030517578,177.0500030517578,19661400,-0.012844257125409153,172.59777178083147,170.5348642985026,153.85384623209634,0.02212630861239309,0.04321096961204396,GOOGL
2024-06-10,173.77459716796875,175.00999450683594,177.05999755859375,172.75999450683594,174.97000122070312,23726700,0.004303644985004018,173.03711809430803,170.64266764322917,154.2407687717014,0.012061226880552221,-0.013599166597298429,GOOGL
2024-06-11,175.37322998046875,176.6199951171875,176.83999633789062,173.77000427246094,176.22000122070312,21540600,0.009199462053448348,173.6495840890067,170.9955078125,154.63377261691625,0.0102457399742103,-0.05288177592780463,GOOGL
2024-06-12,176.53497314453125,177.7899932861328,180.41000366210938,176.11000061035156,178.25,27864700,0.006624404216036162,174.3330819266183,171.49848531087238,155.0262402004666,0.009355250414554993,-0.0606895122269131,GOOGL
2024-06-13,173.92355346679688,175.16000366210938,176.74000549316406,174.8800048828125,176.11000061035156,20913300,-0.014792647775216605,174.55567278180803,171.8787104288737,155.3753660413954,0.00987376096008447,-0.03214202806850941,GOOGL
2024-06-14,175.5420379638672,176.7899932861328,177.05999755859375,174.14999389648438,174.22000122070312,18063600,0.009305723490632856,174.77994646344865,172.22164001464844,155.73784671359593,0.009582818464888529,-0.036766787580633786,GOOGL
2024-06-17,175.98886108398438,177.24000549316406,178.36000061035156,174.80999755859375,175.4600067138672,19618500,0.0025453909804167285,174.8810272216797,172.55896555582683,156.08942328559027,0.00957819202598429,-0.0321597599224388,GOOGL
2024-06-18,173.85403442382812,175.08999633789062,177.38999938964844,174.10000610351562,177.13999938964844,21869900,-0.012130464661268991,174.9987553187779,172.79669799804688,156.41320224338108,0.009897875048965908,-0.02473007446748199,GOOGL
2024-06-20,175.05551147460938,176.3000030517578,177.2899932861328,174.99000549316406,175.3699951171875,20160100,0.006910837903549849,175.18174307686942,172.97034149169923,156.71627875434027,0.009408737820329366,-0.05467948486625074,GOOGL
2024-06-21,178.3620147705078,179.6300048828125,180.85000610351562,176.61000061035156,177.0,57759000,0.01888831301594318,175.60871233258928,173.31602376302084,157.0722939385308,0.009671309784736253,-0.11345537774272907,GOOGL
2024-06-24,177.9548797607422,179.22000122070312,180.88999938964844,178.6699981689453,180.16000366210938,18298000,-0.0022826329377892973,175.81155613490515,173.62895965576172,157.450122918023,0.009699311390823168,-0.11678377040983923,GOOGL
2024-06-25,182.73094177246094,184.02999877929688,184.2899932861328,179.4199981689453,179.6199951171875,23130200,0.02683861222653805,177.06975446428572,174.144406636556,157.87220323350695,0.010539342680030128,-0.13633653168084214,GOOGL
2024-06-26,182.58201599121094,183.8800048828125,184.50999450683594,182.47999572753906,182.6300048828125,19839000,-0.0008150003486298019,178.0754656110491,174.63869018554686,158.3275622897678,0.010562423111559924,-0.11882753153912085,GOOGL
2024-06-27,184.10121154785156,185.41000366210938,186.0500030517578,184.02000427246094,184.17999267578125,18848900,0.008320619905488158,179.23437282017298,175.1439412434896,158.82459648980034,0.010581638868316331,-0.11725369795272489,GOOGL
2024-06-28,180.86419677734375,182.14999389648438,185.1300048828125,181.9600067138672,184.32000732421875,29156600,-0.017582799935384696,180.23582458496094,175.46955108642578,159.2790518866645,0.011049413648043332,-0.10903107672277901,GOOGL
2024-07-01,181.69830322265625,182.99000549316406,183.8800048828125,181.3000030517578,183.02999877929688,16006100,0.004611783095685551,181.18479483468192,175.76775461832682,159.72701653374565,0.01096495116579226,-0.1029018843142886,GOOGL
2024-07-02,183.93238830566406,185.24000549316406,185.57000732421875,181.55999755859375,182.0500030517578,17372500,0.012295574825870181,181.9805624825614,176.07827453613282,160.18283386230468,0.01101103934835462,-0.13425826183469936,GOOGL
2024-07-03,184.50831604003906,185.82000732421875,186.08999633789062,184.0,184.85000610351562,10242100,0.003131192606589339,182.91676766531808,176.3795598347982,160.6464825100369,0.010998705922650929,-0.13195586447398788,GOOGL
2024-07-05,189.2545623779297,190.60000610351562,190.86000061035156,185.8000030517578,185.86000061035156,20967500,0.025723752943800582,183.84871346609933,176.80830790201824,161.23328535291884,0.011828229927250215,-0.14501571274726,GOOGL
2024-07-08,187.69564819335938,189.02999877929688,190.1699981689453,187.77999877929688,189.89999389648438,21035900,-0.008237128685211093,184.57923235212053,177.2336908976237,161.7883305867513,0.011827348761923732,-0.11828811115224658,GOOGL
2024-07-09,187.64599609375,188.97999572753906,191.36000061035156,188.72000122070312,190.30999755859375,15121400,-0.0002645351668367768,185.08563014439173,177.7509780883789,162.37037404378256,0.011317884923916008,-0.1153561419623782,GOOGL
2024-07-10,189.83045959472656,191.17999267578125,191.75,189.02999877929688,189.14999389648438,15952500,0.011641407471786325,186.36652483258928,178.29347381591796,162.95376790364583,0.011388679624933515,-0.1324928788337082,GOOGL
2024-07-11,184.2600860595703,185.57000732421875,190.86000061035156,185.0800018310547,189.85000610351562,25625800,-0.029343939571386812,186.7324938092913,178.60367685953776,163.489815097385,0.012783859633297664,-0.11731424569520743,GOOGL
2024-07-12,183.7635955810547,185.07000732421875,187.11000061035156,184.49000549316406,185.0800018310547,22898400,-0.0026945090992473997,186.70838056291853,178.9138605753581,164.06211174858942,0.01278213172579581,-0.10509551046152366,GOOGL
2024-07-15,185.2133026123047,186.52999877929688,188.24000549316406,184.9199981689453,184.9199981689453,16474000,0.00788897837281688,186.80909293038505,179.39766489664714,164.65800984700522,0.012035149389624512,-0.10920512609058108,GOOGL
2024-07-16,182.6217041015625,183.9199981689453,188.67999267578125,183.3699951171875,187.36000061035156,18290700,-0.01399250741814706,185.86154174804688,179.78218943277994,165.239107937283,0.012419666519503795,-0.10461071484194573,GOOGL
2024-07-17,179.7421875,181.02000427246094,183.5500030517578,179.89999389648438,182.97000122070312,20734100,-0.01576765815283976,184.72533307756697,180.04857940673827,165.7553719414605,0.012841698138253657,-0.10037553108836439,GOOGL
2024-07-18,176.43569946289062,177.69000244140625,182.5,176.47000122070312,181.92999267578125,25315700,-0.01839572602903461,183.12386213030135,180.18425547281902,166.22354617648654,0.01334171867569207,-0.08953799612380642,GOOGL
2024-07-19,176.4059295654297,177.66000366210938,180.2899932861328,177.1300048828125,178.8800048828125,18881900,-0.0001687294439366438,181.20607212611608,180.2653823852539,166.66648440890842,0.013246450727478548,-0.08037824609229405,GOOGL
2024-07-22,180.38758850097656,181.6699981689453,182.6999969482422,180.22999572753906,180.58999633789062,24100300,0.022571003964297454,180.6528581891741,180.4355921427409,167.14451649983724,0.013793262354476794,-0.1338138998353985,GOOGL
2024-07-23,180.50672912597656,181.7899932861328,183.61000061035156,181.5399932861328,182.0500030517578,36352700,0.0006604701908266009,180.18759155273438,180.68481852213543,167.60965660942927,0.013542272585566657,-0.13939157656638312,GOOGL
2024-07-24,171.41140747070312,172.6300048828125,176.19000244140625,171.82000732421875,173.60000610351562,49585200,-0.050387715180001735,178.2158922467913,180.60604553222657,167.93726111518012,0.01650824775697874,-0.08915017405790371,GOOGL
2024-07-25,166.09918212890625,167.27999877929688,173.4199981689453,167.19000244140625,172.52000427246094,44852000,-0.030991084083507148,175.85553196498327,180.29691060384116,168.2269997490777,0.017319645832101545,-0.09780004108226414,GOOGL
2024-07-26,165.82115173339844,167.0,168.08999633789062,164.05999755859375,167.14999389648438,41336900,-0.001673881785233866,173.86681256975447,179.93978322347004,168.4420189751519,0.017248846069711568,-0.108339318438741,GOOGL
2024-07-29,168.3332977294922,169.52999877929688,170.42999267578125,167.99000549316406,168.8300018310547,20293800,0.015149731924023024,172.7093266078404,179.7534413655599,168.6921137491862,0.017345491505089756,-0.12194156015500879,GOOGL
2024-07-30,169.08792114257812,170.2899932861328,171.22999572753906,168.44000244140625,170.24000549316406,18959700,0.004482912313038545,171.66389683314733,179.5383041381836,168.93174913194446,0.01726942640228156,-0.11115978149224837,GOOGL
2024-07-31,170.3291015625,171.5399932861328,174.25,170.00999450683594,173.24000549316406,25729100,0.007340444021872505,170.22697012765067,179.34964548746746,169.19773796929255,0.017326446810517513,-0.09703119893703027,GOOGL
2024-08-01,169.5546112060547,170.75999450683594,174.0500030517578,168.8800048828125,170.25,24531400,-0.004547023082612345,168.6623818533761,179.20633138020833,169.42018805609808,0.017212536449475974,-0.07666345300380284,GOOGL
2024-08-02,165.4835662841797,166.66000366210938,168.50999450683594,164.6699981689453,166.44000244140625,29130100,-0.024010228285254787,167.8155473981585,178.88726654052735,169.60511813693577,0.017661650455624858,-0.05034369801526606,GOOGL
2024-08-05,158.12588500976562,159.25,164.42999267578125,154.92999267578125,155.5,53630700,-0.04446170359767898,166.67650495256697,178.21272888183594,169.7016845703125,0.018859202459719355,0.0017669699461677624,GOOGL
2024-08-06,157.17263793945312,158.2899932861328,160.57000732421875,156.41000366210938,159.3300018310547,49004600,-0.006028406229970695,165.44100298200334,177.51998748779297,169.78545532226562,0.018860990478940406,0.010942417556642603,GOOGL
2024-08-07,157.8180389404297,158.94000244140625,162.97999572753906,158.47000122070312,161.25,25138600,0.004106319073331255,163.93882315499442,176.68955739339194,169.875735812717,0.018018955497487645,0.021487198343421277,GOOGL
2024-08-08,160.88624572753906,162.02999877929688,163.69000244140625,160.2100067138672,160.50999450683594,25578800,0.019441420053809555,162.76715523856026,175.96636505126952,169.94985605875652,0.018542057959945964,0.010967540197163395,GOOGL
2024-08-09,162.51466369628906,163.6699981689453,163.7899932861328,159.05999755859375,160.00999450683594,28602300,0.010121548684203452,161.6508069719587,175.24681345621744,170.0523186577691,0.018586316572438394,-0.009807652385634857,GOOGL
2024-08-12,161.14437866210938,162.2899932861328,164.89999389648438,161.83999633789062,164.35000610351562,15895300,-0.0084317624207777,160.4493451799665,174.58948618570963,170.13558875189887,0.018429794859765532,0.0013270827718994127,GOOGL
2024-08-13,163.00120544433594,164.16000366210938,164.72999572753906,162.97000122070312,163.41000366210938,18551700,0.011522752438792638,160.094722202846,173.96624959309895,170.2878680759006,0.01857952382244558,-0.014959212996797477,GOOGL
2024-08-14,159.23794555664062,160.3699951171875,163.22000122070312,157.7100067138672,162.39999389648438,40591100,-0.02308731323450519,160.2535879952567,173.14310150146486,170.37662404378256,0.018668763014058374,0.016062468701543153,GOOGL
2024-08-15,160.16136169433594,161.3000030517578,161.63999938964844,159.61000061035156,160.5,31524300,0.005798970430492378,160.68054853166853,172.33153635660807,170.44974263509116,0.018713275309409406,0.017778014897581018,GOOGL
2024-08-16,161.80967712402344,162.9600067138672,165.05999755859375,161.1300048828125,161.47000122070312,24208600,0.010291592255773141,161.2507825578962,171.41670684814454,170.52189093695748,0.018053299584574852,0.019084981939973877,GOOGL
2024-08-19,165.4934844970703,166.6699981689453,166.69000244140625,164.25999450683594,165.27999877929688,22416200,0.022766298274134344,161.9089595249721,170.6766347249349,170.6400399102105,0.018738864041426037,0.003249466313214322,GOOGL
2024-08-20,165.9998779296875,167.17999267578125,168.63999938964844,166.82000732421875,166.89999389648438,18341500,0.0030598995129995643,162.40684727260046,169.9550974527995,170.7277796427409,0.018771611375682826,-0.006579116695627718,GOOGL
2024-08-21,164.6792755126953,165.85000610351562,166.85000610351562,164.6699981689453,165.14999389648438,22902000,-0.007955442097081322,162.91183253696985,169.1167246500651,170.81936001247828,0.01855165909373857,0.0013873624833575793,GOOGL
2024-08-22,162.6437530517578,163.8000030517578,167.58999633789062,163.30999755859375,167.25999450683594,22493300,-0.012360525965397384,162.8607679094587,168.39618021647135,170.9199506971571,0.018020748894043936,0.021255610623152066,GOOGL
2024-08-23,164.45086669921875,165.6199951171875,166.17999267578125,163.8300018310547,164.72000122070312,13955700,0.011110870313511878,163.60547092982702,167.75242258707684,171.04568990071616,0.018230069051566412,-0.014634163993493043,GOOGL
2024-08-26,164.987060546875,166.16000366210938,167.5500030517578,164.4600067138672,166.3800048828125,14190400,0.003260510925959137,164.29485648018974,167.07821451822917,171.1655953301324,0.018149490964223254,-0.009399688807272155,GOOGL
2024-08-27,163.51751708984375,164.67999267578125,166.44000244140625,164.4600067138672,165.83999633789062,11821900,-0.008907022478976345,164.53883361816406,166.4414082845052,171.26322174072266,0.018073497310917012,-0.015819756176674638,GOOGL
2024-08-28,161.70046997070312,162.85000610351562,165.60000610351562,161.52999877929688,165.0399932861328,16407400,-0.011112247491761096,163.9969744001116,165.84001770019532,171.3618169148763,0.01798444558602852,-0.0034076919549140827,GOOGL
2024-08-29,160.63800048828125,161.77999877929688,165.97000122070312,160.25,164.30999755859375,19699800,-0.0065706023155923665,163.23099190848214,165.313427734375,171.42447323269315,0.0177718965050213,0.010363548214156193,GOOGL
2024-08-30,162.2267303466797,163.3800048828125,163.66000366210938,161.69000244140625,162.6199951171875,22123800,0.009890124712516712,162.88062831333704,164.84078776041667,171.48296254475912,0.01792077469118874,0.011010383954913605,GOOGL
2024-09-03,156.2492218017578,157.36000061035156,161.85000610351562,156.47999572753906,161.72000122070312,38945300,-0.03684663145307743,161.96712384905135,164.0361755371094,171.46544731987848,0.01831833245031473,0.052869403939414195,GOOGL
2024-09-04,155.34561157226562,156.4499969482422,159.0,155.9600067138672,156.66000366210938,19353800,-0.005783134271469481,160.66637311662947,163.19747161865234,171.4723848130968,0.018292134264966772,0.05707370689528157,GOOGL
2024-09-05,156.1300506591797,157.24000549316406,159.4499969482422,155.97999572753906,156.3000030517578,18688700,0.005049637894335657,159.40108598981584,162.68809305826824,171.31226874457465,0.01621280239782578,0.037561647667218034,GOOGL
2024-09-06,149.85467529296875,150.9199981689453,157.8300018310547,150.5500030517578,157.3000030517578,37912100,-0.04019325773428217,157.44925144740515,162.1466094970703,171.14634263780383,0.016836119735115014,0.08426213710467367,GOOGL
2024-09-09,147.856201171875,148.7100067138672,153.39999389648438,147.22000122070312,152.50999450683594,39260500,-0.013336081221267837,155.47149876185827,161.5477778116862,170.99534878200956,0.016931981107117973,0.1032883297915026,GOOGL
2024-09-10,147.8064727783203,148.66000366210938,151.27000427246094,148.33999633789062,150.4499969482422,31118800,-0.00033632944144745824,153.638423374721,160.8635503133138,170.83190070258246,0.01657049915295364,0.11085706144903629,GOOGL
2024-09-11,150.29214477539062,151.16000366210938,151.5,147.52000427246094,149.9199981689453,29607700,0.016817071338941503,151.93348257882255,160.23702443440754,170.66565619574652,0.016941978555878368,0.07687207105789451,GOOGL
2024-09-12,153.80186462402344,154.69000244140625,154.82000732421875,152.64999389648438,153.8000030517578,29621500,0.023352649959703653,151.58386012486048,159.68611653645834,170.53157585991752,0.01754584943396681,0.051910306790207805,GOOGL
2024-09-13,156.55596923828125,157.4600067138672,158.3800048828125,155.2100067138672,155.42999267578125,29591200,0.01790683501133339,151.75676836286272,159.2528284708659,170.41861928304036,0.017962402422128432,0.04959974861725858,GOOGL
2024-09-16,157.1525115966797,158.05999755859375,158.25,156.60000610351562,157.30999755859375,18379800,0.003810409537885473,151.90283421107702,158.97512664794922,170.27757822672527,0.017526315449094144,0.05478939178166886,GOOGL
2024-09-17,158.40528869628906,159.32000732421875,160.5500030517578,158.3800048828125,159.02000427246094,20715600,0.007971728144088086,153.12435041155135,158.98444010416668,170.1710642496745,0.015611331926092945,0.06502627959313956,GOOGL
2024-09-18,158.89248657226562,159.80999755859375,160.5,158.60000610351562,159.86000061035156,23677300,0.0030756414762809214,154.70096261160714,159.0417683919271,170.0635718451606,0.015574976670040677,0.09167124580027353,GOOGL
2024-09-19,161.2091064453125,162.13999938964844,163.7899932861328,161.33999633789062,163.7100067138672,26587700,0.014579794948285763,156.6156245640346,159.15480397542316,169.99625600179036,0.01577513421982835,0.05532238523426414,GOOGL
2024-09-20,162.65077209472656,163.58999633789062,163.72999572753906,162.05999755859375,163.5,40896400,0.008942830099384791,158.38114275251115,159.2136215209961,169.93955891927084,0.01546135912756788,0.04706880194260865,GOOGL
2024-09-23,160.9207763671875,161.85000610351562,165.49000549316406,161.6699981689453,164.35000610351562,24150900,-0.010636258932306353,159.39813014439173,159.16049194335938,169.8504155476888,0.015479481660238633,0.045659515589832944,GOOGL
2024-09-24,161.3582305908203,162.2899932861328,163.22000122070312,160.69000244140625,163.02999877929688,23332100,0.0027184446502708237,160.08416748046875,159.16762034098306,169.74221920437282,0.015409006337574301,0.04590557168461196,GOOGL
2024-09-25,160.56283569335938,161.49000549316406,162.80999755859375,161.3000030517578,161.47000122070312,18869200,-0.004929372952024558,160.57135663713728,159.08634134928386,169.60678185356988,0.015282912822313501,0.09300892570176744,GOOGL
2024-09-26,161.7957000732422,162.72999572753906,164.0800018310547,162.27999877929688,163.63999938964844,20319300,0.007678391917774308,161.05570111955916,159.17159983317057,169.46432529025608,0.014729438721312837,0.11073563558553579,GOOGL
2024-09-27,163.0087127685547,163.9499969482422,165.6999969482422,162.6300048828125,162.80999755859375,21101300,0.007497187470145272,161.64373343331474,159.26651153564453,169.32586924235025,0.014753204380700933,0.08783154148872319,GOOGL
2024-09-30,164.89781188964844,165.85000610351562,166.14999389648438,163.25999450683594,163.32000732421875,20413900,0.01158894570117841,162.17069135393416,159.36944936116535,169.19815470377605,0.014784176898448728,0.08742828435912653,GOOGL
2024-10-01,166.03125,166.99000549316406,169.16000366210938,164.5800018310547,167.69000244140625,28338100,0.00687357883869355,162.65361676897322,159.3873748779297,169.09923350016277,0.014242400793704672,0.0876100447899022,GOOGL
2024-10-02,164.90774536132812,165.86000061035156,167.52000427246094,164.72999572753906,166.4199981689453,17760200,-0.00676682635751924,163.22318376813615,159.35097045898436,169.01901533338759,0.014287461153475987,0.07849977524646556,GOOGL
2024-10-03,164.90774536132812,165.86000061035156,166.63999938964844,163.9199981689453,164.41000366210938,15073100,0.0,163.73025730678015,159.35858612060548,168.92292819552952,0.014210644708091195,0.05860358195509474,GOOGL
2024-10-04,166.10084533691406,167.05999755859375,168.22999572753906,165.47999572753906,168.05999755859375,19047400,0.007234954143431782,164.52140154157365,159.47382253011068,168.8245598687066,0.014065628026679303,0.03250335190988807,GOOGL
2024-10-07,162.0442657470703,162.97999572753906,168.47999572753906,162.75,167.72000122070312,22463100,-0.024422389793474553,164.5569109235491,159.3936024983724,168.68662855360242,0.014651167904149501,0.075592107635851,GOOGL
2024-10-08,163.4362335205078,164.3800048828125,164.72999572753906,162.8699951171875,163.94000244140625,23072700,0.008590046472919832,164.61798531668526,159.34190826416017,168.6059292263455,0.014729017260665056,0.08358674206235728,GOOGL
2024-10-09,160.9307098388672,161.86000061035156,164.83999633789062,159.74000549316406,163.4499969482422,31181800,-0.015330282812264118,164.05125645228796,159.25568135579428,168.4930930243598,0.014905449516946933,0.08723574217851837,GOOGL
2024-10-10,161.14944458007812,162.0800018310547,163.07000732421875,160.39999389648438,160.8699951171875,14144100,0.001359185834884702,163.3538556780134,159.23731384277343,168.37530364990235,0.014770342972813407,0.03424239354081826,GOOGL
2024-10-11,162.3027801513672,163.24000549316406,163.89999389648438,161.24000549316406,162.1300048828125,15344300,0.0071569317182222925,162.9817177908761,159.29280649820964,168.26349656846787,0.014772634118223032,0.009311462463598819,GOOGL
2024-10-14,164.01290893554688,164.9600067138672,166.22999572753906,163.39999389648438,163.63999938964844,19016100,0.010536657367081315,162.85388401576452,159.35234578450522,168.15283864339193,0.014787344330160273,0.01630682637516001,GOOGL
2024-10-15,164.51002502441406,165.4600067138672,167.67999267578125,164.6300048828125,165.7899932861328,20247200,0.003030957088033581,162.62662397112166,159.6277058919271,168.0331578572591,0.013001539262777742,0.022120185739624487,GOOGL
2024-10-16,164.21176147460938,165.16000366210938,165.8000030517578,163.74000549316406,164.52999877929688,16406000,-0.001813041787334435,162.93626621791296,159.9232442220052,167.935178120931,0.012941746654103357,0.024642758978020485,GOOGL
2024-10-17,161.9945526123047,162.92999267578125,166.3699951171875,162.75999450683594,165.72999572753906,21453400,-0.013502131896000136,162.73031180245536,160.1187276204427,167.80428873697917,0.0132277859199216,0.03694842214576877,GOOGL
2024-10-18,162.48175048828125,163.4199981689453,164.7100067138672,163.0800018310547,163.19000244140625,19757700,0.0030074954257415243,162.95188903808594,160.5396301269531,167.66105007595485,0.010654376059069373,0.04938204823934189,GOOGL
2024-10-21,163.12802124023438,164.07000732421875,164.5,162.6199951171875,162.9499969482422,20946500,0.003977497472860803,163.2345428466797,161.04869079589844,167.5120839436849,0.010212446170861386,0.04431032860345363,GOOGL
2024-10-22,164.19186401367188,165.13999938964844,165.77000427246094,162.97999572753906,162.97999572753906,16568100,0.006521520737818642,163.50441196986608,161.5948705037435,167.4039540608724,0.010204244437764638,0.05589203379255081,GOOGL
2024-10-23,161.8454132080078,162.77999877929688,165.82000732421875,161.92999267578125,164.75999450683594,18280500,-0.01429090789461207,163.19476972307478,161.9799794514974,167.25176934136286,0.010389614556107128,0.06057255691472774,GOOGL
2024-10-24,161.7857666015625,162.72000122070312,163.3300018310547,161.00999450683594,162.8300018310547,22412500,-0.00036854060466118277,162.8055899483817,162.24610951741536,167.09395718044703,0.009624245621731205,0.0736848369750156,GOOGL
2024-10-25,164.32110595703125,165.27000427246094,165.58999633789062,163.4199981689453,163.6699981689453,19828900,0.01567096666613854,162.82121058872767,162.50494740804035,166.9880357530382,0.009502569039473973,0.062328465138841826,GOOGL
2024-10-28,165.76280212402344,166.72000122070312,168.75,163.9499969482422,168.75,32138600,0.008773651799600213,163.35953194754464,162.79195709228514,166.88478342692056,0.009584176062689064,0.1119374716882724,GOOGL
2024-10-29,168.70579528808594,169.67999267578125,170.3800048828125,167.08999633789062,167.72999572753906,42169000,0.01775424357185118,164.2486812046596,163.13530731201172,166.7774920993381,0.009959608654087243,0.15289930096886817,GOOGL
2024-10-30,173.45835876464844,174.4600067138672,182.02000427246094,174.05999755859375,180.67999267578125,68890800,0.028170718548505835,165.72444370814733,163.62083638509114,166.72753075493708,0.01103573173808392,0.10157060749045965,GOOGL
2024-10-31,170.12757873535156,171.11000061035156,176.82000732421875,171.0,173.1300048828125,44769000,-0.01920218808144114,166.57240295410156,163.91811879475912,166.58749338785807,0.011524707111874859,0.11061644932172188,GOOGL
2024-11-01,170.30654907226562,171.2899932861328,172.32000732421875,168.8800048828125,170.07000732421875,31796500,0.0010519772175943132,167.78113664899553,164.17331136067708,166.4510993109809,0.011447285416394653,0.1494272574389337,GOOGL
2024-11-04,168.26834106445312,169.24000549316406,170.72999572753906,168.00999450683594,169.92999267578125,21492700,-0.011967878034729207,168.70721871512276,164.41823018391926,166.27517852783203,0.011498824594412637,0.15601478975453853,GOOGL
2024-11-05,168.76547241210938,169.74000549316406,170.52999877929688,168.83999633789062,169.42999267578125,18242100,0.002954396201397369,169.34212820870536,164.6651382446289,166.1407482571072,0.011499729659209805,0.11120471990867453,GOOGL
2024-11-06,175.49661254882812,176.50999450683594,176.94000244140625,173.5,173.8000030517578,33695500,0.039884580895089394,170.73267255510603,165.16293080647787,166.07184058295357,0.013383831496620948,0.06920868218380694,GOOGL
2024-11-07,179.71224975585938,180.75,181.0800018310547,177.19000244140625,177.41000366210938,25352900,0.02402118847654866,172.30502319335938,165.76014912923176,166.0249501546224,0.013901109055261577,0.060190164024622295,GOOGL
2024-11-08,177.32601928710938,178.35000610351562,180.89999389648438,178.0800018310547,180.64999389648438,22006200,-0.013278062413617953,172.85754612513952,166.23739267985027,165.94514685736763,0.014214208102786816,0.09253196604354885,GOOGL
2024-11-11,179.31454467773438,180.35000610351562,180.5500030517578,178.47000122070312,178.5800018310547,17450400,0.011213951560066215,174.1699698311942,166.71795043945312,165.83470221625433,0.014206473032304002,0.08863182226560928,GOOGL
2024-11-12,180.57725524902344,181.6199951171875,182.49000549316406,179.38999938964844,179.82000732421875,25134900,0.0070418747880067745,175.63721357073103,167.20281728108725,165.75560896131728,0.01420813150892566,0.07820827084905924,GOOGL
2024-11-13,177.85296630859375,178.8800048828125,180.9600067138672,178.5399932861328,180.4600067138672,23184000,-0.01508655636986389,177.0064457484654,167.6343246459961,165.64679751926,0.014481886775063455,0.07882892698999266,GOOGL
2024-11-14,174.57192993164062,175.5800018310547,178.82000732421875,174.32000732421875,178.27999877929688,31007500,-0.018448027294974523,177.83593967982702,167.9564641316732,165.47725830078124,0.014980206520961346,0.09043850811826437,GOOGL
2024-11-15,171.4996795654297,172.49000549316406,174.13999938964844,171.22000122070312,173.72999572753906,32504600,-0.017598764975640613,177.26494925362724,168.1364252726237,165.3354760064019,0.015362676126591826,0.09871262735218234,GOOGL
2024-11-18,174.2935333251953,175.3000030517578,175.44000244140625,172.89999389648438,173.4199981689453,20135300,0.016290722914731326,176.49084690638952,168.54473419189452,165.23025309244792,0.014811363023094921,0.08184319703714626,GOOGL
2024-11-19,177.0973358154297,178.1199951171875,178.8699951171875,173.55999755859375,173.72000122070312,23434900,0.0160866696356603,176.4581778390067,169.00010426839194,165.14007568359375,0.014979287468175027,0.07798004713149842,GOOGL
2024-11-20,174.96961975097656,175.97999572753906,177.67999267578125,173.77999877929688,177.33999633789062,18997100,-0.012014387763973011,175.8374742780413,169.46806793212892,165.0550525241428,0.014852689562410577,0.11998883037120445,GOOGL
2024-11-21,166.66758728027344,167.6300048828125,174.1300048828125,163.6999969482422,173.89999389648438,59734400,-0.04744842266056759,173.85037885393416,169.65200602213542,164.90977918836805,0.017469619170184993,0.16753590930177054,GOOGL
2024-11-22,163.81405639648438,164.75999450683594,166.4600067138672,163.89999389648438,165.85000610351562,38604600,-0.017121090731279875,171.8448202950614,169.70238189697267,164.76953870985244,0.017747669021489165,0.1785157732347291,GOOGL
2024-11-25,166.68743896484375,167.64999389648438,168.6300048828125,165.61000061035156,166.08999633789062,33135300,0.01754051289350178,170.71846444266183,169.79153289794922,164.66155548095702,0.017929901597178607,0.14679457064738388,GOOGL
2024-11-26,168.14901733398438,169.1199951171875,169.82000732421875,167.5800018310547,167.6300048828125,20486700,0.008768377378747028,170.23979840959822,169.91283264160157,164.52557135687934,0.01798618637455139,0.13072915749757663,GOOGL
2024-11-27,168.25839233398438,169.22999572753906,169.47999572753906,168.02000427246094,169.0,19266500,0.0006504646993135133,169.3776354108538,170.04772033691407,164.3894787258572,0.01797905943267687,0.12200763545274662,GOOGL
2024-11-29,167.97999572753906,168.9499969482422,169.42999267578125,167.16000366210938,168.5,14257200,-0.0016545778346241935,168.07515825544084,170.2472351074219,164.35135192871093,0.017779253895154026,0.15876962089293256,GOOGL
2024-12-02,170.50543212890625,171.49000549316406,172.0800018310547,168.57000732421875,168.77000427246094,23789100,0.015034149694011179,167.43741716657365,170.5146911621094,164.40031026204426,0.017952350417040085,0.1261943984756373,GOOGL
2024-12-03,170.3562774658203,171.33999633789062,172.67999267578125,170.85000610351562,171.49000549316406,22248700,-0.0008747795376582435,167.96437290736608,170.75563303629556,164.45070054796008,0.017953581002402855,0.14523538916181322,GOOGL
2024-12-04,173.36888122558594,174.3699951171875,174.91000366210938,171.05999755859375,171.14999389648438,31615100,0.01768413706016836,169.32934788295202,171.06153361002603,164.50665147569444,0.018173369384883113,0.13710484942531198,GOOGL
2024-12-05,171.6488037109375,172.63999938964844,176.05999755859375,172.3300018310547,175.36000061035156,21356200,-0.009921489384304705,170.0381142752511,171.38831329345703,164.535105726454,0.01805564480877119,0.1503553682509724,GOOGL
2024-12-06,173.70692443847656,174.7100067138672,175.0800018310547,171.86000061035156,172.02999877929688,21462400,0.011990300445116953,170.83210100446428,171.78568522135416,164.57263709174262,0.01813770616616531,0.13449089371214495,GOOGL
2024-12-09,174.56298828125,175.3699951171875,176.25999450683594,173.64999389648438,173.9600067138672,25389600,0.004928207931495843,171.73275756835938,172.12708129882813,164.62828572591147,0.017974677979325185,0.14164329869512304,GOOGL
2024-12-10,184.31787109375,185.1699981689453,186.36000061035156,181.0500030517578,182.85000610351562,54813000,0.05588173591977741,174.06673976353235,172.745583597819,164.83755577935113,0.020457325863192974,0.035858982391260064,GOOGL
2024-12-11,194.50079345703125,195.39999389648438,195.61000061035156,184.85000610351562,185.30999755859375,67894100,0.05524652765819926,177.49464852469308,173.60541687011718,165.2417214287652,0.02239604415889362,-0.0005117361183242242,GOOGL
2024-12-12,191.07662963867188,191.9600067138672,195.17999267578125,191.7100067138672,195.0,34817500,-0.01760488354571077,180.45469883510046,174.19269256591798,165.6184324476454,0.02232179733283726,0.01797243626979439,GOOGL
2024-12-13,188.9464874267578,189.82000732421875,192.72999572753906,189.63999938964844,191.00999450683594,25143500,-0.011148104380646617,182.68007114955358,174.8199895222982,165.96430409749348,0.02208693060231413,0.058213019239514274,GOOGL
2024-12-16,195.75498962402344,196.66000366210938,199.0,192.6199951171875,192.8699951171875,44934900,0.036034023653945146,186.12381199428015,175.66827087402345,166.3517345852322,0.02285053115175523,0.03742505553239184,GOOGL
2024-12-17,194.52069091796875,195.4199981689453,201.4199981689453,194.97999572753906,197.25,43504000,-0.0063053243670843084,189.09720720563615,176.54334920247396,166.70735710991752,0.02272943526773938,0.029730843196496215,GOOGL
2024-12-18,187.53298950195312,188.39999389648438,197.0,187.74000549316406,195.22000122070312,34166100,-0.03592266397492083,190.95006452287947,177.16893310546874,167.00056389702692,0.023931950412558054,0.09543535715802598,GOOGL
2024-12-19,187.6425018310547,188.50999450683594,193.02999877929688,188.3800048828125,191.6300048828125,32265200,0.0005839630104143012,191.42501177106584,177.57379608154298,167.27435607910155,0.02294358201750368,0.014959415203565474,GOOGL
2024-12-20,190.52915954589844,191.41000366210938,192.88999938964844,185.22000122070312,185.77999877929688,63462900,0.015383815962136227,190.85763549804688,177.93435974121093,167.62203623453777,0.022717096158421546,0.0009925904889904746,GOOGL
2024-12-23,193.73434448242188,194.6300048828125,195.10000610351562,190.14999389648438,192.6199951171875,25675000,0.01682254277593298,191.237309047154,178.481303914388,167.9950693766276,0.022674693417519952,-0.04773161641872836,GOOGL
2024-12-24,195.20751953125,196.11000061035156,196.11000061035156,193.77999877929688,194.83999633789062,10403300,0.007604098554460537,192.1317422049386,179.01106974283854,168.36615651448568,0.0226402572036252,-0.049156030741523526,GOOGL
2024-12-26,194.69989013671875,195.60000610351562,196.75,194.3800048828125,195.14999389648438,12046600,-0.0026004602473829186,191.98101370675224,179.48182423909506,168.69067213270398,0.02265052559503159,-0.05255625221985338,GOOGL
2024-12-27,191.8729248046875,192.75999450683594,195.32000732421875,190.64999389648438,194.9499969482422,18891400,-0.014519604145878828,191.6027614048549,179.94915618896485,168.9781504313151,0.02263535390194084,-0.04746829000466335,GOOGL
2024-12-30,190.35995483398438,191.24000549316406,192.5500030517578,189.1199951171875,189.8000030517578,14264700,-0.007885270797029942,192.0066135951451,180.47542368570964,169.26349131266275,0.022374442616541455,-0.026668178972588552,GOOGL
2024-12-31,188.42886352539062,189.3000030517578,191.9600067138672,188.50999450683594,191.0800018310547,17466900,-0.010144419871699784,192.11895098005022,181.03972981770832,169.54999254014757,0.022176817572692825,-0.021500259861749305,GOOGL
2025-01-02,188.5582733154297,189.42999267578125,192.0,187.5,190.64999389648438,20370800,0.0006867832646118011,191.83739580426897,181.51522115071614,169.81785261366102,0.022046142673713107,-0.029879128664669796,GOOGL
2025-01-03,190.9073944091797,191.7899932861328,193.2100067138672,189.97999572753906,191.3699951171875,18596200,0.01245832947260972,191.4335457938058,181.97555643717448,170.1058563232422,0.021980927965893255,-0.03399540911273302,GOOGL
2025-01-06,195.96401977539062,196.8699951171875,198.22000122070312,193.85000610351562,193.97999572753906,29563600,0.02648732062925152,191.54161725725447,182.6753697713216,170.46637301974826,0.022212669943024742,-0.06252852788409413,GOOGL
2025-01-07,194.59039306640625,195.49000549316406,201.0,194.60000610351562,197.11000061035156,26487200,-0.007009586303438731,191.5259748186384,183.60612996419272,170.83181660970052,0.020108952830863617,-0.08097610258427335,GOOGL
2025-01-08,193.0574493408203,193.9499969482422,196.2899932861328,192.3800048828125,192.57000732421875,24864800,-0.007877797569702194,191.69519260951452,184.5809097290039,171.19203270806207,0.019821229632074687,-0.07579259059264964,GOOGL
2025-01-10,191.15625,192.0399932861328,196.52000427246094,190.30999755859375,194.3000030517578,26665200,-0.009847842428830411,191.80894906180245,185.39653676350912,171.51347181532117,0.01988660826752369,-0.08654447901340523,GOOGL
2025-01-13,190.13099670410156,191.00999450683594,191.17999267578125,187.36000061035156,190.07000732421875,21823700,-0.0053634306798675535,192.05211094447546,186.1292694091797,171.88993598090278,0.019955743150594778,-0.09570195238123902,GOOGL
2025-01-14,188.78720092773438,189.66000366210938,191.97999572753906,188.30999755859375,191.24000549316406,17174900,-0.007067736453612139,192.0848148890904,186.81356302897134,172.26150919596355,0.020053836687106967,-0.1115680616419279,GOOGL
2025-01-15,194.65011596679688,195.5500030517578,196.36000061035156,191.86000061035156,193.08999633789062,21776000,0.031055680736040703,192.61948939732142,187.70256703694662,172.68950992160373,0.02061515524950622,-0.1292253650858105,GOOGL
2025-01-16,192.0222625732422,192.91000366210938,195.47999572753906,192.80999755859375,194.13999938964844,17815400,-0.013500394697956164,192.05638122558594,188.41979471842447,173.15803866916232,0.0207997018137027,-0.1342595509938479,GOOGL
2025-01-17,195.09803771972656,196.0,197.22999572753906,193.75,196.52999877929688,27735100,0.016017804942336733,192.128901890346,189.24452006022136,173.68294796413846,0.020886752032022445,-0.12795917704948678,GOOGL
2025-01-21,197.1385955810547,198.0500030517578,202.2899932861328,197.8699951171875,199.07000732421875,29971300,0.010459140876955209,192.71192278180803,190.0368438720703,174.2310826619466,0.020773680205295648,-0.12638204908405204,GOOGL
2025-01-22,197.45712280273438,198.3699951171875,200.47999572753906,197.52999877929688,199.05999755859375,26200600,0.001615752718237884,193.61204746791296,190.8971211751302,174.75513797336154,0.020603641325995698,-0.13116892249556622,GOOGL
2025-01-23,197.0689239501953,197.97999572753906,200.3000030517578,195.1999969482422,198.13999938964844,26951400,-0.001965990626364378,194.60317993164062,191.6758544921875,175.2358830769857,0.020595165227781823,-0.12183056294762984,GOOGL
2025-01-24,199.28866577148438,200.2100067138672,200.89999389648438,198.0,198.10000610351562,23877500,0.011263784146150035,196.1033891950335,192.500043741862,175.7106908162435,0.02063303888420398,-0.17056582930224706,GOOGL
2025-01-27,190.9273223876953,191.80999755859375,196.8800048828125,190.72999572753906,192.41000366210938,41728900,-0.0419559404014308,195.5715615408761,192.7203587849935,176.08596649169922,0.019974100892819223,-0.14379386623721202,GOOGL
2025-01-28,194.40126037597656,195.3000030517578,195.47999572753906,190.67999267578125,192.75,24157900,0.018195080436036903,195.91141836983817,192.717041015625,176.48592173258464,0.017522766023076678,-0.14335657117766865,GOOGL
2025-01-29,194.5107421875,195.41000366210938,196.7899932861328,193.42999267578125,195.55999755859375,18218300,0.0005631743915224252,195.8275190080915,192.83151143391927,176.88168012830945,0.017199611591905927,-0.16612538219390593,GOOGL
2025-01-30,199.9456329345703,200.8699951171875,201.39999389648438,197.6699981689453,198.0,24354700,0.02794133982498148,196.22852434430803,193.19814961751302,177.3120859781901,0.017740313113394916,-0.1751850268745998,GOOGL
2025-01-31,203.0811309814453,204.02000427246094,205.47999572753906,201.8000030517578,202.0,32001100,0.01568175308885622,197.0319540841239,193.44235432942708,177.76131218804252,0.016757445659737195,-0.19380838334601258,GOOGL
2025-02-03,200.303955078125,201.22999572753906,203.75,200.10000610351562,200.69000244140625,27838300,-0.01367520404233935,197.49410138811385,193.6351298014323,178.1989030626085,0.016926885071416684,-0.200640810779516,GOOGL
2025-02-04,205.43026733398438,206.3800048828125,207.0500030517578,202.80999755859375,203.38999938964844,43856400,0.025592666175063616,198.37147303989954,194.23170572916666,178.68859235975478,0.01598507267920741,-0.20496776442950115,GOOGL
2025-02-05,190.44952392578125,191.3300018310547,192.75,188.02999877929688,191.07000732421875,70373900,-0.07292374002438373,198.30321611676897,194.3252731323242,179.02066667344835,0.02118320546687684,-0.14813416871639973,GOOGL
2025-02-06,190.71827697753906,191.60000610351562,192.10000610351562,188.72000122070312,189.5,29297400,0.0014111510820187245,197.7770756312779,194.33157704671223,179.34202863905165,0.021002429283135577,-0.14311652541304987,GOOGL
2025-02-07,184.48709106445312,185.33999633789062,191.17999267578125,183.24000549316406,191.0500030517578,49315000,-0.03267220117461411,196.34512547084265,194.0233352661133,179.58067728678387,0.021591494319431165,-0.09424239401595258,GOOGL
2025-02-10,185.6118927001953,186.47000122070312,188.1999969482422,185.86000061035156,187.35000610351562,23105600,0.006096912414046418,194.29744829450334,193.70348103841147,179.8108337402344,0.02157156717546754,-0.08426849769172162,GOOGL
2025-02-11,184.46719360351562,185.32000732421875,186.94000244140625,184.27999877929688,185.02999877929688,21239500,-0.0061671646144390024,191.63831438337053,193.36239115397134,180.0156775580512,0.021587952334787552,-0.10829868406968779,GOOGL
2025-02-12,182.76504516601562,183.61000061035156,185.11000061035156,181.8300018310547,183.22000122070312,22072600,-0.009227377531196734,189.13275582449776,193.0587951660156,180.2140920003255,0.02149991397277213,-0.11537032599775077,GOOGL
2025-02-13,185.2834014892578,186.13999938964844,186.27999877929688,183.13999938964844,184.32000732421875,21402500,0.013779201164832333,186.25463213239397,192.88957672119142,180.44048817952475,0.021637688068301304,-0.1699380197192839,GOOGL
2025-02-14,184.37759399414062,185.22999572753906,186.39999389648438,184.32000732421875,185.05999755859375,20448400,-0.004888767627518442,185.38721357073103,192.75453440348306,180.64356316460504,0.02157952970992541,-0.16418457764679883,GOOGL
2025-02-18,182.92431640625,183.77000427246094,185.9600067138672,181.74000549316406,185.60000610351562,29916700,-0.007882072633710657,184.27379063197546,192.56673583984374,180.8755637274848,0.02162002499989459,-0.14430584992085504,GOOGL
2025-02-19,184.41741943359375,185.27000427246094,185.4600067138672,183.58999633789062,184.07000732421875,19549400,0.008162408676317012,184.26383754185267,192.35040334065755,181.10868801540798,0.021543408726698434,-0.15139608041714447,GOOGL
2025-02-20,183.71067810058594,184.55999755859375,185.30999755859375,182.72000122070312,184.8000030517578,20441500,-0.0038322916304677213,183.9922354561942,191.94195861816405,181.36179877387153,0.02091518718151508,-0.18241449116972797,GOOGL
2025-02-21,178.83322143554688,179.66000366210938,185.33999633789062,179.0800018310547,185.14999389648438,35199200,-0.02654966339174114,183.1873822893415,191.41671956380208,181.55828518337674,0.02137783781995183,-0.18864687363001442,GOOGL
2025-02-24,178.4251251220703,179.25,183.1199951171875,178.88999938964844,181.99000549316406,29854200,-0.002281993861099507,182.56739371163505,190.9289754231771,181.7374223497179,0.02135446757266776,-0.18036821012156656,GOOGL
2025-02-25,174.61273193359375,175.4199981689453,178.74000549316406,174.69000244140625,178.0399932861328,41913400,-0.02136690774838068,181.04301234654017,190.37752482096354,181.8551981608073,0.021595227509373545,-0.17417258127378,GOOGL
2025-02-26,171.93508911132812,172.72999572753906,176.0800018310547,171.5800018310547,175.07000732421875,35431300,-0.015334751324341811,179.26551164899553,189.7709945678711,181.9376988728841,0.0217127315171041,-0.08010871199326797,GOOGL
2025-02-27,167.72457885742188,168.5,174.55999755859375,167.94000244140625,173.99000549316406,39991000,-0.024488952637119588,177.0941205705915,189.06890716552735,181.9767301771376,0.02205239553532114,-0.09201184352471681,GOOGL
2025-02-28,169.4963836669922,170.27999877929688,170.61000061035156,166.77000427246094,168.67999267578125,48130600,0.01056377557565047,174.96254403250558,188.2304494222005,182.060083855523,0.021241309994596422,-0.0761041814925395,GOOGL
2025-03-03,166.24143981933594,167.00999450683594,173.3699951171875,165.92999267578125,171.92999267578125,40770500,-0.019203618255662636,172.46693856375558,187.37108866373697,182.1018581814236,0.02135099908855378,-0.04644509733497604,GOOGL
2025-03-04,170.13345336914062,170.9199981689453,173.2899932861328,165.8000030517578,166.24000549316406,45388000,0.023411813288157113,171.22411455426897,186.53893585205077,182.17969631618922,0.021637593421518102,-0.08442531955092558,GOOGL
2025-03-05,172.22381591796875,173.02000427246094,173.77999877929688,169.05999755859375,170.52000427246094,30954900,0.012286605058751343,170.33821323939733,185.70844319661458,182.268940226237,0.021683167327286573,-0.11278132270622654,GOOGL
2025-03-06,171.556884765625,172.35000610351562,174.80999755859375,170.5,170.52999877929688,28302000,-0.0038724676305013084,169.90166364397322,184.84510192871093,182.37684546576605,0.02165500305915956,-0.12193751360828353,GOOGL
2025-03-07,173.05990600585938,173.86000061035156,174.97000122070312,170.27000427246094,171.25999450683594,27385800,0.008761066291730346,170.0623517717634,184.0448013305664,182.50211368136937,0.021785511680611762,-0.14966018183943897,GOOGL
2025-03-10,165.2968292236328,165.8699951171875,168.4600067138672,163.69000244140625,168.25999450683594,43604000,-0.04485774297117506,169.7155303955078,182.9117401123047,182.51295505099827,0.02280748328685784,-0.08681485176674408,GOOGL
2025-03-11,163.47314453125,164.0399932861328,166.75,161.3699951171875,164.91000366210938,39587400,-0.011032786901892244,168.85506766183036,181.99660085042316,182.48751441107856,0.021801037623732644,-0.052974711239482275,GOOGL
2025-03-12,166.53256225585938,167.11000061035156,167.63999938964844,163.52999877929688,166.5800018310547,28372400,0.018715109037524602,168.8966565813337,181.06764424641926,182.46336737738716,0.02182025453455119,-0.04685538907435105,GOOGL
2025-03-13,162.19757080078125,162.75999450683594,166.1300048828125,162.11000061035156,166.0399932861328,31756200,-0.026030893876585415,167.76295907156808,179.99053853352865,182.33824751112195,0.02212827795634549,-0.004915153465076427,GOOGL
2025-03-14,164.91815185546875,165.49000549316406,166.49000549316406,162.4499969482422,163.27000427246094,31995900,0.016773254009019967,166.71929277692522,178.8229558308919,182.28036499023438,0.021629451419987678,-0.029488227136818757,GOOGL
2025-03-17,163.72230529785156,164.2899932861328,166.3000030517578,163.6699981689453,165.02999877929688,31184300,-0.007251151823876922,165.60006713867188,177.51099497477213,182.20720672607422,0.021232191809420226,-0.02513843577246533,GOOGL
2025-03-18,160.11480712890625,160.6699981689453,164.25,156.72000122070312,163.67999267578125,42074800,-0.022034249776671455,163.75076729910714,176.17135670979818,182.11661190456815,0.021378071876619244,-0.011638777717252302,GOOGL
2025-03-19,163.3236846923828,163.88999938964844,165.8699951171875,161.0,161.75999450683594,34275600,0.02004110438638662,163.46888950892858,174.76780395507814,182.05614759657118,0.02110662636519961,-0.015803309191568693,GOOGL
2025-03-20,162.23744201660156,162.8000030517578,164.88999938964844,160.9600067138672,161.57000732421875,28138500,-0.006650858250150105,163.29236057826452,173.82740122477213,181.90882347954644,0.01709964752055226,0.00755540168614921,GOOGL
2025-03-21,163.42333984375,163.99000549316406,164.24000549316406,160.88999938964844,161.2100067138672,36625800,0.007309643275977384,162.84818594796317,172.91756998697917,181.72783559163412,0.017211680559956713,0.0013415359241808478,GOOGL
2025-03-24,167.1005859375,167.67999267578125,168.32000732421875,165.13999938964844,167.07000732421875,30879100,0.022501351993331253,163.54861668178015,172.33801981608073,181.61421966552734,0.017099211504386955,-0.02653860286597587,GOOGL
2025-03-25,169.9706573486328,170.55999755859375,170.6300048828125,168.32000732421875,168.97999572753906,24174400,0.01717571123422812,164.27040318080358,171.81664530436197,181.510398695204,0.01742242295100127,-0.11245316875175115,GOOGL
2025-03-26,164.48963928222656,165.05999755859375,169.61000061035156,164.83999633789062,169.0,28901600,-0.032246848673203266,164.38002232142858,171.15072682698568,181.33164740668403,0.01822910528083097,-0.06530959713981266,GOOGL
2025-03-27,161.67938232421875,162.24000549316406,165.4199981689453,162.0,164.6300048828125,24508300,-0.017084704971515263,164.60353306361608,170.44787139892577,181.15194091796874,0.018367894511862198,-0.05849353801782209,GOOGL
2025-03-28,153.7967071533203,154.3300018310547,161.82000732421875,153.6300048828125,160.49000549316406,48669300,-0.04875498073768714,163.24253627232142,169.3983149210612,180.92110510932073,0.01978449700274391,0.026760996707979823,GOOGL
2025-03-31,154.1056365966797,154.63999938964844,155.5399932861328,150.66000366210938,153.11000061035156,54603500,0.002008686980868868,162.08084978376115,168.38924967447917,180.72783796522353,0.019837839073720793,0.03162196579284826,GOOGL
2025-04-01,156.5272674560547,157.07000732421875,158.10000610351562,153.6199951171875,153.6199951171875,30672900,0.015714096595394578,161.09569658551897,167.50934804280598,180.53043501112197,0.02021532182467817,0.05284246090263078,GOOGL
2025-04-02,156.49734497070312,157.0399932861328,158.41000366210938,154.6999969482422,155.14999389648438,25041700,-0.0001911646822810864,159.58094787597656,166.57867889404298,180.30154622395833,0.020085141055121502,0.044065302875038626,GOOGL
2025-04-03,150.19918823242188,150.72000122070312,152.77999877929688,150.38999938964844,151.11000061035156,46883400,-0.040244495773779976,156.75645228794642,165.46162923177084,180.0263192070855,0.02107183627208625,0.1026405974975857,GOOGL
2025-04-04,145.09689331054688,145.60000610351562,151.07000732421875,145.3800048828125,148.00999450683594,62259500,-0.033970189732181355,153.9860600062779,164.3370849609375,179.7866448296441,0.02135724129723704,0.1438184806716114,GOOGL
2025-04-07,146.24290466308594,146.75,152.85000610351562,140.52999877929688,141.5500030517578,76794100,0.007898248724638623,151.78084891183036,163.26434427897135,179.5914098103841,0.021510533457131883,0.11741052307579936,GOOGL
2025-04-08,144.19998168945312,144.6999969482422,152.24000549316406,143.02999877929688,151.22000122070312,52200200,-0.013969381819509796,150.4098881312779,162.2505859375,179.3415491739909,0.021374802603075248,0.16489303502855468,GOOGL
2025-04-09,158.16159057617188,158.7100067138672,159.5500030517578,143.91000366210938,144.4199981689453,70406200,0.09682115575289219,150.98931012834822,161.79146931966145,179.23057776557076,0.028372938379107263,0.07661753018105255,GOOGL
2025-04-10,152.29193115234375,152.82000732421875,157.72000122070312,149.92999267578125,156.5399932861328,48022000,-0.03711178802922599,150.38426208496094,161.27704772949218,179.0531726413303,0.028802204343511474,0.10240813081052003,GOOGL
2025-04-11,156.5970001220703,157.13999938964844,157.6699981689453,152.82000732421875,152.89999389648438,33636200,0.028268529640089968,150.39849853515625,160.8470682779948,178.92669491238064,0.029263533383629987,0.10029279702177041,GOOGL
2025-04-14,158.5203399658203,159.07000732421875,161.72000122070312,157.55999755859375,160.0,30333000,0.01228209890515597,151.5872344970703,160.5896982828776,178.79352722167968,0.029198230666261777,0.0835481402115299,GOOGL
2025-04-15,155.76988220214844,156.30999755859375,159.64999389648438,155.2100067138672,159.1300048828125,27551500,-0.017350819234080106,153.11194719587053,160.1109125773112,178.63145616319446,0.028961979396191412,0.09948175717671526,GOOGL
2025-04-16,152.80018615722656,153.3300018310547,155.88999938964844,151.50999450683594,153.10000610351562,28187400,-0.019064635621075854,154.0487016950335,159.4634582519531,178.40291510687933,0.028974291078987833,0.12006764987872365,GOOGL
2025-04-17,150.63766479492188,151.16000366210938,154.67999267578125,148.5,154.2899932861328,33046600,-0.014152609474438194,154.96837071010046,158.76615091959636,178.1694580078125,0.029038568249090457,0.11821915907210045,GOOGL
2025-04-21,147.15972900390625,147.6699981689453,148.9499969482422,146.10000610351562,148.8800048828125,26049100,-0.023088088863767786,153.39667619977678,157.9028116861979,177.87448916965062,0.029140820053091484,0.12534699396324855,GOOGL
2025-04-22,150.9466094970703,151.47000122070312,152.19000244140625,148.5399932861328,148.88999938964844,26971800,0.025733130380143132,153.20448739188058,157.42447102864583,177.6120849609375,0.028656246586802204,0.10946059095448368,GOOGL
2025-04-23,154.81320190429688,155.35000610351562,157.52999877929688,153.80999755859375,155.61000061035156,31128800,0.025615629394455608,152.9496590750558,157.13580627441405,177.28425530327692,0.029064070704949485,0.08278084077431558,GOOGL
2025-04-24,158.7296142578125,159.27999877929688,159.58999633789062,155.7899932861328,156.14999389648438,45894000,0.025297663928795178,152.97955540248327,156.8757080078125,176.88679775661893,0.029245534937808175,0.0904067905188981,GOOGL
2025-04-25,161.4003448486328,161.9600067138672,166.10000610351562,161.0399932861328,165.07000732421875,56034000,0.016825660437140844,153.7839072091239,156.84913380940756,176.55706125895182,0.0290363451741211,0.08856006405274264,GOOGL
2025-04-28,160.0550079345703,160.61000061035156,163.14999389648438,158.60000610351562,162.42999267578125,29745800,-0.008335402971562433,154.82031032017298,156.68702901204426,176.23604482014974,0.02890482463194507,0.11335681425901378,GOOGL
2025-04-29,159.60658264160156,160.16000366210938,160.74000549316406,157.52000427246094,160.32000732421875,26809000,-0.002801694859507653,156.1015842982701,156.54983825683593,175.8343958536784,0.028880926774337373,0.10867069784187855,GOOGL
2025-04-30,158.2512664794922,158.8000030517578,159.27000427246094,155.39999389648438,157.97999572753906,34981100,-0.00849160566987861,157.68608965192522,156.4877202351888,175.43140224880642,0.02863676055772482,0.10776263588770973,GOOGL
2025-05-01,160.7426300048828,161.3000030517578,161.9499969482422,158.91000366210938,160.4499969482422,30203200,0.015743087438187864,159.0855211530413,156.4016850789388,175.13373158772785,0.028543636303690112,0.08420000742327849,GOOGL
2025-05-02,163.4632110595703,164.02999877929688,164.97000122070312,161.8699951171875,163.41000366210938,25715000,0.01692507491388473,160.32123674665178,156.44254404703776,174.86507280137803,0.028682515477382146,0.07897327710736524,GOOGL
2025-05-05,163.642578125,164.2100067138672,165.38999938964844,162.72000122070312,163.0,21341800,0.0010972931723720603,161.02308872767858,156.4498519897461,174.5663330078125,0.02865513017420118,0.07279094184519908,GOOGL
2025-05-06,162.6659698486328,163.22999572753906,164.8000030517578,161.19000244140625,162.1699981689453,21277200,-0.005967935042071937,161.20389229910714,156.30203145345052,174.22112884521485,0.028369138891377436,0.06310008454593552,GOOGL
2025-05-07,150.85691833496094,151.3800048828125,165.0,147.83999633789062,164.0800018310547,127490100,-0.0725969391425918,159.88987949916296,155.66490681966147,173.7283443874783,0.031047137766174626,0.10213857015368033,GOOGL
2025-05-08,153.74688720703125,154.27999877929688,155.92999267578125,152.89999389648438,155.0,57498700,0.019157019140835452,159.0527801513672,155.30681508382162,173.2733110215929,0.03082394944043497,0.07201182696708885,GOOGL
2025-05-09,152.22218322753906,152.75,155.0500030517578,152.1999969482422,154.1699981689453,32435300,-0.00991697462751917,158.1914825439453,154.9915751139323,172.83274722629125,0.030728965131216555,0.09310574654273895,GOOGL
2025-05-12,157.91246032714844,158.4600067138672,159.10000610351562,156.25,157.49000549316406,44138800,0.037381391982163725,157.78717258998327,155.12876688639324,172.4722195095486,0.030185937367669693,0.07842118491043193,GOOGL
2025-05-13,158.978759765625,159.52999877929688,160.57000732421875,156.16000366210938,158.7899932861328,42382100,0.006752471820573813,157.14653669084822,155.29120432535808,172.1449961344401,0.030202105338942402,0.08913724686222024,GOOGL
2025-05-14,164.79855346679688,165.3699951171875,167.0,159.61000061035156,159.9600067138672,48755900,0.03660736635354134,157.31167602539062,155.5669138590495,171.88099924723306,0.030777183601097664,0.08088618047120821,GOOGL
2025-05-15,163.39344787597656,163.9600067138672,166.2100067138672,162.3699951171875,165.83999633789062,33146700,-0.008526200996681776,157.4156014578683,155.79678395589193,171.57528873019749,0.030836813359297954,0.07613647283523117,GOOGL
2025-05-16,165.61572265625,166.19000244140625,169.35000610351562,165.6199951171875,167.72999572753906,42846900,0.013600758225998488,159.5240020751953,156.3106684366862,171.2380854288737,0.029850850440850157,0.05934700056901776,GOOGL
2025-05-19,165.96450805664062,166.5399932861328,166.63999938964844,164.22000122070312,164.50999450683594,30426100,0.0021059920809243238,161.26937648228235,157.00625559488932,170.9200200398763,0.028995868723170698,0.07395383688911572,GOOGL
2025-05-20,163.41336059570312,163.97999572753906,168.5,162.89999389648438,166.42999267578125,46607700,-0.015371644761944192,162.8681161063058,157.57860412597657,170.59064127604168,0.02922301082995629,0.09615407240964013,GOOGL
2025-05-21,167.97755432128906,168.55999755859375,173.13999938964844,163.55999755859375,163.69000244140625,73416000,0.027930358380414688,164.30598667689733,158.3711898803711,170.33310021294488,0.0293299313729403,0.050094939609360845,GOOGL
2025-05-22,170.279541015625,170.8699951171875,176.77000427246094,170.7100067138672,171.85000610351562,74864400,0.013704132695806281,165.9203839983259,158.7751215616862,170.1125284830729,0.023814379443485596,0.021660316288272474,GOOGL
2025-05-23,167.8878631591797,168.47000122070312,169.9600067138672,167.88999938964844,169.05999755859375,35211400,-0.014045597270113896,166.36171395438058,159.29498596191405,169.88031361897785,0.02283553851458488,0.049645636947807104,GOOGL
2025-05-27,172.30255126953125,172.89999389648438,173.1699981689453,170.0,170.16000366210938,37995700,0.02629545714192494,167.63444301060267,159.8185043334961,169.6320073445638,0.02276450470663929,0.02854263453305972,GOOGL
2025-05-28,171.76441955566406,172.36000061035156,175.27000427246094,171.91000366210938,173.16000366210938,34784000,-0.0031231790237707946,168.51282828194755,160.25997365315754,169.40692019992406,0.022732012786838625,0.04669383791222925,GOOGL
2025-05-29,171.26614379882812,171.86000061035156,174.4199981689453,170.6300048828125,174.0,29317300,-0.002900925337883886,169.27020481654577,160.7765157063802,169.14212137858073,0.022438635178447117,0.05772018384016242,GOOGL
2025-05-30,171.14654541015625,171.74000549316406,172.2100067138672,167.44000244140625,171.35000610351562,52639900,-0.00069831892059391,170.37494550432478,161.3880610148112,168.8533208211263,0.022051424269562213,0.06102444130218099,GOOGL
2025-06-02,168.4459228515625,169.02999877929688,169.8699951171875,167.38999938964844,167.83999633789062,38612300,-0.015779591414607053,170.44185529436385,161.9816696166992,168.53097415500218,0.02209961987417449,0.08378106817188669,GOOGL
2025-06-03,165.6057586669922,166.17999267578125,168.47999572753906,165.27999877929688,167.49000549316406,45084900,-0.016860985035969778,169.77417210170202,162.5965372721354,168.18138342963326,0.021864700079585155,0.10604314567426076,GOOGL
