Date,Adj Close,Close,High,Low,Open,Volume,daily_return,ma_7,ma_30,ma_90,volatility_30,target_30d_return,ticker
,META,META,META,META,META,META,,,,,,,
2022-05-11,187.2703857421875,188.74000549316406,200.6699981689453,188.27000427246094,196.3300018310547,31153400,-0.04507975673208564,202.70782252720423,206.91391092936198,234.8387700398763,0.04688321051368641,-0.098442167784898,META
2022-05-12,189.75094604492188,191.24000549316406,198.0500030517578,184.77999877929688,187.05999755859375,38262200,0.013245875971811927,199.76095145089286,205.7030797322591,233.21484697129992,0.04700304434797902,-0.11373141030393752,META
2022-05-13,197.07347106933594,198.6199951171875,199.88999938964844,191.27999877929688,192.5800018310547,24549800,0.038590189809543984,196.2470942905971,204.91790771484375,231.69444546169706,0.04750640691384527,-0.191017983405401,META
2022-05-16,198.482421875,200.0399932861328,205.3699951171875,195.92999267578125,197.0500030517578,27112600,0.007149368192578054,195.07912118094308,204.09734751383465,230.32596266004774,0.047471267648251214,-0.18046396054534897,META
2022-05-17,201.0423126220703,202.6199951171875,205.4600067138672,198.36000061035156,202.1199951171875,24872700,0.012897317167373634,194.9161137172154,203.0631301879883,228.8945287068685,0.046875374276765316,-0.20417526184377388,META
2022-05-18,190.7431640625,192.24000549316406,201.0,191.6300048828125,200.0,23960000,-0.05122876087747352,194.3533891950335,201.75340881347657,227.35604637993706,0.047666262456677454,-0.16755094818273508,META
2022-05-19,189.800537109375,191.2899932861328,195.2899932861328,189.60000610351562,191.1999969482422,24446900,-0.004941864930038231,193.45189121791296,200.69471638997396,225.84810197618273,0.047289894551594894,-0.12075914592184689,META
2022-05-20,192.0330352783203,193.5399932861328,197.91000366210938,187.8699951171875,194.97000122070312,31465600,0.011762338520985294,194.13226972307478,199.72201741536458,224.29550815158422,0.04737714282491699,-0.12281696806463716,META
2022-05-23,194.7020721435547,196.22999572753906,196.99000549316406,191.24000549316406,195.19000244140625,25059200,0.01389884225579241,194.8395734514509,198.8587910970052,222.78480818006727,0.04748562380206754,-0.12250921728417608,META
2022-05-24,179.8684844970703,181.27999877929688,183.67999267578125,176.11000061035156,180.5500030517578,50406300,-0.07618608001021943,192.3817182268415,197.69525502522785,221.1840369330512,0.04916780530568,-0.05736969582522222,META
2022-05-25,182.3986358642578,183.8300018310547,185.4499969482422,179.32000732421875,180.39999389648438,28030200,0.01406667418287344,190.0840345110212,196.69278920491536,219.55162573920356,0.04927250392870794,-0.11396392925791787,META
2022-05-26,190.13790893554688,191.6300048828125,192.8300018310547,182.25999450683594,182.8800048828125,23056500,0.0424305425016922,188.52626255580358,195.9201863606771,218.15679406060113,0.04998073736676522,-0.14799358440071397,META
2022-05-27,193.61065673828125,195.1300048828125,195.3300018310547,189.8000030517578,191.36000061035156,22562700,0.0182643630729713,188.93590436662947,195.42242736816405,216.78467356363933,0.04997873450063854,-0.16214841697200955,META
2022-05-31,192.1322784423828,193.63999938964844,197.60000610351562,192.00999450683594,194.88999938964844,26131100,-0.007635831213035349,189.26901027134485,194.85587463378906,215.42953050401476,0.04998546754197967,-0.18379479113861874,META
2022-06-01,187.1711883544922,188.63999938964844,199.52999877929688,185.0,196.50999450683594,36623500,-0.025821221338289457,188.57446071079798,193.90765024820965,214.16688385009766,0.04978090910426586,-0.12690842689544024,META
2022-06-02,197.31161499023438,198.86000061035156,200.94000244140625,187.72999572753906,188.4499969482422,31951600,0.05417728404083633,188.94725254603796,193.8560557047526,212.955832417806,0.048819371652684025,-0.15905674527921787,META
2022-06-03,189.2945098876953,190.77999877929688,196.61000061035156,189.77999877929688,195.97999572753906,19465000,-0.040631693693936155,190.2938276018415,193.94568481445313,211.7500725640191,0.04803740497207323,-0.07862454108445338,META
2022-06-06,192.73751831054688,194.25,196.9199981689453,188.39999389648438,193.99000549316406,30574200,0.01818863328310072,191.77081080845423,194.2810531616211,210.64342414008246,0.04793488685788584,-0.0574518935028262,META
2022-06-07,194.1265869140625,195.64999389648438,196.52999877929688,191.49000549316406,191.92999267578125,18828700,0.007207048299114671,192.3406219482422,194.56747182210287,209.5520992702908,0.04788200330639562,-0.06378738716645127,META
2022-06-08,195.10888671875,196.63999938964844,202.02999877929688,194.41000366210938,194.6699981689453,22267200,0.005060099290378872,192.55465480259485,195.0863993326823,208.3937452528212,0.04742734615714711,-0.13918830693497974,META
2022-06-09,182.56732177734375,184.0,199.4499969482422,183.67999267578125,194.27999877929688,23501600,-0.06427982421674594,191.188232421875,195.3857177734375,206.968706258138,0.0485901688834875,-0.09429354539658719,META
2022-06-10,174.2029571533203,175.57000732421875,183.10000610351562,175.02000427246094,183.0399932861328,27450800,-0.04581523430696144,189.33562796456474,194.38821309407552,205.3874482896593,0.036770307649662576,-0.09352401532334809,META
2022-06-13,162.98101806640625,164.25999450683594,172.5800018310547,164.02999877929688,170.58999633789062,31749300,-0.06441876343716346,184.43125697544642,193.19061177571615,203.63740420871312,0.0381906407258695,0.032387789899265274,META
2022-06-14,162.4551544189453,163.72999572753906,166.75,161.36000061035156,166.02999877929688,27244300,-0.0032265330877162546,180.59706333705358,191.62291463216147,202.82125345865884,0.03653433972636154,-0.01838416758080308,META
2022-06-15,168.03140258789062,169.35000610351562,172.16000366210938,163.97999572753906,167.1999969482422,30008300,0.03432484607145847,177.06761823381697,190.2113265991211,202.07444780137803,0.037280812540911645,-0.06052575229479262,META
2022-06-16,159.61740112304688,160.8699951171875,165.0800018310547,159.61000061035156,163.72000122070312,26944100,-0.05007398221557258,172.13773454938615,188.14289093017578,201.3684324476454,0.03627795415835343,-0.005843211429919615,META
2022-06-17,162.46505737304688,163.74000549316406,165.89999389648438,159.89999389648438,161.67999267578125,31374200,0.017840512562942834,167.47433035714286,186.66978505452474,200.74620446099175,0.034941748183409095,-0.02168068742245699,META
2022-06-21,155.8271484375,157.0500030517578,167.75999450683594,155.97000122070312,165.92999267578125,50724900,-0.04085745601471169,163.65430559430803,185.12457784016928,199.91991102430555,0.03538519134464042,0.07481702435340631,META
2022-06-22,154.63650512695312,155.85000610351562,160.7899932861328,155.44000244140625,158.3800048828125,47267800,-0.007640795089210228,160.85909816196985,183.7897201538086,199.12371487087674,0.034956758002177346,0.09444963804947526,META
2022-06-23,157.513916015625,158.75,159.75,154.25,156.27000427246094,40499200,0.018607578374262745,160.07808358328683,182.5031499226888,198.453419664171,0.03517651410107997,0.05266142081940295,META
2022-06-24,168.8350830078125,170.16000366210938,170.25,161.3000030517578,161.72999572753906,68736000,0.07187407486627695,160.989501953125,181.88863983154297,197.92931043836805,0.03719582588862797,0.0005287047835400571,META
2022-06-27,168.17030334472656,169.49000549316406,171.75,168.00999450683594,171.32000732421875,29174600,-0.0039374497956398136,161.00934491838728,181.1692850748698,197.36143358018663,0.03707275413614208,-0.005664260608795324,META
2022-06-28,159.42889404296875,160.67999267578125,171.3000030517578,160.61000061035156,169.89999389648438,27744500,-0.05197950605963464,160.98241533551897,179.91446584065756,196.7456000434028,0.03722743474528697,0.1099077824096708,META
2022-06-29,162.6634979248047,163.94000244140625,166.3300018310547,160.32000732421875,163.57000732421875,28595200,0.020288692970322986,161.0107639857701,178.7205017089844,196.26305355495876,0.03746841429445904,0.08265224808084937,META
2022-06-30,159.99444580078125,161.25,165.22999572753906,158.49000549316406,162.14999389648438,35250600,-0.01640842695548861,161.60609218052454,177.35223948160808,195.76793874104817,0.03734254505322309,0.11937984984067374,META
2022-07-01,158.78396606445312,160.02999877929688,160.6199951171875,155.0,160.30999755859375,31423900,-0.007565760987949366,162.1985866001674,176.28693288167318,195.30435485839843,0.036394214943889065,0.1303505090204118,META
2022-07-05,166.88038635253906,168.19000244140625,168.25,157.02000427246094,158.13999938964844,28618600,0.05099016285308977,163.53665379115515,175.5229278564453,194.9707504272461,0.03782551432000855,0.06706728819632812,META
2022-07-06,168.4481201171875,169.77000427246094,171.58999633789062,165.4600067138672,168.1999969482422,23085900,0.009394356034966078,163.4813733782087,174.73676401774088,194.55369025336373,0.037794845859974585,0.029922869108293337,META
2022-07-07,170.84927368164062,172.19000244140625,172.72000122070312,167.77999877929688,169.4499969482422,24083400,0.01425455839330625,163.86408342633928,173.9416707356771,194.13155890570746,0.037800600531121206,0.014344483743448322,META
2022-07-08,169.5494842529297,170.8800048828125,172.39999389648438,168.14999389648438,169.97999572753906,19249200,-0.007607813604949554,165.30988202776228,173.5977040608724,193.6889216105143,0.03525040170707709,-0.017088095813427295,META
2022-07-11,161.6117706298828,162.8800048828125,167.49000549316406,161.91000366210938,167.07000732421875,21885600,-0.046816501141375255,165.15963527134485,172.9048085530599,193.2412128024631,0.036074327076769934,0.0010436780293878734,META
2022-07-12,161.99871826171875,163.27000427246094,165.91000366210938,162.10000610351562,164.8000030517578,16639700,0.002394303523362229,165.44595990862166,171.96683553059896,192.74686974419487,0.03504654875098387,-0.013229568979126194,META
2022-07-13,162.2169952392578,163.49000549316406,164.97999572753906,159.61000061035156,160.16000366210938,16555100,0.00134739941081774,165.93639264787947,170.92038014729818,192.31161838107639,0.0347990623491798,-0.0014068220711532797,META
2022-07-14,156.81936645507812,158.0500030517578,162.58999633789062,157.27999877929688,161.22000122070312,23765200,-0.03327412627893023,164.49910409109933,169.7432830810547,191.84847513834634,0.035171427568064906,0.06788972293733564,META
2022-07-15,163.41758728027344,164.6999969482422,164.97999572753906,159.82000732421875,160.5399932861328,23342800,0.04207529321377157,163.78045654296875,168.95149637858074,191.59744517008463,0.036035652854822506,-0.01772919684754104,META
2022-07-18,165.92787170410156,167.22999572753906,171.69000244140625,165.63999938964844,166.75,23574300,0.015361164398558946,163.07739911760603,167.9053716023763,191.34321763780383,0.034545097480148536,-0.04819689157384566,META
2022-07-19,174.41131591796875,175.77999877929688,176.49000549316406,169.50999450683594,170.3699951171875,25933700,0.05112730083705097,163.7719464983259,167.40926513671874,191.09273885091145,0.03535052238728363,-0.10592788240296336,META
2022-07-20,181.6643829345703,183.08999633789062,183.60000610351562,176.6999969482422,177.49000549316406,24784300,0.041585988721126954,166.63660539899553,167.0401606241862,190.95912034776475,0.03606488202374816,-0.11010975798948341,META
2022-07-21,181.74375915527344,183.1699981689453,183.85000610351562,178.8699951171875,180.6300048828125,27195800,0.0004369388177303257,169.4573255266462,166.62739969889324,190.91017116970485,0.036030728023513245,-0.09723200679318589,META
2022-07-22,167.95201110839844,169.27000427246094,175.60000610351562,168.41000366210938,173.07000732421875,42583900,-0.07588567613533281,170.27661350795202,165.7221705118815,190.71878441704644,0.03846606702330649,-0.052874000979203695,META
2022-07-25,165.35240173339844,166.64999389648438,170.57000732421875,164.80999755859375,169.0,26166300,-0.015478286671555153,171.49561854771204,165.14833984375,190.43898010253906,0.03683788851245505,-0.04866490995507333,META
2022-07-26,157.91079711914062,159.14999389648438,166.0,157.9499969482422,165.94000244140625,28468400,-0.04500451481954337,170.7089342389788,164.6052678426107,189.9486060248481,0.03680540341944982,0.007791403134766117,META
2022-07-27,168.25961303710938,169.5800018310547,170.8699951171875,162.02000427246094,162.58999633789062,43846600,0.06553583483060232,171.0420401436942,164.78122100830078,189.5268054538303,0.036927163452860255,-0.044344994160729345,META
2022-07-28,159.4685516357422,160.72000122070312,161.50999450683594,154.85000610351562,161.05999755859375,73214300,-0.05224700831463536,168.90735953194755,164.68166758219402,188.9119633992513,0.03821580497217131,0.052451499297048176,META
2022-07-29,157.86117553710938,159.10000610351562,160.13999938964844,155.1699981689453,157.69000244140625,42065400,-0.010079580469912197,165.50690133231026,164.34266001383463,188.33438449435764,0.03770051766984456,0.06197355588226472,META
2022-08-01,158.68472290039062,159.92999267578125,165.19000244140625,155.22999572753906,157.25,40596700,0.005216908847151203,162.21275329589844,164.3115707397461,187.70906965467665,0.03657317548953953,-0.04251852145311508,META
2022-08-02,158.9427032470703,160.19000244140625,162.24000549316406,158.00999450683594,158.30999755859375,27374500,0.0016257415456535362,160.9257093157087,164.19415893554688,187.12178972032336,0.03642685554610759,-0.05443524096313257,META
2022-08-03,167.4856719970703,168.8000030517578,169.5399932861328,161.57000732421875,162.69000244140625,31721900,0.05374873193593732,161.23046221051897,164.58277638753256,186.56207122802735,0.036868184089725343,-0.11404027990748467,META
2022-08-04,169.2418670654297,170.57000732421875,172.14999389648438,166.8000030517578,168.3000030517578,23938200,0.010485643622041296,162.84918648856026,165.06962178548176,185.99706064860027,0.03683520578710652,-0.1423461436685154,META
2022-08-05,165.80882263183594,167.11000061035156,171.61000061035156,165.8000030517578,166.99000549316406,25832700,-0.0202848414114134,162.4990735735212,165.3461186726888,185.37439134385852,0.036975450186762286,-0.1142360515815335,META
2022-08-08,168.92434692382812,170.25,177.50999450683594,167.1300048828125,168.0,27299100,0.018789858359406608,163.8499014718192,165.34909413655598,184.71721496582032,0.03473716991824434,-0.14190895799388403,META
2022-08-09,167.21774291992188,168.52999877929688,169.52999877929688,166.60000610351562,168.9499969482422,18655100,-0.010102771062810767,165.18655395507812,165.31734212239584,184.06323564317492,0.03478316517175165,-0.15670783486704998,META
2022-08-10,176.9513702392578,178.33999633789062,180.47999572753906,173.9499969482422,175.99000549316406,30262100,0.05820929734709579,167.79607500348772,165.90142466227215,183.57793273925782,0.0348792645363409,-0.19917002143284912,META
2022-08-11,176.10800170898438,177.49000549316406,183.10000610351562,176.3699951171875,179.7100067138672,24079100,-0.00476610341662298,170.24826049804688,166.34957478841145,183.0558080037435,0.03477734954398461,-0.2089130499954338,META
2022-08-12,179.0945587158203,180.5,181.4600067138672,178.91000366210938,180.80999755859375,21274000,0.01695866728288231,171.90667288643974,166.98624521891276,182.46720496283638,0.03466082055510575,-0.24448747782786284,META
2022-08-15,179.48153686523438,180.88999938964844,181.44000244140625,178.1999969482422,178.9600067138672,15878700,0.0021607476641885004,173.3694828578404,167.67616424560546,181.90550198025173,0.034590961773978926,-0.2570070551316378,META
2022-08-16,178.07260131835938,179.47000122070312,180.99000549316406,177.0399932861328,179.44000244140625,21156700,-0.007850030546222242,175.12145124162947,168.0492380777995,181.42229410807292,0.03352584963820859,-0.2109547541997261,META
2022-08-17,173.4885711669922,174.85000610351562,178.13999938964844,174.1699981689453,176.75999450683594,20118100,-0.025742478727380558,175.7734832763672,168.21725311279297,180.8920115152995,0.033896003126213846,-0.21984552514668976,META
2022-08-18,173.30001831054688,174.66000366210938,175.75999450683594,171.86000061035156,174.33999633789062,18844500,-0.001086831571537994,176.6423797607422,168.29894460042317,180.36646881103516,0.03381317884945413,-0.223176451631933,META
2022-08-19,166.65220642089844,167.9600067138672,172.32000732421875,167.0500030517578,170.1999969482422,26240800,-0.03836013379834624,175.1710706438337,168.2023686726888,179.83177591959637,0.03454228359776659,-0.17474401236655146,META
2022-08-22,161.7804412841797,163.0500030517578,165.49000549316406,162.25999450683594,165.49000549316406,19499700,-0.029233127129529746,173.12427629743303,168.20799102783204,179.2685295952691,0.033862959909454024,-0.13965045603169002,META
2022-08-23,159.8555450439453,161.11000061035156,165.0500030517578,160.6999969482422,162.47999572753906,18111800,-0.011898201197591884,170.37584577287947,168.1365519205729,178.67452460394966,0.03393714170327683,-0.13735956029484853,META
2022-08-24,161.98878479003906,163.25999450683594,165.4600067138672,159.77000427246094,160.60000610351562,20891500,0.013344796675694326,167.8768811907087,168.12894490559896,178.1572508070204,0.03402277703529122,-0.14816848414252437,META
2022-08-25,167.46578979492188,168.77999877929688,168.8800048828125,164.02000427246094,165.17999267578125,15550500,0.03381101359567462,166.3616224016462,168.48382568359375,177.69432779947917,0.033930048890055145,-0.2093256533599246,META
2022-08-26,160.52032470703125,161.77999877929688,170.9199981689453,161.6699981689453,168.47999572753906,24023600,-0.04147393384879394,164.50901576450892,168.3872502644857,177.08213229709202,0.03401953758953279,-0.1730126636666267,META
2022-08-29,157.9306640625,159.1699981689453,163.0500030517578,159.00999450683594,160.66000366210938,20052700,-0.016132914316350222,162.31339372907365,168.12067667643228,176.6273679945204,0.03401393393840331,-0.19243596997297818,META
2022-08-30,155.93629455566406,157.16000366210938,161.66000366210938,155.91000366210938,160.35000610351562,19567900,-0.012628133482973758,160.78254917689733,167.50484263102214,176.28659752739802,0.03260153660103084,-0.18872485295428587,META
2022-08-31,161.66136169433594,162.92999267578125,167.83999633789062,162.13999938964844,167.07000732421875,40953000,0.03671414121379035,160.76553780691964,166.83807525634765,176.05309634738498,0.03238209186693122,-0.20033150728401417,META
2022-09-01,164.07244873046875,165.36000061035156,167.36000061035156,160.35000610351562,163.5800018310547,30145700,0.014914429835693355,161.36795261928015,166.24903157552083,175.81463436550564,0.032548292784454175,-0.23343008775881524,META
2022-09-02,159.07171630859375,160.32000732421875,167.92999267578125,159.22000122070312,167.4499969482422,22634200,-0.030478806530705116,160.95122855050224,165.95302174886066,175.58719719780817,0.029992248556289687,-0.16392234610055667,META
2022-09-06,157.3055419921875,158.5399932861328,161.69000244140625,157.69000244140625,160.10000610351562,19339800,-0.011103006602254384,159.49976457868303,165.6847930908203,175.40628356933593,0.029931894780813928,-0.16235642887462587,META
2022-09-07,159.14114379882812,160.38999938964844,160.9600067138672,156.80999755859375,157.75999450683594,16831200,0.011669021850049033,159.302738734654,165.7258046468099,174.90642852783202,0.02884259237959048,-0.16933730310847894,META
2022-09-08,160.7981414794922,162.05999755859375,162.22999572753906,157.74000549316406,158.7100067138672,22530800,0.010412126249128129,159.7123783656529,165.47708892822266,174.48297390407987,0.026201866367328353,-0.1883872061166436,META
2022-09-09,167.83291625976562,169.14999389648438,169.5399932861328,163.02000427246094,163.25,22086800,0.04374910503036289,161.41189575195312,165.75590108235676,174.02016109890408,0.02560525916799184,-0.2313923378080639,META
2022-09-12,167.64439392089844,168.9600067138672,171.38999938964844,167.27999877929688,167.38999938964844,23220400,-0.0011232739266437974,162.26661464146204,166.0820083618164,173.54533165825737,0.025511364916635117,-0.2322442601961291,META
2022-09-13,151.93768310546875,153.1300048828125,161.6300048828125,152.6699981689453,161.5399932861328,44444100,-0.0936906415304335,160.5330766950335,165.85710703531902,172.77052290174697,0.03093779360890535,-0.1020048631227386,META
2022-09-14,150.29061889648438,151.47000122070312,153.5399932861328,149.0500030517578,153.3300018310547,43064200,-0.010840393083005329,159.27863420758928,165.5687042236328,172.1442160712348,0.03098528799886911,-0.14293281063726837,META
2022-09-15,148.38555908203125,149.5500030517578,154.1999969482422,148.6999969482422,149.8000030517578,34606300,-0.0126758398391138,158.00435093470983,164.93203379313152,171.5464626736111,0.029232718672622855,-0.34510194562324237,META
2022-09-16,145.15093994140625,146.2899932861328,148.5800018310547,144.2899932861328,148.0500030517578,40122800,-0.021798746189558904,156.00575038364954,164.1290028889974,170.99611494276257,0.02929016898160358,-0.3218949747976686,META
2022-09-19,146.8674774169922,148.02000427246094,148.5800018310547,145.10000610351562,145.24000549316406,22169500,0.011825879159162556,154.01565551757812,163.49762471516928,170.44896443684897,0.029287141040943727,-0.37062559408430473,META
2022-09-20,144.9524688720703,146.08999633789062,148.83999633789062,145.22000122070312,145.77999877929688,23217400,-0.013039023877864375,150.7470201764788,162.698562113444,169.97876536051433,0.02902286726055959,-0.3483468523164911,META
2022-09-21,141.01341247558594,142.1199951171875,149.60000610351562,142.0,146.38999938964844,38338600,-0.027174814110692003,146.94259425571985,161.82508443196613,169.43723720974393,0.029299015988925044,-0.3629327849348398,META
2022-09-22,141.7079620361328,142.82000732421875,144.5800018310547,140.8699951171875,141.5500030517578,34418500,0.00492541488326248,145.481205531529,160.65030415852866,168.82206488715278,0.02683086821081995,-0.37746814812533647,META
2022-09-23,139.31674194335938,140.41000366210938,142.6199951171875,138.88999938964844,141.4199981689453,31710700,-0.01687428185696238,143.91350882393974,159.4239288330078,168.1646684434679,0.026886799809254232,-0.3533937470797661,META
2022-09-26,135.3081817626953,136.3699951171875,142.24000549316406,136.19000244140625,140.1199951171875,30497000,-0.028772996875664703,142.0453120640346,157.96438293457032,167.43428921169703,0.026752798572186237,-0.29075313527728097,META
2022-09-27,133.353515625,134.39999389648438,139.4199981689453,134.1199951171875,137.9199981689453,30826500,-0.014446030626022455,140.35996573311942,156.4267822265625,166.7966264512804,0.026686735590474547,-0.28221727988561307,META
2022-09-28,140.50733947753906,141.61000061035156,142.02999877929688,134.27000427246094,134.6199951171875,32658500,0.05364555871669818,139.45137459891183,155.1746068318685,166.2489242553711,0.029073090239688543,-0.28345434206072373,META
2022-09-29,135.34788513183594,136.41000366210938,139.83999633789062,135.1999969482422,139.36000061035156,38985400,-0.036720176788543446,138.07929120744978,153.90325063069662,165.61908925374348,0.029378715447402833,-0.17989897362606466,META
2022-09-30,134.62353515625,135.67999267578125,140.99000549316406,135.5,136.0500030517578,33166400,-0.005351764269389103,137.16645159040178,152.6140345255534,164.95154995388455,0.029355329739072605,-0.16701060946505197,META
2022-10-03,137.53073120117188,138.61000061035156,139.6199951171875,136.10000610351562,137.13999938964844,27723100,0.0215950059664356,136.56970432826452,151.64331868489583,164.48113047281902,0.029255034787224,-0.1759613718258548,META
2022-10-04,139.18772888183594,140.27999877929688,142.38999938964844,139.33999633789062,140.49000549316406,34670700,0.012048199454711694,136.551273890904,150.89022827148438,164.00100928412544,0.029093098577965455,-0.1653835692862171,META
2022-10-05,137.89785766601562,138.97999572753906,140.2100067138672,134.77999877929688,138.24000549316406,27979300,-0.009267133145877793,136.92122759137834,150.1583053588867,163.42056427001953,0.029074253972138493,-0.18527860281761954,META
2022-10-06,137.98715209960938,139.07000732421875,141.4499969482422,136.60000610351562,137.72000122070312,36231100,0.0006475403976906602,137.5831756591797,149.3582509358724,162.80252532958986,0.028897437312671023,-0.19860510624312877,META
2022-10-07,132.41090393066406,133.4499969482422,138.2899932861328,132.44000244140625,136.75999450683594,33214800,-0.04041135775394478,136.4265420096261,148.18975474039715,162.13895450168187,0.028643189643639294,-0.16035960529086057,META
2022-10-10,132.74827575683594,133.7899932861328,136.11000061035156,131.8699951171875,133.5500030517578,24024000,0.0025479157392396257,136.05516924176897,147.26401977539064,161.534255472819,0.02795652262853306,-0.17886251520295138,META
2022-10-11,127.53912353515625,128.5399932861328,132.66000366210938,126.98999786376953,131.6199951171875,38481400,-0.039240827739425055,135.04311043875558,146.25096842447917,160.75900556776259,0.028559230829898342,-0.13303239470118933,META
2022-10-12,126.50724029541016,127.5,129.6699981689453,126.25,128.32000732421875,34605200,-0.008090719233001864,133.46832602364677,145.26999994913737,160.06136923895943,0.028538750483270526,-0.1196862876025454,META
2022-10-13,129.27549743652344,130.2899932861328,131.13999938964844,122.52999877929688,123.52999877929688,34325700,0.021882203221325947,132.05229296003068,144.19047114054362,159.35623567369248,0.027884436968517546,-0.14490736112312752,META
2022-10-14,125.77300262451172,126.76000213623047,131.7899932861328,126.5199966430664,131.0,23559400,-0.027093261147430603,130.32017081124442,142.91382293701173,158.59675140380858,0.027798488454363172,-0.141842933097018,META
2022-10-17,132.99630737304688,134.0399932861328,134.7899932861328,130.17999267578125,130.3000030517578,29612200,0.057431281736192163,129.60719299316406,142.04464263916014,157.90661163330077,0.029945869528881567,-0.18337804779827915,META
2022-10-18,131.76597595214844,132.8000030517578,137.83999633789062,131.39999389648438,137.08999633789062,25445000,-0.00925086902937411,129.5150604248047,141.19332377115884,157.34215223524305,0.029935851134135594,-0.1106928271542248,META
2022-10-19,132.19261169433594,133.22999572753906,137.0,132.22000122070312,132.88999938964844,30691000,0.0032378293342010256,129.43567984444755,140.29503936767577,156.8753706190321,0.02980890742376606,-0.09599936514349205,META
2022-10-20,130.50582885742188,131.52999877929688,136.77000427246094,131.30999755859375,132.92999267578125,26356300,-0.012760038668532814,129.85949489048548,139.28529561360676,156.51453518337672,0.029676120099299864,-0.06112655109478382,META
2022-10-21,128.99766540527344,130.00999450683594,130.1199951171875,125.44000244140625,126.30999755859375,46348600,-0.01155629189402807,130.21526990618025,137.99078725179035,156.14278530544703,0.028123992881491144,-0.05830305473474007,META
2022-10-24,128.70994567871094,129.72000122070312,133.47999572753906,124.56999969482422,127.25,63563400,-0.0022304258426582013,130.1344767979213,136.6929723103841,155.70588022867838,0.02811491262661895,-0.1202589525834501,META
2022-10-25,136.43930053710938,137.50999450683594,138.35000610351562,130.58999633789062,130.8800048828125,38433200,0.060052506569248765,131.65823364257812,136.17635955810547,155.44834577772352,0.025958333742893153,-0.17147851087591315,META
2022-10-26,128.8091583251953,129.82000732421875,135.5500030517578,128.52999877929688,131.67999267578125,82791500,-0.055923345999848384,131.06006949288505,135.46031087239584,155.0743913438585,0.02766148041881033,-0.11161596974615229,META
2022-10-27,97.17741394042969,97.94000244140625,102.5,96.37999725341797,97.9800033569336,232316600,-0.2455706162205269,126.1188463483538,133.7533727010091,154.4227276272244,0.05196419892861636,0.183377510885798,META
2022-10-28,98.42758178710938,99.19999694824219,100.8499984741211,97.51000213623047,99.58000183105469,95928300,0.01286479847514821,121.29527064732143,132.19592742919923,153.79818403455945,0.05213596620749732,0.15635085380316416,META
2022-10-31,92.43463134765625,93.16000366210938,99.31999969482422,92.5999984741211,98.22000122070312,121361400,-0.06088690111695905,115.85652814592633,130.38149922688802,153.07508087158203,0.05270751853692307,0.289716507455847,META
2022-11-01,94.45873260498047,95.19999694824219,97.48999786376953,93.55000305175781,94.33000183105469,110189600,0.021897650564660864,110.92239488874164,128.6983746846517,152.24867697821722,0.05310917316855203,0.2772058885888298,META
2022-11-02,89.83502197265625,90.54000091552734,95.19999694824219,90.4800033569336,94.20999908447266,71821100,-0.04894953070840191,105.36883435930524,126.99242833455403,151.378284962972,0.05346245041091387,0.2828584060815691,META
2022-11-03,88.21772003173828,88.91000366210938,90.45999908447266,88.41000366210938,90.08000183105469,60664000,-0.01800302271212484,98.48003714425224,125.20942026774088,150.58704969618054,0.05335590525058728,0.34326840742780784,META
2022-11-04,90.08307647705078,90.79000091552734,91.38999938964844,88.08999633789062,90.3499984741211,55638100,0.021144917876378955,92.94773973737445,123.5682980855306,149.7806005689833,0.05373833265491536,0.2609317960673543,META
2022-11-07,95.96690368652344,96.72000122070312,96.87999725341797,93.0999984741211,94.77999877929688,81987300,0.06531556691418716,92.77480970110211,122.25692214965821,149.06918343438042,0.05549397497182026,0.2106079751170522,META
2022-11-08,95.7188491821289,96.47000122070312,97.80000305175781,94.79000091552734,95.91999816894531,52088300,-0.002584792202995345,92.38784790039062,121.00243326822917,148.3684599134657,0.055501356683440486,0.24142214835397335,META
2022-11-09,100.67992401123047,101.47000122070312,104.9000015258789,100.73999786376953,101.72000122070312,107677300,0.051829653944772014,93.5657468523298,119.67485275268555,147.6328992207845,0.05543126476892172,0.15423263108447127,META
2022-11-10,110.99893951416016,111.87000274658203,112.75,104.61000061035156,107.12000274658203,80671000,0.10249327861807522,95.92863355364118,118.86322123209635,146.99457499186198,0.058788992503708205,0.05515328253024476,META
2022-11-11,112.13997650146484,113.0199966430664,114.9000015258789,108.80999755859375,109.2300033569336,59961700,0.010279710709840906,99.11505562918526,118.11376927693685,146.3422494676378,0.05885261487464777,0.034153283644061894,META
2022-11-14,113.33063507080078,114.22000122070312,116.2699966430664,110.80000305175781,110.98999786376953,53395000,0.010617610298147229,102.70261492047992,117.30709940592448,145.71759558783637,0.0587205648133005,0.012257116088870923,META
2022-11-15,116.16836547851562,117.08000183105469,118.73999786376953,114.41000366210938,116.06999969482422,50670500,0.02503939385799825,106.42908477783203,116.53978729248047,145.2126688639323,0.05889509500789377,0.027160882203433268,META
2022-11-16,112.34833526611328,113.2300033569336,116.08000183105469,112.66000366210938,114.5,33287800,-0.03288356685287808,108.769289289202,115.68813654581706,144.6609979417589,0.059123225260529245,0.06279271486944515,META
2022-11-17,110.58219909667969,111.44999694824219,112.33000183105469,109.80000305175781,110.41000366210938,35093800,-0.015720181035617897,110.8926249912807,114.77463811238607,144.08727798461913,0.05914541674074987,0.11924627938151944,META
2022-11-18,111.17754364013672,112.05000305175781,114.31999969482422,110.62000274658203,113.80000305175781,33357700,0.005383728559571699,112.3922849382673,114.06685943603516,143.5801466200087,0.05880286017021515,0.13672461168179573,META
2022-11-21,109.00458526611328,109.86000061035156,112.37000274658203,109.19000244140625,111.5199966430664,24351100,-0.019544939588312382,112.10737718854632,113.2754030863444,142.97555770874024,0.05885689559480311,0.15547079118182672,META
2022-11-22,110.5722885131836,111.44000244140625,111.62000274658203,108.31999969482422,109.86000061035156,29029000,0.01438199359451775,111.88342176164899,112.70984191894532,142.36049567328558,0.05858517261988812,0.1667265924332353,META
2022-11-23,111.36605834960938,112.23999786376953,112.66999816894531,110.7300033569336,111.72000122070312,21343100,0.0071787411393871015,111.60276794433594,112.20513585408528,141.65999281141492,0.05860490639634547,0.15351033077271103,META
2022-11-25,110.54252624511719,111.41000366210938,112.7300033569336,111.0199966430664,111.30000305175781,12007600,-0.007394821336918378,110.79907662527901,111.58070348103841,140.8697499593099,0.058430155940887754,0.19369868100210996,META
2022-11-28,107.93299102783203,108.77999877929688,112.04000091552734,108.37999725341797,110.77999877929688,23309400,-0.02360661824842658,110.16831316266742,110.98603642781576,140.04963031344943,0.05838479877492651,0.22163996264082408,META
2022-11-29,108.60770416259766,109.45999908447266,110.94000244140625,108.54000091552734,109.54000091552734,23899200,0.006251222432922754,109.88624245779855,110.17308298746745,139.39024912516277,0.05728776654567132,0.24894950478836986,META
2022-11-30,117.18042755126953,118.0999984741211,118.16000366210938,109.37999725341797,109.51000213623047,43348600,0.07893292151574771,110.7437973022461,109.68689804077148,138.85500496758354,0.05928764716002583,0.15986453088672725,META
2022-12-01,119.50220489501953,120.44000244140625,121.19999694824219,118.4000015258789,119.19999694824219,36551400,0.019813695787499697,112.2434572492327,109.26388448079427,138.42824283175997,0.05941547471251257,0.12387897053978025,META
2022-12-02,122.52845764160156,123.48999786376953,124.04000091552734,117.61000061035156,117.83000183105469,39950500,0.025323823516399058,113.95148141043526,108.99797210693359,137.920118882921,0.05957260251224331,0.0771722379444646,META
2022-12-05,121.4767074584961,122.43000030517578,124.66999816894531,121.3499984741211,121.75,35474900,-0.008583721719421789,115.39585985456195,108.74727350870768,137.4979872809516,0.05955553527850413,0.11206400876261102,META
2022-12-06,113.2314224243164,114.12000274658203,120.55000305175781,113.73999786376953,119.91000366210938,43689200,-0.06787544054070438,115.77998788016183,108.2313227335612,137.0021011352539,0.060828749267722776,0.22125808435809158,META
2022-12-07,113.04289245605469,113.93000030517578,115.87999725341797,112.87999725341797,113.76000213623047,29461100,-0.0016649969083248894,116.50997379847935,107.45144246419271,136.4949696858724,0.05968038186412487,0.25752691648199955,META
2022-12-08,114.43199920654297,115.33000183105469,117.33999633789062,114.58999633789062,116.38999938964844,30619400,0.012288315703070873,117.3420159476144,106.97220382690429,136.0004063076443,0.058942509966195905,0.2411340590476685,META
2022-12-09,114.99756622314453,115.9000015258789,117.54000091552734,113.87000274658203,115.30000305175781,26033400,0.004942385176551323,117.03017861502511,107.56620890299479,135.41720513237848,0.03686850019063203,0.22087995848990793,META
2022-12-12,113.81681823730469,114.70999908447266,115.72000122070312,113.13999938964844,115.18000030517578,24747100,-0.01026759108578601,116.21798052106585,108.07918345133463,134.8013712565104,0.03696771445984615,0.2841077722657923,META
2022-12-13,119.21446990966797,120.1500015258789,123.30000305175781,118.63999938964844,122.12999725341797,44701100,0.047424025341398446,115.7445537022182,108.97184473673502,134.2836562262641,0.03552077325622084,0.2629213744887502,META
2022-12-14,120.64324951171875,121.58999633789062,124.13999938964844,119.38999938964844,119.38999938964844,36922000,0.011984951181961412,115.62548828125,109.84466196695963,133.74719958835178,0.03544379034497042,0.2094743600056459,META
2022-12-15,115.24561309814453,116.1500015258789,118.62999725341797,114.01000213623047,118.33000183105469,34531000,-0.04474047603508824,115.91322980608258,110.69168167114258,133.16973147922093,0.0352149639428695,0.2825655972507448,META
2022-12-16,118.50007629394531,119.43000030517578,123.30999755859375,118.81999969482422,120.2300033569336,67064000,0.02823936728098486,116.69282749720982,111.70109354654947,132.52027265760634,0.03500706670196397,0.2820898887602803,META
2022-12-19,113.58861541748047,114.4800033569336,117.80000305175781,114.33000183105469,116.83000183105469,29769900,-0.0414469005427619,116.57234409877232,112.48461151123047,131.82561280992297,0.03619379894825423,0.6489343602793256,META
2022-12-20,116.17829895019531,117.08999633789062,117.33000183105469,112.45999908447266,113.26000213623047,28742500,0.022798794784114618,116.74102020263672,113.1583246866862,131.12654325697156,0.0346886378870316,0.5930478636266148,META
2022-12-21,118.82749938964844,119.76000213623047,120.33999633789062,115.62000274658203,116.69999694824219,20392800,0.02280288542173281,117.45683179582868,113.92861302693684,130.45260950724284,0.03475728861754638,0.553607528187235,META
2022-12-22,116.20805358886719,117.12000274658203,118.62000274658203,114.37999725341797,117.19999694824219,23618100,-0.022044104388596053,117.02734375,114.4462173461914,129.7652256435818,0.03414245952279579,0.6360996878730316,META
2022-12-23,117.12089538574219,118.04000091552734,118.18000030517578,115.54000091552734,116.02999877929688,17796600,0.00785523695375323,116.52415030343192,114.65028254191081,129.13891813490125,0.028813205866698794,0.5539648511165525,META
2022-12-27,115.96992492675781,116.87999725341797,118.5999984741211,116.05000305175781,117.93000030517578,21392300,-0.00982719996456316,116.62762342180524,114.77794748942057,128.5019170973036,0.028852421925069517,0.5222449920758716,META
2022-12-28,114.71974182128906,115.62000274658203,118.1500015258789,115.51000213623047,116.25,19612500,-0.010780235533120464,116.08757563999721,114.82425104777018,127.9248897128635,0.028884285071510873,0.5062272944863802,META
2022-12-29,119.32360076904297,120.26000213623047,121.02999877929688,115.7699966430664,116.4000015258789,22366200,0.0401313572944213,116.90685926164899,114.92942555745442,127.45314704047308,0.029446801078314374,0.4920173506582457,META
2022-12-30,119.40299224853516,120.33999633789062,120.41999816894531,117.73999786376953,118.16000366210938,19583800,0.0006653459917442817,117.3675297328404,115.16458079020182,127.0036742316352,0.028731749151949988,0.491440755881531,META
2023-01-03,123.76871490478516,124.73999786376953,126.37000274658203,122.27999877929688,122.81999969482422,35528500,0.03656292504933911,118.07341766357422,115.60413131713867,126.5790067884657,0.02917509180790783,0.4202344591466245,META
2023-01-04,126.37825012207031,127.37000274658203,129.0500030517578,125.8499984741211,127.37999725341797,32397100,0.021083964710247427,119.52630288260323,116.11082153320312,126.12247856987847,0.02933792258072216,0.3538510019831389,META
2023-01-05,125.95161437988281,126.94000244140625,128.52000427246094,124.54000091552734,126.12999725341797,25447100,-0.0033758636614719117,120.78783416748047,116.67572250366212,125.73838178846572,0.02902407398312669,0.36190330812848726,META
2023-01-06,129.00762939453125,130.02000427246094,130.3300018310547,126.04000091552734,128.97000122070312,27584500,0.024263404877298278,122.65036337716239,117.2902338663737,125.4170147365994,0.029187068806749962,0.3234887240669151,META
2023-01-09,128.46189880371094,129.47000122070312,132.9499969482422,129.27999877929688,131.16000366210938,26649100,-0.004230219510129585,124.61352866036552,117.86009521484375,125.1117436726888,0.029239591029291887,0.3216961545592947,META
2023-01-10,131.9544677734375,132.99000549316406,133.44000244140625,127.1500015258789,127.2699966430664,28684400,0.027187586375810868,126.41793823242188,118.57382659912109,124.7816670735677,0.02940778004836417,0.2936311427411096,META
2023-01-11,131.85525512695312,132.88999938964844,133.85000610351562,130.33999633789062,130.9600067138672,25423000,-0.0007518703091942136,128.19683292933874,119.37123540242513,124.42369825575086,0.02889692177318966,0.2821883969316532,META
2023-01-12,135.64553833007812,136.7100067138672,137.67999267578125,131.75999450683594,133.44000244140625,30757700,0.028745787943572187,129.89352199009485,120.27249654134114,124.16340738932291,0.029164774464336823,0.24014333046933367,META
2023-01-13,135.91342163085938,136.97999572753906,137.38999938964844,134.83999633789062,134.97000122070312,22423800,0.0019748773463479363,131.2556893484933,120.89692967732748,123.92571716308593,0.02589836943645924,0.27712085765909955,META
2023-01-17,134.30601501464844,135.36000061035156,136.75,134.25,136.17999267578125,21147600,-0.011826695236741624,132.44917515345983,121.39039001464843,123.64977128770616,0.025930472051899127,0.2811762124882653,META
2023-01-18,131.9842529296875,133.02000427246094,137.25,132.8000030517578,135.80999755859375,20215500,-0.017287104264896214,132.87440708705358,121.70558319091796,123.32961697048611,0.02590213076363218,0.3120581937912441,META
2023-01-19,135.08987426757812,136.14999389648438,137.4499969482422,132.13999938964844,132.49000549316406,28625200,0.023530241441341415,133.8212607247489,122.15935541788737,122.96580539279513,0.026078089112655644,0.3606319713099708,META
2023-01-20,138.2847900390625,139.3699951171875,139.94000244140625,134.61000061035156,135.88999938964844,28688600,0.023650297913195617,134.72559247698103,122.99446767171224,122.63958757188585,0.022502836515503773,0.3266844554650348,META
2023-01-23,142.15447998046875,143.27000427246094,143.75999450683594,138.66000366210938,139.2899932861328,27470100,0.027983482061281872,136.19691031319755,123.96485392252605,122.5308853149414,0.022761922747645467,0.2878479033807215,META
2023-01-24,142.02545166015625,143.13999938964844,145.0,141.36000061035156,141.69000244140625,21970200,-0.0009076627084156907,137.1083265032087,124.88463567097982,122.43905012342665,0.02280202216208805,0.29223144509217014,META
2023-01-25,140.39822387695312,141.5,143.1699981689453,140.30999755859375,141.22000122070312,26622000,-0.011457297013895862,137.74901253836495,125.7313242594401,122.35030195448134,0.023060031444923232,0.2840284538716842,META
2023-01-26,146.15306091308594,147.3000030517578,147.50999450683594,143.3000030517578,144.39999389648438,25482100,0.04098938631286697,139.44144766671317,126.80919901529948,122.36143663194444,0.023633519461419797,0.21866926727085967,META
2023-01-27,150.55850219726562,151.74000549316406,153.19000244140625,147.38999938964844,148.24000549316406,35771900,0.030142654944459224,142.09491184779577,127.85400009155273,122.40244801839192,0.02285332597840776,0.1921708336534238,META
2023-01-30,145.9149169921875,147.05999755859375,151.1199951171875,146.9499969482422,149.41000366210938,28040100,-0.030842397721212556,143.64134652273995,128.69638900756837,122.41314188639323,0.023913022331734927,0.31932554472177266,META
2023-01-31,147.81005859375,148.97000122070312,149.8800048828125,147.52000427246094,147.9499969482422,29842100,0.012987990814290473,145.0020991734096,129.78187052408853,122.48866017659505,0.02187174943632683,0.3274485696116809,META
2023-02-01,151.92774963378906,153.1199951171875,153.5800018310547,147.05999755859375,148.02999877929688,55661000,0.027857989362932045,146.39828055245536,130.89612630208333,122.60221337212457,0.021860024754625326,0.33836205576184253,META
2023-02-02,187.3001708984375,188.77000427246094,197.16000366210938,180.16000366210938,183.3800048828125,150475700,0.23282396632551405,152.86609758649553,133.35317815144856,123.13536258273655,0.04516283040558624,0.036234580734806565,META
2023-02-03,185.0775909423828,186.52999877929688,196.77000427246094,182.88999938964844,183.47000122070312,76809700,-0.011866406450103395,159.24886431012834,135.64982121785482,123.6883560180664,0.04547003528448721,0.06047293133249432,META
2023-02-06,184.61129760742188,186.05999755859375,190.6999969482422,185.52000427246094,186.52999877929688,42483800,-0.0025194478304296775,164.7428981236049,137.8426144917806,124.2578869289822,0.04558455492080552,0.0865311323890876,META
2023-02-07,190.12796020507812,191.6199951171875,193.77999877929688,184.39999389648438,185.5800018310547,47080700,0.029882583943413366,170.3956778390067,140.30661137898764,124.8092271592882,0.045085442259098676,0.04274087805469984,META
2023-02-08,182.0017547607422,183.42999267578125,190.8300018310547,182.9199981689453,190.0,36139100,-0.042740717543967466,175.55094037737166,142.46930669148762,125.32760348849827,0.04638328660652238,0.11366724104554571,META
2023-02-09,176.53463745117188,177.9199981689453,186.64999389648438,177.27000427246094,186.1300048828125,37118800,-0.030038816476013253,179.65445164271765,144.48813044230144,125.79328240288629,0.04691116668013586,0.15788002012900604,META
2023-02-10,172.79400634765625,174.14999389648438,178.88999938964844,173.35000610351562,176.35000610351562,33433600,-0.021189219053684316,182.63534545898438,146.423939259847,126.18509657118055,0.04714678944825456,0.16474306239683623,META
2023-02-13,178.0328826904297,179.42999267578125,181.0,175.82000732421875,178.22000122070312,31463200,0.030318623044325754,181.3114471435547,148.38091532389322,126.61670939127605,0.046998177542321024,0.11843055829225002,META
2023-02-14,178.08248901367188,179.47999572753906,181.50999450683594,175.8800048828125,177.16000366210938,24034600,0.0002786357356716618,180.31214686802454,150.33689854939777,127.06320529513889,0.047002123736276935,0.14413878929096113,META
2023-02-15,175.7805938720703,177.16000366210938,178.19000244140625,175.3300018310547,176.4199981689453,25308900,-0.012926004989883277,179.05061776297433,152.07062784830728,127.483132425944,0.047064932431176924,0.17317651446094806,META
2023-02-16,171.09732055664062,172.44000244140625,175.85000610351562,171.7899932861328,172.75,25827500,-0.026642720975434186,176.3319549560547,153.56126352945964,127.91298149956597,0.047576478942667595,0.22906530025682614,META
2023-02-17,171.53392028808594,172.8800048828125,173.17999267578125,169.6999969482422,170.22000122070312,24171300,0.0025517625292137414,174.83655003138952,155.08067372639974,128.34393310546875,0.04752642404427274,0.2324732310132136,META
2023-02-21,170.74014282226562,172.0800018310547,178.1699981689453,171.8800048828125,174.30999755859375,34592600,-0.004627524774617142,174.0087650844029,156.4717575073242,128.82394443088108,0.04754805100999156,0.2477916598821086,META
2023-02-22,169.78759765625,171.1199951171875,172.75999450683594,169.69000244140625,171.07000732421875,22433200,-0.005578917472308764,173.57927812848772,157.84928080240886,129.30483729044596,0.04756296519251735,0.2358577180243009,META
2023-02-23,170.70040893554688,172.0399932861328,173.69000244140625,169.3800048828125,172.0,20017800,0.00537619526925015,172.53178187779017,159.14081217447918,129.76511408487957,0.04746288996284488,0.2561035456978631,META
2023-02-24,169.0632781982422,170.38999938964844,170.72000122070312,167.66000366210938,168.63999938964844,19791300,-0.00959066675653275,171.24332318987166,160.3810796101888,130.2461171468099,0.04755668279671418,0.2603437754941884,META
2023-02-27,168.21990966796875,169.5399932861328,173.1199951171875,169.05999755859375,171.8800048828125,19277000,-0.004988478510895233,170.16322544642858,161.46689198811848,130.63749050564235,0.047479836659341516,0.2613541162106807,META
2023-02-28,173.57786560058594,174.94000244140625,177.5500030517578,171.8699951171875,171.89999389648438,46051100,0.03185090244782973,170.51758902413505,162.72237345377604,131.10206705729166,0.047658240742173404,0.2232765061426656,META
2023-03-01,172.06967163085938,173.4199981689453,177.85000610351562,173.0500030517578,174.58999633789062,30998400,-0.008688861131620373,170.59412493024553,163.98116200764974,131.54514550103082,0.04761398632610941,0.2706149231898034,META
2023-03-02,173.1710205078125,174.52999877929688,175.00999450683594,171.42999267578125,172.3800048828125,17352000,0.006400598469879393,170.94139317103796,165.35405426025392,132.01920318603516,0.04735396502907263,0.2690656639529909,META
2023-03-03,183.80760192871094,185.25,186.6199951171875,177.0500030517578,178.9199981689453,45877700,0.06142240999508686,172.94425092424666,166.977978515625,132.62820248074001,0.04822282158933155,0.18143037344715252,META
2023-03-06,183.4602813720703,184.89999389648438,189.66000366210938,184.63999938964844,188.0,33209400,-0.0018895875523979866,174.76708984375,168.48382822672525,133.23653954399956,0.048223267043291114,0.1784210146788061,META
2023-03-07,183.07334899902344,184.50999450683594,190.36000061035156,184.00999450683594,189.0,36701500,-0.0021090797972894704,176.7685285295759,169.84779052734376,133.75469563802082,0.04815953854054349,0.16904215281097223,META
2023-03-08,183.52975463867188,184.97000122070312,185.25999450683594,181.33999633789062,182.8699951171875,19432400,0.0024930206507058905,178.95564923967635,171.23126729329428,134.36270226372613,0.04813825258858778,0.15191656732740788,META
2023-03-09,180.2753143310547,181.69000244140625,188.92999267578125,180.3000030517578,186.35000610351562,26582800,-0.01773249418888201,179.9124276297433,172.5605036417643,135.2860122680664,0.04824637158197024,0.17172102504688502,META
2023-03-10,178.11224365234375,179.50999450683594,184.77000427246094,178.8000030517578,181.00999450683594,25665000,-0.01199870701508643,180.77565220424108,173.6258097330729,136.17139739990233,0.04801866817182252,0.18539370795126153,META
2023-03-13,179.491455078125,180.89999389648438,183.77999877929688,174.82000732421875,177.9600067138672,24728000,0.007743495884950713,181.67857142857142,174.59024149576823,137.13869544135198,0.04783006219620282,0.14731901789588364,META
2023-03-14,192.50927734375,194.02000427246094,194.32000732421875,186.55999755859375,187.5800018310547,41642600,0.07252613925247253,182.92166791643416,176.1433868408203,138.22814593844944,0.04873454840925865,0.07927030518009737,META
2023-03-15,196.2102508544922,197.75,197.77999877929688,190.83999633789062,192.9499969482422,42123600,0.019224909894257403,184.7430921282087,177.75672658284506,139.41009292602538,0.04875965027803455,0.20637165030891214,META
2023-03-16,203.33433532714844,204.92999267578125,205.75999450683594,196.08999633789062,198.25999450683594,50447100,0.036308421408315805,187.63751874651228,179.47027943929035,140.68916642930773,0.04888750088947784,0.17269319576677256,META
2023-03-17,194.0869140625,195.61000061035156,201.89999389648438,195.42999267578125,200.55999755859375,50141100,-0.04547889686102491,189.14568437848772,179.69650421142578,141.8447646247016,0.026653550539027474,0.24318787894035077,META
2023-03-20,196.269775390625,197.80999755859375,199.36000061035156,193.63999938964844,198.47999572753906,25186300,0.011246823819467178,191.43060738699776,180.0695770263672,142.9592409769694,0.026587062613203722,0.20944346521610946,META
2023-03-21,200.58592224121094,202.16000366210938,203.5500030517578,197.9499969482422,203.1999969482422,31827000,0.021990889030141014,194.64113289969308,180.60206451416016,144.12443067762587,0.02680964365214305,0.17248700496645308,META
2023-03-22,198.2541961669922,199.80999755859375,207.3699951171875,199.6699981689453,202.5,28477800,-0.011624574886241357,197.32152448381697,180.87293904622396,145.20858925713432,0.026449120442924832,0.1687103775348584,META
2023-03-23,202.68939208984375,204.27999877929688,207.8800048828125,202.14999389648438,202.83999633789062,27389700,0.02237125876072632,198.77582659040178,181.56252695719402,146.22737206353082,0.0253215698281354,0.13951441236811024,META
2023-03-24,204.4059295654297,206.00999450683594,207.5800018310547,203.5500030517578,205.17999267578125,27716400,0.008468807656323074,199.94663783482142,182.49157002766927,147.25254931979708,0.024504664640961505,0.13232382899096273,META
2023-03-27,201.2606201171875,202.83999633789062,205.86000061035156,201.36000061035156,204.80999755859375,18527200,-0.01538756461189339,199.65039280482702,183.44045715332032,148.22954915364582,0.02431148775306884,0.15051278956431235,META
2023-03-28,199.11741638183594,200.67999267578125,201.02999877929688,197.89999389648438,200.14999389648438,19127300,-0.010648897604030316,200.36903599330358,184.14327494303384,149.15120527479382,0.024010918256657694,0.1614511486732797,META
2023-03-29,203.75108337402344,205.35000610351562,205.72000122070312,202.5399932861328,203.55999755859375,18851100,0.023271028101840008,201.4377942766462,184.99889475504557,150.16679136488173,0.024253389971602934,0.14823450945332195,META
2023-03-30,206.22166442871094,207.83999633789062,208.08999633789062,202.82000732421875,203.3800048828125,22608300,0.012125486715338196,202.24290030343192,186.0135971069336,151.2294520907932,0.024053264098798873,0.12495191433659758,META
2023-03-31,210.28977966308594,211.94000244140625,212.1699981689453,206.77000427246094,207.24000549316406,25440300,0.019726905248508952,203.96226937430245,187.32001241048178,152.33069915771483,0.02338975622030032,0.12701698088988667,META
2023-04-03,211.4109649658203,213.07000732421875,213.49000549316406,208.1999969482422,208.83999633789062,17924600,0.005331620512089019,205.20820835658483,188.6492472330729,153.46854782104492,0.023376379246169157,0.12085221907510979,META
2023-04-04,213.04812622070312,214.72000122070312,216.24000549316406,212.5399932861328,213.38999938964844,21026400,0.007743975129896885,206.44280787876673,190.05951334635418,154.60716824001736,0.023268475137466875,0.1293311384739586,META
2023-04-05,209.83331298828125,211.47999572753906,215.19000244140625,209.94000244140625,214.14999389648438,19396600,-0.015089610453046465,207.66747828892298,191.39437052408854,155.7012488471137,0.023518565053832027,0.16724991848242632,META
2023-04-06,214.41738891601562,216.10000610351562,216.94000244140625,208.64999389648438,209.25,26104400,0.021846273417940987,209.85318865094865,192.85160319010416,156.85541398790147,0.023662776574590042,0.13669592027018385,META
2023-04-10,213.07785034179688,214.75,215.66000366210938,210.66000366210938,214.7100067138672,16106100,-0.006247341136792928,211.18558393205916,194.31875559488932,158.0236902025011,0.023585328631339914,0.1563215262953237,META
2023-04-11,212.18487548828125,213.85000610351562,216.02000427246094,213.41000366210938,215.47999572753906,16710100,-0.004190838475623848,212.0374712262835,195.7842544555664,159.17454766167535,0.02357061856520484,0.15379942164923466,META
2023-04-12,212.33372497558594,214.0,216.83999633789062,212.5800018310547,214.83999633789062,18972200,0.000701508469735046,212.3294634137835,197.07611643473308,160.23180652194554,0.023167901013462076,0.16453267984635556,META
2023-04-13,218.63429260253906,220.35000610351562,221.14999389648438,215.69000244140625,215.72999572753906,23310400,0.02967294822185007,213.36136736188615,198.6282704671224,161.3332741631402,0.023330482378916627,0.14676645717388048,META
2023-04-14,219.76539611816406,221.49000549316406,222.11000061035156,217.5500030517578,217.8800048828125,21591200,0.00517349543916823,214.32097734723772,200.1814163208008,162.41368459065754,0.023334955315543072,0.18307840732315017,META
2023-04-17,217.1558837890625,218.86000061035156,220.97999572753906,217.1300048828125,219.7899932861328,15481900,-0.011874081976483986,215.36705889020647,201.29302571614582,163.47678654988607,0.021324419533231255,0.19948820674772239,META
2023-04-18,216.19345092773438,217.88999938964844,220.44000244140625,216.2100067138672,219.91000366210938,12281000,-0.00443199071807332,215.62078203473772,202.3841313680013,164.62080908881293,0.021361011827251086,0.21492478995944087,META
2023-04-19,214.0204620361328,215.6999969482422,217.3300018310547,212.92999267578125,213.47000122070312,15898100,-0.010051131901899768,215.75544084821428,203.41570180257162,165.74278208414714,0.021509890927146405,0.26383866585341775,META
2023-04-20,211.4109649658203,213.07000732421875,216.75,212.77000427246094,213.47999572753906,16475400,-0.012192745709856179,215.64488220214844,204.34507548014324,166.82032614813912,0.021745104442576275,0.2794385345566581,META
2023-04-21,211.2323760986328,212.88999938964844,213.41000366210938,209.5800018310547,210.2100067138672,17717200,-0.0008447474198718385,215.48754664829798,205.3769775390625,167.8896018134223,0.021352691988605017,0.274789691060493,META
2023-04-24,211.1331329345703,212.7899932861328,213.9199981689453,210.7100067138672,213.67999267578125,15750900,-0.0004698293220739558,214.41595241001673,206.47767384847006,168.9708941989475,0.021129218611174703,0.27412026216137364,META
2023-04-25,205.9339599609375,207.5500030517578,211.25999450683594,207.1300048828125,210.82000732421875,19198200,-0.02462509271457658,212.44003295898438,207.35909067789714,169.93444408840602,0.02184601706763414,0.2700552930597371,META
2023-04-26,207.76954650878906,209.39999389648438,214.11000061035156,208.8800048828125,212.5,41992700,0.00891347181494373,211.09912763323103,207.86776631673177,170.90251405504014,0.01775099901551947,0.2635146553215115,META
2023-04-27,236.70248413085938,238.55999755859375,241.69000244140625,236.77000427246094,239.88999938964844,71196500,0.1392549490925823,214.02898951939173,209.217507425944,172.25203484429252,0.030530989562766384,0.11062190097375457,META
2023-04-28,238.44879150390625,240.32000732421875,240.42999267578125,235.75,239.00999450683594,39554000,0.007377647004673804,217.5187508719308,210.38798929850262,173.58479834662543,0.030016076744566054,0.12787102818330864,META
2023-05-01,241.2864990234375,243.17999267578125,244.0,236.4600067138672,238.6199951171875,29143900,0.011900699943303117,221.78668430873327,211.96130879720053,175.00366372002495,0.02842615909613487,0.11571666062098962,META
2023-05-02,237.377197265625,239.24000549316406,244.9199981689453,238.99000549316406,243.17999267578125,24350100,-0.01620190841027025,225.52165876116072,213.33155619303386,176.35031814575194,0.02874627416395618,0.14257667667389695,META
2023-05-03,235.18438720703125,237.02999877929688,241.75,232.75,239.47000122070312,34463900,-0.009237660920480062,228.95755222865515,214.4848383585612,177.64317245483397,0.02874012739684404,0.18900562406751065,META
2023-05-04,231.7017364501953,233.52000427246094,238.1999969482422,232.92999267578125,236.05999755859375,17889400,-0.01480817157207881,232.63866315569197,215.5997563680013,178.92643559773762,0.02881205963005034,0.20332292709718702,META
2023-05-05,230.9674835205078,232.77999877929688,234.67999267578125,229.85000610351562,232.24000549316406,27000500,-0.003168957388652638,235.95265415736608,216.5423594156901,180.1913976881239,0.028675994376984357,0.2214535745442281,META
2023-05-08,231.45370483398438,233.27000427246094,235.6199951171875,230.27000427246094,231.4199981689453,16400500,0.0021051505002580573,235.20282854352678,217.44395192464194,181.4745507982042,0.02867095543617745,0.20735600963836354,META
2023-05-09,231.55291748046875,233.3699951171875,235.8800048828125,231.0800018310547,231.4600067138672,16865600,0.0004286500687278316,234.21770368303572,218.45369517008464,182.7726971944173,0.028436679706393873,0.22072253854550228,META
2023-05-10,231.26515197753906,233.0800018310547,236.75,230.72000122070312,236.1699981689453,19119000,-0.0012427634514859953,232.7860826764788,219.52528635660806,184.01649220784506,0.028309190601487573,0.23875936391150465,META
2023-05-11,233.9540252685547,235.7899932861328,238.2100067138672,232.3000030517578,233.0500030517578,20449000,0.01162679836552627,232.29705810546875,220.53205108642578,185.28928146362304,0.028134480860468897,0.18100877937592474,META
2023-05-12,231.9894561767578,233.80999755859375,236.9600067138672,231.4499969482422,236.74000549316406,16161400,-0.008397244242930868,231.84063938685827,221.39097747802734,186.49173414442274,0.02820404295457951,0.22770614261920197,META
2023-05-15,237.00015258789062,238.86000061035156,240.25999450683594,235.3300018310547,236.9199981689453,20653200,0.021598810970594462,232.5975559779576,222.2813232421875,187.72086639404296,0.028241415834676365,0.19438165310137578,META
2023-05-16,236.96044921875,238.82000732421875,239.63999938964844,235.52000427246094,235.7899932861328,18163800,-0.0001675246564488697,233.45369393484933,223.13297271728516,188.9542978922526,0.028252691823955477,0.1788377430222854,META
2023-05-17,240.6018829345703,242.49000549316406,243.83999633789062,238.13999938964844,238.4499969482422,21193100,0.015367263726187241,234.76057652064733,224.05143127441406,190.19423404269747,0.028320146440513394,0.18347155028654405,META
2023-05-18,244.92791748046875,246.85000610351562,247.08999633789062,241.19000244140625,241.3000030517578,22943300,0.017980052745783626,236.6712908063616,225.22125142415365,191.48830091688367,0.028177643989915794,0.158679548127177,META
2023-05-19,243.7273712158203,245.63999938964844,248.69000244140625,243.41000366210938,247.47000122070312,21733600,-0.004901630965543857,238.45160784040178,226.19825083414713,192.7302220662435,0.02806640696545,0.19837960718133085,META
2023-05-22,246.38650512695312,248.32000732421875,253.57000732421875,245.1199951171875,245.41000366210938,27738500,0.010910280194907473,240.22767639160156,227.30853932698568,194.00279151068793,0.028011768663241877,0.17586172599981187,META
2023-05-23,244.81878662109375,246.74000549316406,251.61000061035156,246.64999389648438,246.80999755859375,17748100,-0.006362842417248382,242.06043788364954,228.3963363647461,195.21582760281032,0.02803968880042296,0.17747414619041946,META
2023-05-24,247.26956176757812,249.2100067138672,249.58999633789062,244.9499969482422,245.27999877929688,17724300,0.010010568144336984,243.52749633789062,229.5608642578125,196.45311804877386,0.028040449410330702,0.18012931518048259,META
2023-05-25,250.72247314453125,252.69000244140625,255.6199951171875,249.1699981689453,253.39999389648438,22371400,0.013964158597889575,245.49349975585938,230.6304702758789,197.74663425021703,0.027717221367429722,0.18045810970591103,META
2023-05-26,259.99969482421875,262.0400085449219,262.30999755859375,252.7100067138672,252.92999267578125,25727200,0.037001955043493684,248.26461574009485,231.97161356608072,199.16902804904515,0.028329608136249143,0.1805065219662263,META
2023-05-30,260.4759216308594,262.5199890136719,268.6499938964844,261.2900085449219,265.25,23816500,0.0018316437138996555,250.48575919015067,233.41561482747395,200.5622063530816,0.028141610190238798,0.19385186769026186,META
2023-05-31,262.6587829589844,264.7200012207031,265.0,258.45001220703125,260.0,25473700,0.00838028065879537,253.19024658203125,234.96445922851564,201.9441396077474,0.028068067910024565,0.16677992978345157,META
2023-06-01,270.4873352050781,272.6099853515625,274.0,265.8900146484375,265.8999938964844,25609500,0.0298050274881394,256.6332223074777,236.84668833414713,203.37006022135418,0.0281827383511123,0.13943000423430063,META
2023-06-02,270.4873352050781,272.6099853515625,275.3500061035156,271.1199951171875,272.6600036621094,19416900,0.0,260.30015781947543,238.81590067545574,204.7974144829644,0.02796567418625856,0.14467543741183486,META
2023-06-05,269.27685546875,271.3900146484375,275.57000732421875,269.55999755859375,270.29998779296875,20742900,-0.00447518082652687,263.44405691964283,240.75071665445964,206.22939927842882,0.028015767629483893,0.16441276549061712,META
2023-06-06,269.0090026855469,271.1199951171875,276.57000732421875,269.69000244140625,270.1400146484375,19419000,-0.0009947114940006552,266.0564182826451,242.6799123128255,207.59446529812283,0.028021712837999695,0.11581566502213803,META
2023-06-07,261.5475158691406,263.6000061035156,274.25,262.79998779296875,271.6700134277344,26163600,-0.02773694092731993,266.2775355747768,244.53369750976563,208.82767656114368,0.028153864805005157,0.11631257344328239,META
2023-06-08,262.5198669433594,264.5799865722656,267.6499938964844,258.8800048828125,260.6199951171875,20899400,0.003717684226468565,266.5695277622768,246.35870819091798,210.1232871161567,0.0281663131417358,0.10216186437712649,META
2023-06-09,262.886962890625,264.95001220703125,267.95001220703125,261.70001220703125,262.4800109863281,16949800,0.0013983549189624522,266.6021248953683,247.2315241495768,211.40191938612196,0.01344245479963168,0.1114173210065148,META
2023-06-12,268.9394836425781,271.04998779296875,271.75,265.3299865722656,267.1700134277344,15442500,0.023023282270834056,266.3810032435826,248.2478805541992,212.7020497639974,0.013890489058921375,0.10153122645064583,META
2023-06-13,269.2073669433594,271.32000732421875,275.7200012207031,269.0899963378906,274.8800048828125,16164000,0.0009960727861635377,266.1981506347656,249.17857615152994,213.61212972005208,0.013822149662174134,0.1488649120597476,META
2023-06-14,271.2216491699219,273.3500061035156,274.989990234375,268.32000732421875,271.8900146484375,19175100,0.007482270078390085,266.4759783063616,250.30672454833984,214.5692859225803,0.013310268475601331,0.1907075991142957,META
2023-06-15,279.63555908203125,281.8299865722656,283.989990234375,271.4200134277344,272.29998779296875,25973500,0.031022265139454275,267.99405779157365,251.7884302775065,215.62511105007596,0.013890417430094407,0.13046875630927435,META
2023-06-16,278.81201171875,281.0,287.8500061035156,280.1300048828125,284.75,43127700,-0.0029450738167374757,270.46041434151783,253.35877278645833,216.61048940022786,0.013442805852419228,0.14843425737337723,META
2023-06-20,282.1160583496094,284.3299865722656,284.79998779296875,276.2200012207031,278.7300109863281,20701600,0.011850445791382613,273.25987025669644,255.06372528076173,217.72287055121527,0.013358365564206331,0.10544104693241163,META
2023-06-21,279.447021484375,281.6400146484375,284.0,278.3599853515625,283.5299987792969,20556200,-0.009460776110542413,275.62559291294644,256.6635025024414,218.86634148491754,0.013661280286952434,0.11202249227906336,META
2023-06-22,282.661865234375,284.8800048828125,285.260009765625,277.7900085449219,279.0799865722656,17563100,0.011504304940962662,277.58593314034596,258.3671340942383,220.08709547254773,0.013644258561159119,0.09073969388045944,META
2023-06-23,286.48187255859375,288.7300109863281,289.6700134277344,278.95001220703125,281.510009765625,51092000,0.013514406412946212,280.053719656808,260.2076914469401,221.29208424886068,0.013611784400572742,0.0963875340641398,META
2023-06-26,276.3017578125,278.4700012207031,289.7900085449219,277.6000061035156,288.70001220703125,24232700,-0.03553493509091621,280.7794494628906,261.6192825317383,222.38340945773655,0.015658567383543598,0.1227061707188628,META
2023-06-27,284.81488037109375,287.04998779296875,289.3500061035156,280.6499938964844,282.010009765625,26108300,0.030810960545429422,281.5193525041853,263.3801300048828,223.59490152994792,0.01607389314989481,0.06326430592102228,META
2023-06-28,283.0686340332031,285.2900085449219,289.54998779296875,284.05999755859375,284.82000732421875,16722100,-0.006131162583975169,282.12744140625,264.9157460530599,224.83902723524307,0.01600177203933357,0.07168156256963831,META
2023-06-29,279.3379211425781,281.5299987792969,286.57000732421875,280.69000244140625,284.5,15395700,-0.01317953472085287,281.7305646623884,266.3283284505208,226.03684946695964,0.01634902813744778,0.07143104515343834,META
2023-06-30,284.7454833984375,286.9800109863281,289.04998779296875,284.4200134277344,284.760009765625,19694900,0.019358496811821224,282.48748779296875,267.7997817993164,227.30357547336155,0.016446958568244973,0.0669383551219973,META
2023-07-03,283.79296875,286.0199890136719,289.3999938964844,284.8500061035156,286.70001220703125,8629300,-0.0033451440109575348,282.6490740094866,269.0952835083008,228.57030181884767,0.01636126899149389,0.055695314758227754,META
2023-07-05,292.0779113769531,294.3699951171875,298.1199951171875,286.3599853515625,287.6499938964844,33865500,0.029193614850449467,283.4485081263951,270.70696818033855,229.91894073486327,0.016823771364856115,-0.00027176386029648114,META
2023-07-06,289.7164611816406,291.989990234375,298.1199951171875,291.30999755859375,295.8900146484375,47600500,-0.008085000964913158,285.3648943219866,272.15130004882815,231.25953165690103,0.01699644201464158,-0.023630976752446298,META
2023-07-07,288.2677917480469,290.5299987792969,296.20001220703125,288.6600036621094,292.17999267578125,25586000,-0.005000300734329,285.85816737583707,273.59960021972654,232.59339701334636,0.016965292095730358,-0.02505769927648427,META
2023-07-10,291.81005859375,294.1000061035156,298.1300048828125,287.04998779296875,295.54998779296875,37058300,0.012288111773510746,287.106942313058,275.08428344726565,233.90708804660375,0.016990789847202332,-0.01428096036490989,META
2023-07-11,295.9673767089844,298.2900085449219,300.17999267578125,291.8999938964844,293.8999938964844,27585900,0.014246658032518678,289.48257882254467,276.5924468994141,235.28372921413845,0.01699561979486018,-0.035837360087001224,META
2023-07-12,306.93133544921875,309.3399963378906,309.45001220703125,300.1000061035156,301.75,36677100,0.03704448396356508,292.6519862583705,278.1568349202474,236.76995493570965,0.016998323661522565,-0.048813495485868,META
2023-07-13,310.96966552734375,313.4100036621094,316.239990234375,310.2900085449219,313.6199951171875,30281000,0.013157112395235204,296.5343715122768,279.8399597167969,238.1828667534722,0.017035493806886504,-0.08506431986169771,META
2023-07-14,306.4649963378906,308.8699951171875,314.8800048828125,307.3599853515625,311.7900085449219,23054100,-0.014485879778061594,298.5896693638393,281.3001668294271,239.549585808648,0.017435115541501334,-0.07566286223847352,META
2023-07-17,308.2013854980469,310.6199951171875,311.7099914550781,304.7099914550781,307.5400085449219,25323100,0.005665864555186584,301.2303728376116,282.5573018391927,240.93989732530383,0.01681111204966947,-0.06554615574806699,META
2023-07-18,309.6202087402344,312.04998779296875,314.20001220703125,307.6199951171875,310.8800048828125,20731900,0.004603558935644347,304.2807181222098,283.8617309570312,242.34090237087673,0.016789648112945872,-0.045056716509119465,META
2023-07-19,313.5494079589844,316.010009765625,318.67999267578125,310.5199890136719,313.0299987792969,21763700,0.01269038359846375,307.38633946010043,285.3374827067057,243.8217256334093,0.016760410455678044,-0.06616871644021194,META
2023-07-20,300.1644592285156,302.5199890136719,315.5400085449219,302.2200012207031,313.5,23836900,-0.04268848350758059,307.98592267717635,286.37599792480466,245.1778613620334,0.018887393443125355,-0.02191578123524207,META
2023-07-21,291.9687805175781,294.260009765625,305.4599914550781,291.20001220703125,304.57000732421875,42139300,-0.027303961075212158,305.8484148297991,287.3900400797526,246.4276094224718,0.018862587178637893,0.007204695443290721,META
2023-07-24,289.3393859863281,291.6099853515625,297.5199890136719,288.29998779296875,295.7799987792969,24915700,-0.009005738649827011,302.7583748953683,288.2840240478516,247.50349951850043,0.01900807180031538,0.029285714813080732,META
2023-07-25,292.1771240234375,294.4700012207031,298.29998779296875,291.8599853515625,295.19000244140625,19585600,0.009807645189526593,300.71725027901783,289.26036275227864,248.5697981092665,0.01903916771398961,0.015960940290743908,META
2023-07-26,296.2452392578125,298.57000732421875,301.7699890136719,291.8999938964844,301.19000244140625,47256900,0.013923455670843854,299.0092293875558,290.17055460611977,249.60214148627387,0.018791628623554685,0.00033500340566194886,META
2023-07-27,309.28289794921875,311.7099914550781,325.3500061035156,309.8399963378906,325.1199951171875,64229200,0.04400968172204123,298.96104213169644,291.50640563964845,250.88209686279296,0.020190767585686796,-0.04433591834374617,META
2023-07-28,322.9456787109375,325.4800109863281,326.20001220703125,314.25,316.8800048828125,39220300,0.0441756749316351,300.3033665248326,293.2305399576823,252.28960689968534,0.02143011870644754,-0.05505711243432887,META
2023-07-31,316.1192626953125,318.6000061035156,325.6600036621094,317.5899963378906,323.69000244140625,25799600,-0.02113796983713534,302.58262416294644,294.44666341145836,253.5733106825087,0.02145069009942881,-0.05317014004600629,META
2023-08-01,320.197265625,322.7099914550781,324.1400146484375,314.6600036621094,317.5400085449219,22817900,0.012900203850019887,306.6152648925781,295.826171875,254.92823367648654,0.02146076050658396,-0.05469298024899205,META
2023-08-02,311.8626708984375,314.30999755859375,318.3900146484375,310.6499938964844,318.0,20461100,-0.02602956246454513,309.8328770228795,296.8177256266276,256.1412701076931,0.022138114165498882,-0.008240145233697316,META
2023-08-03,310.7513732910156,313.19000244140625,315.95001220703125,309.92999267578125,309.92999267578125,15180200,-0.0035634197713383386,312.48634120396207,297.8612040201823,257.32288614908856,0.022044275537415444,-0.04112504138145667,META
2023-08-04,308.3105163574219,310.7300109863281,318.4100036621094,310.20001220703125,314.9599914550781,17612800,-0.007854693955955283,314.209952218192,298.7161590576172,258.5123294406467,0.022093661003678718,-0.026325190277983634,META
2023-08-07,314.09515380859375,316.55999755859375,317.07000732421875,310.4599914550781,313.2300109863281,16236500,0.018762374762675282,314.8974173409598,299.6366017659505,259.78985985649956,0.022199201974141183,-0.03629646326806424,META
2023-08-08,310.2056884765625,312.6400146484375,317.8900146484375,310.1099853515625,314.3999938964844,15183500,-0.012383079728767288,313.0774187360491,300.76673278808596,260.9726888020833,0.021181336032185995,-0.04148543702692231,META
2023-08-09,302.83349609375,305.2099914550781,313.6300048828125,302.8500061035156,312.8800048828125,19955800,-0.023765497077174014,311.179452078683,301.3673533121745,262.04615359836157,0.021150139302059837,-0.03106039474172162,META
2023-08-10,303.35943603515625,305.739990234375,312.3399963378906,303.8699951171875,307.94000244140625,14358900,0.0017367297481631905,308.7740478515625,302.04371337890626,263.08026089138457,0.021091170334069678,-0.021783450742126953,META
2023-08-11,299.29132080078125,301.6400146484375,304.7200012207031,300.3599853515625,302.57000732421875,14046300,-0.013410214917143892,306.9781406947545,302.7088267008464,264.0567092895508,0.021097134293895144,-0.002685380034909146,META
2023-08-14,303.8058776855469,306.19000244140625,306.2099914550781,298.25,300.9800109863281,15641900,0.015084155707177027,305.98592703683033,303.34417317708335,265.06512875027124,0.020993652718879912,-0.023612594575791235,META
2023-08-15,299.5989074707031,301.95001220703125,307.2300109863281,300.0299987792969,306.1400146484375,11623600,-0.013847560313491214,304.7414114815848,303.87103780110675,266.0625242445204,0.021179065326573095,-0.013942692953846425,META
2023-08-16,291.99853515625,294.2900085449219,301.0799865722656,294.2799987792969,300.20001220703125,18547700,-0.025368491422807837,301.58475167410717,303.86839192708334,266.924536980523,0.021108086616196124,0.0328587129376785,META
2023-08-17,282.87017822265625,285.0899963378906,296.04998779296875,284.95001220703125,293.04998779296875,23950100,-0.031261653174763704,297.679678780692,303.6401824951172,267.70000729031034,0.02183364557729269,0.0530358427849984,META
2023-08-18,281.0444641113281,283.25,285.69000244140625,274.3800048828125,279.0299987792969,35347900,-0.006454247396454282,294.5669599260603,303.39940490722654,268.4651138305664,0.021845436134981744,0.08321282968836274,META
2023-08-21,287.6427307128906,289.8999938964844,290.5,281.8500061035156,283.45001220703125,20181500,0.023477660812236456,292.32171630859375,303.2604939778646,269.3018805609809,0.02216651132606965,0.03808210449189997,META
2023-08-22,285.3606872558594,287.6000061035156,292.8999938964844,286.75,292.54998779296875,12980200,-0.007933603784720966,290.33162580217635,302.9069376627604,270.0432849460178,0.02203609215409895,0.06251703749634108,META
2023-08-23,291.9489440917969,294.239990234375,297.3999938964844,287.6700134277344,288.5,18287000,0.023087471856382047,288.63777814592635,302.40752461751305,270.84532436794706,0.021341984420767353,0.0358552264690537,META
2023-08-24,284.5172424316406,286.75,299.4599914550781,286.6400146484375,298.5,18360900,-0.025455483948657487,286.4832545689174,301.52577718098956,271.59378390842016,0.021593703391472326,0.10001747280211948,META
2023-08-25,283.2769775390625,285.5,288.3900146484375,276.0299987792969,286.1300048828125,23701400,-0.004359190613469122,285.23731776646207,300.7528432210286,272.33915642632377,0.021482528712167093,0.11509627877213058,META
2023-08-28,287.9999694824219,290.260009765625,291.45001220703125,285.79998779296875,288.0,14239300,0.01667269957618811,285.9701450892857,300.0794626871745,273.1611509535048,0.02171767804749792,0.10879878031399826,META
2023-08-29,295.66973876953125,297.989990234375,299.1499938964844,288.17999267578125,288.5799865722656,20844500,0.026631146179956433,288.0594700404576,299.61444702148435,274.0973595513238,0.022313857640446622,0.10010397887971578,META
2023-08-30,292.80224609375,295.1000061035156,298.2900085449219,293.42999267578125,297.1700134277344,17717000,-0.009698296104683202,288.79654366629467,298.9228749593099,275.00369144015843,0.022204096226773315,0.09847492491566046,META
2023-08-31,293.58612060546875,295.8900146484375,301.1000061035156,295.6600036621094,295.79998779296875,17229900,0.00267714651160067,289.9716055733817,298.70359700520834,275.91983574761286,0.020843541725704587,0.06353715035919105,META
2023-09-01,294.07232666015625,296.3800048828125,301.739990234375,294.4700012207031,299.3699951171875,12842300,0.001656093461382957,290.2749459402902,298.7737152099609,276.8991509331597,0.02022212490627867,0.0835748714062714,META
2023-09-05,297.8128967285156,300.1499938964844,301.3900146484375,295.510009765625,297.0199890136719,14956000,0.012719898233342297,292.174325125558,299.05616556803386,277.8996326022678,0.020261326781785858,0.07946031518640795,META
2023-09-06,296.8405456542969,299.1700134277344,303.29998779296875,295.6600036621094,301.7099914550781,15418100,-0.0032649730246744335,294.11197771344865,299.21161295572915,278.5678332858615,0.020209438638624157,0.059497859075133164,META
2023-09-07,296.344482421875,298.6700134277344,307.04998779296875,292.2200012207031,298.0,33748700,-0.00167114378303157,295.3040509905134,299.2149210611979,279.21111874050564,0.02005821897349786,0.047342928605147216,META
2023-09-08,295.570556640625,297.8900146484375,305.25,296.7799987792969,299.2200012207031,17548000,-0.002611574796078875,295.28988211495533,298.7578430175781,279.81427493625216,0.018273975727520535,0.036120573374622156,META
2023-09-11,305.16522216796875,307.55999755859375,309.0400085449219,301.2799987792969,301.4100036621094,19489300,0.03246150643823964,297.0560215541295,298.1651611328125,280.5674752129449,0.017370478907667998,0.020971525614786213,META
2023-09-12,299.3111572265625,301.6600036621094,308.6600036621094,300.2300109863281,306.3299865722656,13480400,-0.019183263740925383,297.87388392857144,297.6048909505208,281.27999487982856,0.01729872618955985,0.036100245640523054,META
2023-09-13,302.6847229003906,305.05999755859375,307.17999267578125,301.32000732421875,302.3599853515625,13210900,0.01127109896299161,299.1042262486049,297.02113952636716,282.0686947292752,0.01725389358772283,-0.018127670737932533,META
2023-09-14,309.2928771972656,311.7200012207031,312.8699951171875,305.0299987792969,306.739990234375,19343100,0.021831806486809935,300.74422345842635,296.93547973632815,282.93897688123917,0.01714187365762952,-0.07497127009231164,META
2023-09-15,297.9717102050781,300.30999755859375,312.0,298.75,311.6099853515625,28131100,-0.03660338736144553,300.9058183942522,296.5094909667969,283.6780658298069,0.018386038506207764,-0.011921010961049805,META
2023-09-18,300.1941833496094,302.54998779296875,303.6000061035156,297.79998779296875,298.19000244140625,14234200,0.007458671640343528,301.45577566964283,296.23894653320315,284.4407465616862,0.018408483417130035,0.0003637375425229461,META
2023-09-19,302.6946105957031,305.07000732421875,306.1700134277344,299.80999755859375,302.4800109863281,15924400,0.008329366072965305,302.47349766322543,295.8589284261068,285.23440721299914,0.01812399422472249,-0.012456172418615075,META
2023-09-20,297.336669921875,299.6700134277344,308.05999755859375,299.42999267578125,305.04998779296875,19379500,-0.01770081291927761,301.3551330566406,295.4299611409505,285.93865882025824,0.018263893503668024,0.04064474981751243,META
2023-09-21,293.4273681640625,295.7300109863281,300.260009765625,293.2699890136719,295.70001220703125,21319600,-0.013147728327083441,300.5145917619978,295.1164235432943,286.6213022867839,0.01791201726647898,0.051195170726491934,META
2023-09-22,296.751220703125,299.0799865722656,305.3800048828125,298.2699890136719,299.29998779296875,25369600,0.011327684121148707,299.6669485909598,294.8961496988932,287.2852030436198,0.01804571688771438,0.051892524267930895,META
2023-09-25,298.48760986328125,300.8299865722656,300.95001220703125,293.70001220703125,295.6400146484375,18987000,0.0058513294605564425,298.1233389718192,294.8693593343099,287.96883816189234,0.01791553201363124,0.0497622801799682,META
2023-09-26,296.6322326660156,298.9599914550781,300.29998779296875,296.010009765625,297.6600036621094,19417200,-0.0062159270132366995,297.9319850376674,294.63023783365884,288.59139760335285,0.01772083480803173,0.0664303508882933,META
2023-09-27,295.42169189453125,297.739990234375,301.29998779296875,286.7900085449219,300.45001220703125,36429800,-0.004080948184910671,297.2502005440848,294.4909973144531,289.15243954128687,0.01755887937287891,0.07402427880398887,META
2023-09-28,301.5932312011719,303.9599914550781,306.3299865722656,296.70001220703125,298.94000244140625,22167100,0.020890609850152453,297.09286063058033,294.8108205159505,289.79539354112416,0.01731265616344036,0.054579424234920904,META
2023-09-29,297.8724365234375,300.2099914550781,310.6400146484375,299.3599853515625,307.3800048828125,25373700,-0.012337129261539959,297.16939871651783,295.31089579264324,290.3674594455295,0.016409401478540423,0.09513329188815045,META
2023-10-02,304.43096923828125,306.82000732421875,307.17999267578125,301.6300048828125,302.739990234375,16265600,0.022017924153676205,298.7413417271205,296.09044596354164,291.0298170301649,0.016732487151009227,0.07290924229674944,META
2023-10-03,298.5967712402344,300.94000244140625,306.7699890136719,299.6400146484375,304.260009765625,17362300,-0.01916427232303164,299.00499180385043,296.45558064778646,291.6001193576389,0.016726852826901895,0.11753155706026086,META
2023-10-04,303.2005920410156,305.5799865722656,306.8999938964844,298.5,298.7300109863281,16880500,0.015418186813136225,299.6782749720982,297.050244140625,292.1832095675998,0.016821479356528165,0.08878222519613699,META
2023-10-05,302.4168395996094,304.7900085449219,306.2099914550781,299.5,304.6300048828125,19130000,-0.002584930445321265,300.504647391183,297.3991739908854,292.6545111762153,0.016367022814591674,0.09645964340621394,META
2023-10-06,312.97393798828125,315.42999267578125,316.30999755859375,300.9100036621094,301.44000244140625,21803900,0.03490909567949041,303.0121111188616,298.3477305094401,293.2378224690755,0.016671479412219244,0.0621691906707893,META
2023-10-09,315.881103515625,318.3599853515625,320.3299865722656,311.82000732421875,312.5,22503700,0.00928884221488313,305.05323573521207,299.4345347086589,293.82918158637153,0.01664098291591339,0.06787925020616781,META
2023-10-10,319.3340148925781,321.8399963378906,324.6600036621094,318.1600036621094,319.1199951171875,19038000,0.010931047595198473,308.11917550223217,300.4790028889974,294.3719224717882,0.01652006905814214,0.04704204545574009,META
2023-10-11,325.2674560546875,327.82000732421875,328.8399963378906,322.95001220703125,323.010009765625,22036300,0.018580673794194258,311.0958164760045,301.46559346516926,294.9805904812283,0.016194907776434776,0.04169973928456572,META
2023-10-12,321.63592529296875,324.1600036621094,330.5400085449219,322.69000244140625,328.0,20530500,-0.011164752864510907,314.38712419782365,302.4267161051432,295.5623579237196,0.01623768780396696,0.04340469815736547,META
2023-10-13,312.23974609375,314.69000244140625,325.04998779296875,312.3699951171875,323.5299987792969,21341000,-0.029213711716625124,315.67843191964283,303.0485036214193,296.0426995171441,0.017287334040460033,0.06358615847260296,META
2023-10-16,318.6493835449219,321.1499938964844,321.82000732421875,315.5199890136719,318.6400146484375,16536100,0.02052793576525458,317.9973667689732,303.86773885091145,296.6771647135417,0.017607259849436622,0.055550431772130926,META
2023-10-17,321.4772033691406,324.0,324.3999938964844,317.29998779296875,318.17999267578125,16387800,0.008874392891521365,319.21211896623885,304.65654907226565,297.33224622938366,0.017546663546939678,0.025308697936666125,META
2023-10-18,314.5019226074219,316.9700012207031,325.94000244140625,315.55999755859375,321.3900146484375,16851000,-0.021697590649092713,319.0150931222098,305.24526163736977,297.9057457817925,0.018077461936609023,0.03211681339434991,META
2023-10-19,310.3742980957031,312.80999755859375,321.8900146484375,311.75,319.8800048828125,18709200,-0.013124322031159985,317.7351335797991,305.7129221598307,298.3661326090495,0.018279364146257842,0.03839407611049572,META
2023-10-20,306.2467346191406,308.6499938964844,315.29998779296875,306.4700012207031,314.1400146484375,22312300,-0.013298663909631414,315.0178876604353,306.0687947591146,298.7776811387804,0.01846952959935261,0.03683782502065491,META
2023-10-23,311.56500244140625,314.010009765625,317.3599853515625,307.260009765625,309.5,17796800,0.01736595764483706,313.57918439592635,306.28212076822916,299.22594061957466,0.01778562362912122,0.013630136731364706,META
2023-10-24,310.1163635253906,312.54998779296875,318.3500061035156,310.6300048828125,316.7799987792969,19525500,-0.004649555966376728,313.27584402901783,306.6422943115234,299.56461622450087,0.01741534669103765,0.015677492372730084,META
2023-10-25,297.19775390625,299.5299987792969,310.8800048828125,298.8399963378906,310.0,42192500,-0.04165729751336689,310.2113255092076,306.4593953450521,299.7689022488064,0.018983844637978607,0.09034164748521745,META
2023-10-26,286.10479736328125,288.3500061035156,295.0,279.3999938964844,295.0,66684100,-0.03732516951143572,305.1581246512277,305.68645935058595,299.8132215711806,0.01965186309880613,0.15397977319025058,META
2023-10-27,294.4195861816406,296.7300109863281,299.30999755859375,292.9700012207031,294.4800109863281,29596300,0.02906203913736438,302.28921944754467,305.56805521647135,299.9795834011502,0.01936650499005239,0.09621529465383971,META
2023-10-30,300.3033752441406,302.6600036621094,309.3999938964844,299.04998779296875,299.0899963378906,28435100,0.019984367000876135,300.8505161830357,305.5716949462891,300.17560017903645,0.01967034297359904,0.10427545142998595,META
2023-10-31,298.9241943359375,301.2699890136719,303.67999267578125,296.8599853515625,303.30999755859375,19434200,-0.004592625397839334,299.80443899972096,305.4460144042969,300.31384819878474,0.019627622363811336,0.11109633055059498,META
2023-11-01,309.4218444824219,311.8500061035156,312.739990234375,301.8500061035156,301.8500061035156,20434600,0.035118101329352,299.49827357700894,305.8488535563151,300.6818491617839,0.020361743095039336,0.06836618705639097,META
2023-11-02,308.4494323730469,310.8699951171875,318.82000732421875,308.3299865722656,317.29998779296875,21631800,-0.0031426743997392537,299.2601405552455,306.34958902994794,300.9444552951389,0.02019429984602216,0.07736371172792333,META
2023-11-03,312.150390625,314.6000061035156,315.54998779296875,311.0199890136719,312.54998779296875,16764300,0.011998589926004666,301.396231515067,306.86289469401044,301.2675859239366,0.02020551067739503,0.09542286761439356,META
2023-11-06,313.3410339355469,315.79998779296875,318.3299865722656,314.45001220703125,315.9800109863281,12887700,0.0038143258708178696,305.28712245396207,307.3580088297526,301.64539828830294,0.020195144566280118,0.1094363324330545,META
2023-11-07,316.3376159667969,318.82000732421875,321.0,315.1199951171875,317.05999755859375,14055600,0.00956332464220555,308.4182695661272,308.0148549397787,301.99642198350693,0.02018417484029258,0.09553943558937505,META
2023-11-08,317.2900695800781,319.7799987792969,321.3299865722656,314.8800048828125,318.1400146484375,13609700,0.0030108768771313077,310.8449401855469,308.7438008626302,302.36861199273005,0.020147831829963395,0.10729250595438411,META
2023-11-09,318.05401611328125,320.54998779296875,324.17999267578125,318.79998779296875,319.4200134277344,16103100,0.0024077227951513347,313.57777186802457,309.29249369303386,302.6572353786892,0.01984898775774071,0.10244920501777299,META
2023-11-10,326.21002197265625,328.7699890136719,329.1000061035156,319.4599914550781,319.94000244140625,19096200,0.025643461318438643,315.976082938058,310.23707987467446,303.0627193874783,0.020114839055794823,0.07926514956615294,META
2023-11-13,326.6268005371094,329.19000244140625,332.3299865722656,325.70001220703125,326.20001220703125,16908900,0.0012776387492106078,318.5728498186384,310.97694091796876,303.48893059624567,0.019800805038661017,0.08700122312564251,META
2023-11-14,333.6913146972656,336.30999755859375,338.1000061035156,333.3299865722656,334.5400085449219,17179400,0.02162870330462563,321.6501246861049,312.1467590332031,303.95427788628473,0.019659186509410103,0.0654457671511286,META
2023-11-15,330.1194152832031,332.7099914550781,338.3999938964844,330.0199890136719,337.92999267578125,14531200,-0.010704202527126117,324.04703630719865,313.04405314127604,304.3337449815538,0.019709802229677827,0.06386932182022709,META
2023-11-16,331.5878601074219,334.19000244140625,334.5799865722656,326.3800048828125,329.3699951171875,18932600,0.004448223146642283,326.2256426130022,314.01642049153645,304.60770636664495,0.019682549558676453,0.03620699001451477,META
2023-11-17,332.4312744140625,335.0400085449219,335.5,329.3500061035156,330.260009765625,14494400,0.002543562078440864,328.388671875,314.6649983723958,304.8461686876085,0.01875316075305658,0.02814596164841099,META
2023-11-20,337.3228759765625,339.9700012207031,341.8699951171875,334.19000244140625,334.8900146484375,16960500,0.014714625063847686,331.141366141183,315.3797241210938,305.1890340169271,0.018849964879636104,0.02103127400845861,META
2023-11-21,334.35614013671875,336.9800109863281,339.8999938964844,335.8999938964844,338.3299865722656,12027900,-0.008794944105865787,332.3050973074777,315.8804616292318,305.47964240180124,0.018884839676792515,0.04442405210136169,META
2023-11-22,338.8310241699219,341.489990234375,342.9200134277344,338.5799865722656,339.2099914550781,10702700,0.013383585632294137,334.0485578264509,316.33258056640625,305.8042070176866,0.01874805329847143,0.05027968132406069,META
2023-11-24,335.596435546875,338.2300109863281,341.8599853515625,336.7699890136719,340.1300048828125,5467500,-0.009546317758154177,334.32071794782365,316.7979309082031,306.04917399088544,0.018712549107297263,0.05676602626358296,META
2023-11-27,332.0938720703125,334.70001220703125,339.8999938964844,334.20001220703125,336.17999267578125,15684500,-0.010436831579736072,334.602783203125,317.45973510742186,306.40394524468314,0.017945077773275357,0.10687193922616811,META
2023-11-28,336.3504943847656,338.989990234375,339.3800048828125,333.3999938964844,333.3999938964844,12637200,0.01281752742956943,335.2831595284598,318.0497721354167,306.89707539876304,0.01772762294473091,0.09050437901878072,META
2023-11-29,329.6133728027344,332.20001220703125,339.8999938964844,330.7799987792969,339.69000244140625,16024500,-0.020030062968554363,334.88060215541293,318.32097778320315,307.34456414116755,0.01811978998957872,0.1273028564349712,META
2023-11-30,324.60272216796875,327.1499938964844,333.5,322.3999938964844,331.8900146484375,23146400,-0.015201599959854706,333.06343732561385,318.657671101888,307.70484856499564,0.017876468600198887,0.12321552167792249,META
2023-12-01,322.29083251953125,324.82000732421875,326.8599853515625,320.760009765625,325.4800109863281,15276400,-0.007122212755939827,331.3398219517299,319.0548889160156,307.9942440456814,0.017743611335542572,0.13407417184981552,META
2023-12-04,317.5281982421875,320.0199890136719,320.8599853515625,313.6600036621094,317.2900085449219,19037100,-0.014777442597766477,328.2965611049107,319.4309377034505,308.08585849338107,0.01778787870852881,0.1753328571412096,META
2023-12-05,315.8116760253906,318.2900085449219,321.8800048828125,315.3900146484375,318.9800109863281,16952100,-0.005405889071583014,325.4701668875558,319.57249348958334,308.006591796875,0.017565791749656414,0.20471889836968904,META
2023-12-06,314.97821044921875,317.45001220703125,322.25,317.0400085449219,321.92999267578125,11294300,-0.002639122108027636,323.0250723702567,319.73455505371095,307.9939134385851,0.017548896713035955,0.20264608612598178,META
2023-12-07,324.0470886230469,326.5899963378906,328.239990234375,317.7699890136719,317.7699890136719,15905100,0.028792081080447396,321.26744297572543,320.62953287760416,308.03668924967445,0.016363378094292537,0.17946051067135982,META
2023-12-08,330.1591491699219,332.75,333.1700134277344,323.0,323.0899963378906,14087400,0.01886164314219463,321.3454110281808,322.09801127115884,308.239983452691,0.01471973864652614,0.1741547355008548,META
2023-12-11,322.74725341796875,325.2799987792969,329.8900146484375,320.0,329.3999938964844,25802500,-0.022449463449939033,321.0803440638951,323.0422668457031,308.3732710096571,0.014806895680947717,0.20874314542413974,META
2023-12-12,331.6176452636719,334.2200012207031,334.4700012207031,324.55999755859375,324.6000061035156,18485500,0.02748401962143321,322.4127458844866,324.08607584635416,308.63223910861547,0.015159635531324888,0.1792831640369663,META
2023-12-13,332.1335754394531,334.739990234375,338.3699951171875,332.6400146484375,333.92999267578125,16353300,0.00155579832119912,324.49922834123885,325.19305521647135,308.832666015625,0.015088941398607546,0.19800442014515185,META
2023-12-14,330.5758361816406,333.1700134277344,334.70001220703125,328.6400146484375,333.8500061035156,19607300,-0.004690098722333058,326.60839407784596,325.898188273112,309.05900099012587,0.013929970276301284,0.20076827572034728,META
2023-12-15,332.3122253417969,334.9200134277344,338.6600036621094,331.2200012207031,331.989990234375,31776900,0.005252619732321051,329.08468191964283,326.69361470540366,309.38654242621527,0.01390115508159474,0.1648751832892883,META
2023-12-18,341.9366760253906,344.6199951171875,347.55999755859375,337.0199890136719,337.4800109863281,18993900,0.02896207226109304,331.6403372628348,327.6864908854167,309.8151784261068,0.014623708920755978,0.14555162749950212,META
2023-12-19,347.6319274902344,350.3599853515625,353.6000061035156,345.1199951171875,345.5799865722656,17729400,0.016655866024798183,334.1364484514509,328.8295206705729,310.3522962782118,0.014830444011136663,0.3557199358136274,META
2023-12-20,346.5603332519531,349.2799987792969,354.9599914550781,347.7900085449219,348.6499938964844,16369900,-0.0030825541428767256,337.53831699916293,329.8369445800781,310.8273457845052,0.0148340412385712,0.31530591209702563,META
2023-12-21,351.3329162597656,354.0899963378906,356.4100036621094,349.2099914550781,352.9800109863281,15289600,0.013771290450435902,340.3547842843192,330.9717061360677,311.4021681043837,0.014960067514970138,0.284193314783604,META
2023-12-22,350.6383972167969,353.3900146484375,357.20001220703125,351.2200012207031,355.5799865722656,11772800,-0.001976811766920328,342.99833025251115,332.05785217285154,312.05372212727866,0.014992595900186315,0.3288150040919191,META
2023-12-26,352.0671081542969,354.8299865722656,356.9800109863281,353.45001220703125,354.989990234375,9898600,0.004074599213435892,346.0685119628906,332.9197550455729,312.82257690429685,0.014392533011671215,0.32457822041020123,META
2023-12-27,355.0437316894531,357.8299865722656,359.0,355.30999755859375,356.07000732421875,13207900,0.008454704987242767,349.3158700125558,333.8669860839844,313.64479098849824,0.014428615454739752,0.30819112102872315,META
2023-12-28,355.5299987792969,358.32000732421875,361.8999938964844,357.80999755859375,359.70001220703125,11798800,0.001369597732453709,351.25777326311385,334.5949422200521,314.39909396701387,0.013988472350348186,0.30860676736074066,META
2023-12-29,351.20391845703125,353.9599914550781,360.0,351.82000732421875,358.989990234375,14987100,-0.012167975521388152,351.768057686942,335.297758992513,315.1306854248047,0.014037535885767356,0.29992092629200795,META
2024-01-02,343.5936584472656,346.2900085449219,353.1600036621094,340.010009765625,351.32000732421875,19042200,-0.02166906349792541,351.344247000558,335.6979522705078,315.7045155843099,0.014685680202230324,0.36671570352886884,META
2024-01-03,341.7878723144531,344.4700012207031,347.95001220703125,343.17999267578125,344.9800109863281,15451100,-0.00525558632535017,349.9806692940848,336.0098388671875,316.3408559163411,0.014731685623035763,0.40514388548626945,META
2024-01-04,344.4172058105469,347.1199951171875,348.1499938964844,343.3999938964844,344.5,12099900,0.007692881196424306,349.0919276646205,336.24631652832034,317.0201917860243,0.014561566917820942,0.3635630700106851,META
2024-01-05,349.2095947265625,351.95001220703125,353.5,346.260009765625,346.989990234375,13920700,0.013914487531879516,348.68371146065846,336.7414316813151,317.7002987331814,0.014635870084447597,0.3403893243845528,META
2024-01-08,355.8673400878906,358.6600036621094,358.9800109863281,352.04998779296875,354.70001220703125,13890200,0.019065184524901913,348.8013698032924,337.30930887858074,318.36916097005206,0.014829710709886458,0.30632521346042174,META
2024-01-09,354.64691162109375,357.42999267578125,360.6400146484375,355.3599853515625,356.3999938964844,13463900,-0.003429447800676111,348.6752144949777,337.94432474772134,319.0563239203559,0.014710721381490993,0.3615136127740388,META
2024-01-10,367.58538818359375,370.4700012207031,372.94000244140625,359.0799865722656,360.1700134277344,22117200,0.036482699097415194,351.0154244559152,339.12737528483075,319.8785380045573,0.01580243335514556,0.3079157575094409,META
2024-01-11,366.79168701171875,369.6700134277344,372.7799987792969,362.92999267578125,372.1300048828125,17205400,-0.0021592293855776656,354.32942853655135,340.14208170572914,320.68653089735244,0.015734689487840986,0.3045447095148277,META
2024-01-12,371.5740966796875,374.489990234375,377.05999755859375,369.5400085449219,370.1600036621094,19310000,0.013038489794933605,358.5846034458705,341.5407725016276,321.5060997856988,0.015214597755429613,0.3019486289950344,META
2024-01-16,364.59881591796875,367.4599914550781,375.6099853515625,367.2300109863281,373.6499938964844,15306900,-0.018772247107773365,361.46769060407365,342.8739756266276,322.25896945529513,0.015383930360667063,0.3186022066808436,META
2024-01-17,365.501708984375,368.3699951171875,368.5400085449219,358.6099853515625,366.29998779296875,12724800,0.0024764015322786825,363.7951354980469,344.3143381754557,323.02738308376735,0.015243934829948524,0.33194895781496836,META
2024-01-18,373.2013244628906,376.1300048828125,376.8500061035156,370.95001220703125,371.489990234375,16354300,0.021065880922720437,366.2714189801897,346.17010904947915,323.8899471706814,0.01509994719226095,0.33685922410559566,META
2024-01-19,380.46429443359375,383.45001220703125,384.3599853515625,377.9700012207031,379.0,21670800,0.01946126525985936,369.9596165248326,348.3251963297526,324.72660352918837,0.015162518957110746,0.30060926984033287,META
2024-01-22,378.80731201171875,381.7799987792969,390.3500061035156,381.1600036621094,387.95001220703125,17680500,-0.0043551588049590695,371.56274850027904,350.4528330485026,325.6098941379123,0.015200742058921683,0.2854002309559245,META
2024-01-23,382.20074462890625,385.20001220703125,388.3800048828125,382.0799865722656,384.6199951171875,15506100,0.008958202520342295,373.76404244559154,352.3912882486979,326.4934054904514,0.014607641002403028,0.28924267847039364,META
2024-01-24,387.6579284667969,390.70001220703125,396.1499938964844,387.80999755859375,390.0,15698500,0.01427831817331815,376.06173270089283,354.3079142252604,327.36412828233506,0.01448784769072961,0.3123454520764164,META
2024-01-25,390.1185302734375,393.17999267578125,395.489990234375,385.6600036621094,390.1700134277344,15091100,0.006347353235808706,379.7074061802455,356.553623453776,328.38798183865015,0.013494372577345414,0.28818067550708726,META
2024-01-26,391.07110595703125,394.1400146484375,396.7900085449219,391.5899963378906,394.3500061035156,13163700,0.002441759643988517,383.3601771763393,358.535405476888,329.39772542317706,0.012908716825810455,0.22825151713457248,META
2024-01-29,397.8974914550781,401.0199890136719,402.92999267578125,393.1000061035156,394.989990234375,18742400,0.017455612020584654,386.88820103236606,360.7275360107422,330.45553521050346,0.01306276667007863,0.247519443670017,META
2024-01-30,396.9449768066406,400.05999755859375,406.3599853515625,399.57000732421875,403.5899963378906,18614700,-0.0023938694485211576,389.2425842285156,362.93984069824216,331.56229417588975,0.013003822974931733,0.24005348466409826,META
2024-01-31,387.1022644042969,390.1400146484375,398.0,387.1000061035156,389.0,20180800,-0.024796163139603866,390.42757742745533,364.76617533365885,332.6031263563368,0.014182996676752158,0.2619873425714887,META
2024-02-01,391.70611572265625,394.7799987792969,400.5,393.04998779296875,393.94000244140625,29727100,0.011893113891865648,391.78548758370533,366.42515665690104,333.65818074544273,0.013523810986956958,0.22755372513541827,META
2024-02-02,471.2915344238281,474.989990234375,485.9599914550781,453.010009765625,459.6000061035156,84707600,0.20317634958122932,403.733145577567,370.5471435546875,335.578224351671,0.03869466235248033,0.04740598840362997,META
2024-02-05,455.8328552246094,459.4100036621094,471.8999938964844,459.2200012207031,469.8800048828125,40832400,-0.0328006723441735,413.1209062848772,374.18956095377604,337.3471201578776,0.039436801903466726,0.08131411083188156,META
2024-02-06,451.17938232421875,454.7200012207031,467.1199951171875,453.0,464.0,21655200,-0.010208726394014822,421.70780290876115,377.5177764892578,339.0777611626519,0.039597376214478154,0.1128965927650285,META
2024-02-07,465.9335632324219,469.5899963378906,471.5199890136719,456.17999267578125,458.0,23066000,0.032701363329587396,431.42724173409596,381.36094868977864,340.903764851888,0.03977000690634614,0.08243108610059502,META
2024-02-08,466.3404235839844,470.0,470.5899963378906,465.0299987792969,468.32000732421875,18815100,0.0008732153759001271,441.3408769880022,385.17005920410156,342.77563137478296,0.03979133044107812,0.08536308679976878,META
2024-02-09,464.4650573730469,468.1099853515625,473.5899963378906,467.4700012207031,472.95001220703125,18413100,-0.004021453247661122,452.39270455496654,388.81743672688805,344.55378790961373,0.0398742786027039,0.07571668647337493,META
2024-02-12,465.24896240234375,468.8999938964844,479.1499938964844,466.5799865722656,468.19000244140625,19382000,0.0016877588891843764,462.8988255092076,392.4747355143229,346.405478922526,0.03987203190416515,0.058682367090977294,META
2024-02-13,456.5373229980469,460.1199951171875,467.8900146484375,455.0899963378906,456.8699951171875,20916600,-0.018724683144512033,460.7910810198103,395.98584899902346,348.1092203776042,0.040013748389078,0.07446756527403586,META
2024-02-14,469.5948486328125,473.2799987792969,474.1099853515625,466.0899963378906,467.92999267578125,16858400,0.028601222675547877,462.757080078125,400.185888671875,349.96675381130643,0.0397157753200425,0.027077434134987532,META
2024-02-15,480.2611389160156,484.0299987792969,488.6199951171875,472.2200012207031,475.2799987792969,24212300,0.022713814502559382,466.91161673409596,404.8016642252604,351.82550048828125,0.03964544650457939,0.016200153051397992,META
2024-02-16,469.63458251953125,473.32000732421875,478.9599914550781,469.2099914550781,478.1099853515625,23324600,-0.022126621405323954,467.4403337751116,408.97557678222654,353.53387247721355,0.04013031004529455,0.05192609831472983,META
2024-02-20,468.0768127441406,471.75,476.17999267578125,466.55999755859375,469.7200012207031,18015500,-0.0033169826783908674,467.68838936941967,412.9378173828125,355.1865702311198,0.04021179419912408,0.07531023883844634,META
2024-02-21,464.87847900390625,468.0299987792969,469.0,461.7900085449219,466.5,12921800,-0.006832924966917009,467.74744960239957,416.57152201334634,356.7378038194444,0.04029992391511246,0.09163942452303653,META
2024-02-22,482.8565979003906,486.1300048828125,489.989990234375,476.05999755859375,480.239990234375,21625800,0.038672727838479526,470.2628261021205,420.8451782226563,358.52914462619356,0.04056072078199425,0.0847713456592285,META
2024-02-23,480.7707214355469,484.0299987792969,494.3599853515625,482.3500061035156,488.04998779296875,18374300,-0.004319867376595399,473.7247401646205,424.61802266438804,360.40171101888023,0.04036248150900479,0.07276403708416246,META
2024-02-26,478.49615478515625,481.739990234375,486.1400146484375,480.6000061035156,483.4700012207031,12101400,-0.0047310839636800495,474.99635532924106,428.3415049235026,362.1777862548828,0.04039126071324043,0.0729853676444232,META
2024-02-27,483.7703857421875,487.04998779296875,487.2699890136719,479.9200134277344,479.9800109863281,10809600,0.01102251481916161,475.49767630440846,432.0813812255859,363.98104383680555,0.04038704496955814,0.06730313821662981,META
2024-02-28,480.76080322265625,484.0199890136719,491.04998779296875,482.75,485.0,12715500,-0.006221097049820545,477.0871364048549,435.9534474690755,365.82836473253036,0.040147863335839556,0.08086433741685228,META
2024-02-29,486.8296203613281,490.1300048828125,491.70001220703125,482.6099853515625,488.44000244140625,17732000,0.01262336092707872,479.76610892159596,439.9977111816406,367.78897942437067,0.04012532697554067,0.04441692373821593,META
2024-03-01,498.9176330566406,502.29998779296875,504.25,491.8500061035156,492.1099853515625,16273600,0.024830068241001202,484.62884521484375,444.18825480143227,369.92976718478735,0.040166004333413094,-0.00412092020733601,META
2024-03-04,494.83538818359375,498.19000244140625,504.4200134277344,496.4200134277344,503.0,12324100,-0.00818220203610931,486.34010096958707,448.00062459309896,371.96610480414495,0.04026861818073459,0.0031514485007060333,META
2024-03-05,486.91900634765625,490.2200012207031,495.5799865722656,487.8900146484375,495.0,15325300,-0.015998010702097054,487.2184273856027,451.60434773763023,373.9305786132812,0.0404624737370264,0.008057792734505131,META
2024-03-06,492.74951171875,496.0899963378906,502.9700012207031,494.2900085449219,497.6300048828125,11757900,0.011974281749295379,489.25462123325894,455.289306640625,376.10337592230906,0.0404658045020557,0.011510046563893761,META
2024-03-07,508.7411193847656,512.1900024414062,519.8499755859375,501.3800048828125,503.2799987792969,18586400,0.03245382752432491,492.8218688964844,459.3254130045573,378.5771128336589,0.04067963517368199,-0.06075872432557072,META
2024-03-08,502.54315185546875,505.95001220703125,523.5700073242188,499.3500061035156,514.1900024414062,18597100,-0.012182949820907396,495.93363298688615,463.072900390625,380.8895968967014,0.04087449809766034,-0.04787034744057539,META
2024-03-11,480.33367919921875,483.5899963378906,497.32000732421875,476.0,497.010009765625,20428300,-0.044194160390504056,495.0056413922991,466.04831949869794,382.88993360731337,0.042011738358850026,0.025869061005081795,META
2024-03-12,496.3848571777344,499.75,502.30999755859375,484.7300109863281,493.260009765625,15448200,0.033416723985032926,494.64381626674106,469.33123168945315,385.0839409722222,0.04224058549388347,-0.01250631780477729,META
2024-03-13,492.2330017089844,495.57000732421875,500.9800109863281,491.0299987792969,495.3900146484375,12090700,-0.00836418639431502,494.2720467703683,472.5074991861979,387.11517605251737,0.042306164559216215,-0.10934876990228648,META
2024-03-14,488.5181579589844,491.8299865722656,501.3500061035156,488.1600036621094,500.260009765625,12620000,-0.007546921350462976,494.500497000558,475.8880289713542,389.1159396701389,0.04196105519491748,-0.09869242816750845,META
2024-03-15,480.8403015136719,484.1000061035156,491.8299865722656,481.29998779296875,489.010009765625,29153600,-0.015716624490255127,492.79918125697543,478.8591684977213,390.9902720133463,0.04218764901862152,-0.10634186279347624,META
2024-03-18,493.6335754394531,496.9800109863281,497.4200134277344,486.80999755859375,491.9100036621094,11755300,0.026606076665180556,490.6409606933594,479.60390319824216,392.9935224745009,0.020927485891892472,-0.1344319779714671,META
2024-03-19,492.89849853515625,496.239990234375,496.6300048828125,481.2799987792969,488.1700134277344,10903100,-0.0014891144785734722,489.2631530761719,480.8394246419271,394.95531005859374,0.019900182599770274,-0.1149645062582586,META
2024-03-20,502.1159973144531,505.5199890136719,508.20001220703125,495.1700134277344,499.5,11711100,0.018700602267384347,492.37491280691967,482.5373118082682,397.00893147786456,0.019948421333672788,-0.12628574981476404,META
2024-03-21,504.3409729003906,507.760009765625,515.0399780273438,506.010009765625,514.7100219726562,9712500,0.00443119836419803,493.5115007672991,483.81755879720055,399.0787865532769,0.019187512675044337,-0.10989453442085606,META
2024-03-22,506.148681640625,509.5799865722656,509.9700012207031,504.3399963378906,507.0,8120600,0.0035842987926173464,495.4994550432478,485.1445007324219,401.0781049940321,0.01918440535852196,-0.08614933061931285,META
2024-03-25,499.6328125,503.0199890136719,507.2200012207031,500.239990234375,505.7900085449219,8380600,-0.012873429047576601,497.08726283482144,486.31675923665364,403.000394015842,0.01936196929924991,-0.06914232913233154,META
2024-03-26,492.5508728027344,495.8900146484375,510.0,495.2099914550781,505.1300048828125,11205400,-0.01417428863774961,498.7602015904018,487.22682291666666,404.7655002170139,0.019603284183190402,-0.04696600792061567,META
2024-03-27,490.5345458984375,493.8599853515625,499.8900146484375,488.07000732421875,499.29998779296875,9989700,-0.004093641927428671,498.3174830845424,488.360063680013,406.54789055718317,0.01924639458507618,-0.037338504635732295,META
2024-03-28,482.3102722167969,485.5799865722656,492.8900146484375,485.1499938964844,492.8399963378906,15212800,-0.01676594186975655,496.8048793247768,488.7839111328125,408.2225840250651,0.018910350614999495,-0.01931709530728354,META
2024-04-01,488.04144287109375,491.3500061035156,497.42999267578125,481.7799987792969,487.20001220703125,9247000,0.011882746407110956,494.79422869001115,489.0432545979818,409.9515858968099,0.018583311956627515,-0.04750176680522222,META
2024-04-02,494.0208740234375,497.3699951171875,497.5299987792969,484.6499938964844,485.1000061035156,11081000,0.012251892210561888,493.31992885044644,489.8561309814453,411.6926747639974,0.018182678184379478,-0.05130986536015769,META
2024-04-03,503.3277893066406,506.739990234375,507.239990234375,498.75,498.92999267578125,12099200,0.01883911343139233,492.9169442313058,491.0311635335286,413.5701375325521,0.01841413570109478,-0.04972962845854112,META
2024-04-04,507.47967529296875,510.9200134277344,530.0,510.5799865722656,516.4199829101562,26476300,0.00824887096348803,494.03792463030135,492.4512034098307,415.4440114339193,0.018353876074626664,-0.0737690219322833,META
2024-04-05,523.7890014648438,527.3400268554688,530.7000122070312,514.4099731445312,516.8599853515625,19263300,0.03213789037454484,498.5005144391741,493.81561686197915,417.5350399441189,0.017951368748146217,-0.10511230856051768,META
2024-04-08,515.7535400390625,519.25,531.489990234375,518.8900146484375,529.280029296875,13260600,-0.015341027404754626,502.1032278878348,494.98171081542966,419.57570292154946,0.018214462534360366,-0.097082214116604,META
2024-04-09,513.4193725585938,516.9000244140625,525.8699951171875,506.739990234375,522.22998046875,10863800,-0.004525742043945957,506.5473850795201,496.14581807454425,421.54313490125867,0.01821168819883333,-0.10112201066517612,META
2024-04-10,516.3296508789062,519.8300170898438,522.5599975585938,505.79998779296875,509.2900085449219,11418500,0.005668423273179846,510.5885576520647,497.2311269124349,423.6177602132162,0.018151537782603158,-0.10012884853736226,META
2024-04-11,519.63720703125,523.1599731445312,523.8599853515625,517.2899780273438,521.1099853515625,10369500,0.006405900080914462,514.2480337960379,498.527007039388,425.7848100450304,0.01809265522113504,-0.10967946386874106,META
2024-04-12,508.4530944824219,511.8999938964844,520.1900024414062,509.3299865722656,517.75,11984500,-0.021522924835818302,514.980220249721,499.24778951009114,427.85327962239586,0.018519375378325265,-0.06579410552469533,META
2024-04-15,496.86163330078125,500.2300109863281,518.530029296875,497.2799987792969,516.719970703125,13512900,-0.02279750346182885,513.46335710798,499.17925618489585,429.84587334526907,0.018502099485956835,-0.04060127895048282,META
2024-04-16,496.39483642578125,499.760009765625,504.7699890136719,497.1099853515625,498.1099853515625,9847900,-0.0009394906825446192,509.5499049595424,499.2312377929687,431.85235290527345,0.018438421494560053,-0.05082446886012704,META
2024-04-17,490.8424987792969,494.1700134277344,503.1600036621094,487.1400146484375,503.1000061035156,12193700,-0.011185325146536917,505.9911847795759,499.3620208740234,433.8064005533854,0.018312515225313603,-0.05488012970961631,META
2024-04-18,498.42108154296875,501.79998779296875,512.2100219726562,499.0400085449219,499.82000732421875,14808700,0.015439948216626531,503.84857177734375,499.5510732014974,435.7438893636068,0.018398583702259098,-0.06968924451493619,META
2024-04-19,477.8306579589844,481.07000732421875,502.79998779296875,475.7300109863281,502.79998779296875,25215400,-0.04131130152087936,498.34871564592635,498.5207244873047,437.38468390570745,0.018909174626474193,-0.007441774913133026,META
2024-04-22,478.4862365722656,481.7300109863281,492.010009765625,473.3999938964844,489.7200012207031,17271100,0.0013719894325774362,492.47000558035717,497.7188273111979,439.1151170518663,0.018817053236836852,-0.009839634921456009,META
2024-04-23,492.75946044921875,496.1000061035156,498.760009765625,488.9700012207031,491.25,15079200,0.02982995703116198,490.2280578613281,498.1330200195313,440.90558166503905,0.017848828807176406,-0.002096398146449574,META
2024-04-24,490.1769104003906,493.5,510.0,484.5799865722656,508.05999755859375,37772700,-0.0052409953661239905,489.2730974469866,497.92608846028645,442.6616187201606,0.016792409469059615,0.0005270164574195935,META
2024-04-25,438.4079284667969,441.3800048828125,445.7699890136719,414.5,421.3999938964844,82890700,-0.10561285290102174,480.98925345284596,496.1319193522135,443.8597530788845,0.025523077635902038,0.11686071963797784,META
2024-04-26,440.30511474609375,443.2900085449219,446.44000244140625,431.9599914550781,441.4599914550781,32691400,0.004327445185427381,473.7696271623884,494.5248179117838,445.05967407226564,0.025550607635485917,0.1337950492926283,META
2024-04-29,429.70684814453125,432.6199951171875,439.760009765625,428.55999755859375,439.55999755859375,21502600,-0.02407027819259855,463.95330810546875,492.82036946614585,446.0348982069227,0.025737359880189097,0.17301571790020254,META
2024-04-30,427.2734375,430.1700134277344,439.6199951171875,429.7200012207031,431.04998779296875,18429500,-0.005662955233407763,456.73084803989957,490.6083648681641,446.9198038736979,0.025106337880985027,0.18288115274908123,META
2024-05-01,436.232666015625,439.19000244140625,449.9599914550781,427.1099853515625,428.6000061035156,20344900,0.02096837230988635,450.6946236746652,488.71950378417966,447.9161631266276,0.025529908341906743,0.14779489581706828,META
2024-05-02,438.7059020996094,441.67999267578125,443.9599914550781,432.2799987792969,438.8399963378906,15221300,0.005669534348662797,442.9726867675781,486.6058339436849,448.88697408040366,0.025244294203214498,0.1425931523148909,META
2024-05-03,448.9166564941406,451.9599914550781,454.1700134277344,443.8500061035156,445.92999267578125,16489100,0.02327471398415981,437.07836478097096,484.75835673014325,449.9789547390408,0.02569603684707992,0.12207509656119964,META
2024-05-06,462.5443115234375,465.67999267578125,466.1600036621094,453.3399963378906,455.5799865722656,15094600,0.030356759617082174,440.5264195033482,483.30487772623695,451.20647922092013,0.026407075290067104,0.07366838006177079,META
2024-05-07,465.0870361328125,468.239990234375,471.5299987792969,461.30999755859375,466.2900085449219,13406800,0.005497256254217708,444.0666939871652,482.1533518473307,452.42918260362416,0.026374763673095568,0.07252296788996726,META
2024-05-08,469.417724609375,472.6000061035156,475.5799865722656,463.0,463.5,11683900,0.00931156566429392,449.7396763392857,481.3822469075521,453.6946017795139,0.02635058683940283,0.04797124928812346,META
2024-05-09,472.2187194824219,475.4200134277344,476.0799865722656,467.6300048828125,470.0,9437700,0.005966955924763484,456.1604309082031,480.77171936035154,455.039210679796,0.026377192623912006,0.05045082085605723,META
2024-05-10,472.9934387207031,476.20001220703125,477.5,469.6000061035156,477.0899963378906,10750000,0.0016405940855761525,461.41196986607144,480.4611582438151,456.47698601616753,0.026209377285657594,0.07330314266378535,META
2024-05-13,464.8586120605469,468.010009765625,473.3500061035156,462.8500061035156,472.75,14668800,-0.017198603604646978,465.1480712890625,479.6883972167969,457.844438680013,0.026280798929217124,0.09747548118701821,META
2024-05-14,468.6727294921875,471.8500061035156,472.5400085449219,460.0799865722656,463.3699951171875,10478600,0.008204897860736748,467.9703674316406,478.8434590657552,459.22505560980903,0.026219294086648363,0.102205780275759,META
2024-05-15,478.2974853515625,481.5400085449219,482.5,471.20001220703125,474.9800109863281,13100500,0.020536197763850073,470.22082083565846,478.0091156005859,460.65936550564237,0.026266273968003323,0.0481385264149754,META
2024-05-16,470.04339599609375,473.2300109863281,477.69000244140625,472.75,475.0,16608200,-0.017257229252212625,470.92887224469865,476.76123962402346,461.9279883490668,0.02635744060695776,0.06751708923983313,META
2024-05-17,468.7323303222656,471.9100036621094,472.79998779296875,468.4200134277344,470.8299865722656,10807300,-0.0027892438974699285,470.8309587751116,474.92601725260414,463.1956041124132,0.025547240849872695,0.08072700136287692,META
2024-05-20,465.68304443359375,468.8399963378906,473.20001220703125,467.0400085449219,469.95001220703125,11745100,-0.006505388451817251,469.8972909109933,473.2570007324219,464.2855780707465,0.025455193260518996,0.08878566286108147,META
2024-05-21,461.5013732910156,464.6300048828125,470.70001220703125,462.2699890136719,467.1199951171875,11742200,-0.00897965084312713,468.2555672781808,471.5264007568359,465.33790791829426,0.02547694559807328,0.1631751861814701,META
2024-05-22,464.6301574707031,467.7799987792969,473.7200012207031,465.6499938964844,467.8699951171875,10078600,0.006779577181701191,468.2229309082031,469.80308430989584,466.37186414930557,0.02549111712270971,0.1326811735513187,META
2024-05-23,462.6436767578125,465.7799987792969,474.3599853515625,461.5400085449219,472.8800048828125,11747900,-0.004275402018036001,467.3616376604353,467.90329996744794,467.4612514919705,0.025427080569920768,0.13900598869069647,META
2024-05-24,474.9998779296875,478.2200012207031,479.8500061035156,466.29998779296875,467.6199951171875,12024300,0.026707813794120572,466.8905508858817,466.78819274902344,468.67789781358505,0.025773198647127075,0.11919372409378193,META
2024-05-28,476.68841552734375,479.9200134277344,480.8599853515625,474.8399963378906,476.5799865722656,10175800,0.0035548169086185855,467.83983939034596,466.1157521565755,469.82775438096786,0.025484973636957786,0.06936365302046865,META
2024-05-29,471.16583251953125,474.3599853515625,479.8500061035156,473.70001220703125,474.6600036621094,9226200,-0.011585309875221217,468.18748256138394,465.2747853597005,470.8355492485894,0.02555735349578098,0.05271374184686972,META
2024-05-30,463.9049987792969,467.04998779296875,471.7300109863281,464.7099914550781,471.6700134277344,10719600,-0.015410357116532603,467.93347603934154,464.3768686930338,471.7810791015625,0.025624642765236565,0.06338226772172972,META
2024-05-31,463.6864929199219,466.8299865722656,469.1199951171875,454.4599914550781,465.79998779296875,16919800,-0.00047101423772100137,468.2456359863281,463.21904907226565,472.68647630479603,0.02542477451803977,0.05022469608062452,META
2024-06-03,474.2747497558594,477.489990234375,479.6000061035156,468.239990234375,470.8599853515625,11279400,0.022834947745105083,469.6234348842076,463.10051879882815,473.64888543023005,0.024698553648013342,-0.03150086207257108,META
2024-06-04,473.7781066894531,476.989990234375,478.8900146484375,473.2300109863281,477.0,7088700,-0.0010471632037377665,471.2140677315848,462.94358113606773,474.57843627929685,0.024698068652296772,-0.0013995062468272756,META
2024-06-05,491.7264404296875,495.05999755859375,496.6499938964844,483.9100036621094,484.45001220703125,15690500,0.03788341733570011,473.60357666015625,462.9091471354167,475.6968288845486,0.025074615966889518,-0.03594835737743418,META
2024-06-06,490.43524169921875,493.760009765625,502.82000732421875,490.8900146484375,492.9800109863281,10667300,-0.0026258476752653026,475.5674089704241,462.9177581787109,476.7250261094835,0.025059420473747034,-0.011900813548631928,META
2024-06-07,489.6405944824219,492.9599914550781,498.9100036621094,490.1700134277344,495.9100036621094,9380700,-0.0016202897941095529,478.20666067940846,464.6255137125651,477.7549774169922,0.015120024595945759,-0.007677750622127388,META
2024-06-10,499.21575927734375,502.6000061035156,502.6600036621094,493.4100036621094,493.8599853515625,11220900,0.019555496220740043,483.2510550362723,466.5892018636068,479.0006829155816,0.015391500643791512,-0.08132133763027483,META
2024-06-11,504.0528869628906,507.4700012207031,507.6000061035156,498.2699890136719,500.1600036621094,9673700,0.009689453098493894,489.01768275669644,469.06740315755206,480.24898037380643,0.014450490708597769,-0.1056414361009893,META
2024-06-12,505.4136962890625,508.8399963378906,514.010009765625,504.4700012207031,513.989990234375,11983200,0.0026997352090794013,493.46610369001115,471.6720784505208,480.62811550564237,0.014309022199606537,-0.08387239819638392,META
2024-06-13,500.70562744140625,504.1000061035156,509.3599853515625,501.3599853515625,505.7099914550781,9954600,-0.009315277528536892,497.3128923688616,473.82117716471356,481.1267018636068,0.014263772413928451,-0.07523836294994335,META
2024-06-14,501.2623596191406,504.1600036621094,507.1499938964844,500.75,502.6499938964844,10243300,0.001111895187955625,498.67516653878346,475.90639241536456,481.68317938910593,0.014277385304700685,-0.08126388667770856,META
2024-06-17,503.71820068359375,506.6300048828125,510.75,496.010009765625,501.6700134277344,11266600,0.004899312739777839,500.5727321079799,477.733110555013,482.1030086941189,0.013833680965734984,-0.06276773102946964,META
2024-06-18,496.61920166015625,499.489990234375,506.0,495.0199890136719,504.55999755859375,13060400,-0.014093195389413116,501.5696759905134,478.868940226237,482.43943956163196,0.01327571508815063,-0.003503670878126308,META
2024-06-20,498.8165283203125,501.70001220703125,503.6700134277344,496.7699890136719,502.0,11801200,0.004424570481388557,501.5126429966518,479.993256632487,482.8211225721571,0.013268686009732997,-0.02702814645504925,META
2024-06-21,491.936279296875,494.7799987792969,503.45001220703125,492.3900146484375,503.45001220703125,22359200,-0.013793145641355697,499.78169904436385,480.74387512207034,483.1176483154297,0.013523036530897613,-0.03850191888617749,META
2024-06-24,496.04254150390625,498.9100036621094,507.79998779296875,494.2900085449219,499.20001220703125,13525300,0.008347142465077617,498.4429626464844,481.5380025227865,483.556595187717,0.013556174543033877,-0.009661061224208511,META
2024-06-25,507.66534423828125,510.6000061035156,510.7099914550781,495.5,497.04998779296875,12063200,0.023431060366590595,499.4372079031808,482.6937327067057,483.97960069444446,0.014123131834538583,-0.04245978011176077,META
2024-06-26,510.1709289550781,513.1199951171875,513.8099975585938,504.67999267578125,506.6499938964844,8882300,0.004935504747830111,500.7098606654576,484.2041432698568,484.31193169487847,0.013630489537767567,-0.006801704176654044,META
2024-06-27,516.5737915039062,519.5599975585938,522.8800048828125,513.9000244140625,514.25,10121200,0.012550426112954538,502.54637363978793,485.80084533691405,484.83347846137156,0.013708440821177332,-0.0034452466431028617,META
2024-06-28,501.322021484375,504.2200012207031,521.8800048828125,503.8399963378906,517.1500244140625,15855100,-0.029524862217900405,503.2182050432478,486.5683298746745,485.20286966959634,0.014563157933013507,0.023263441632597415,META
2024-07-01,501.77935791015625,504.67999267578125,506.5799865722656,493.1700134277344,504.95001220703125,10328200,0.0009122607948222061,503.64146641322543,487.6261952718099,485.6128794352214,0.014119926042840288,0.04727743176656607,META
2024-07-02,506.5716857910156,509.5,510.5,499.45001220703125,500.760009765625,7739500,0.009550667649659283,505.73223876953125,488.88750712076825,485.8763804117838,0.014146992235766973,0.033876344850075624,META
2024-07-03,507.0290222167969,509.9599914550781,511.2799987792969,506.0199890136719,506.3699951171875,6005600,0.0009028069246845849,507.3017360142299,490.2657063802083,486.1681393093533,0.014045287248128301,0.05367084685404344,META
2024-07-05,536.8069458007812,539.9099731445312,540.8699951171875,511.6000061035156,511.6000061035156,21354100,0.05873021519318833,511.4648219517299,492.77589213053386,486.8160369873047,0.01715974843779278,-0.023133593972515243,META
2024-07-08,526.27783203125,529.3200073242188,542.8099975585938,526.6500244140625,542.3499755859375,14917500,-0.019614339665118274,513.7658081054688,494.8308146158854,487.288341946072,0.017742242905692134,-7.561580490933473e-05,META
2024-07-09,526.9539184570312,530.0,537.47998046875,528.1900024414062,533.75,8753200,0.001284656857333033,515.2486833844866,496.9744893391927,487.80159878200953,0.01767837624085684,-0.006169954571741854,META
2024-07-10,531.6168823242188,534.6900024414062,538.8800048828125,528.3599853515625,530.7899780273438,10983300,0.00884890253941184,519.5765206473214,498.8617228190104,488.2992350260417,0.017198843764703237,0.0008791033673780646,META
2024-07-11,509.7532653808594,512.7000122070312,535.4600219726562,508.3699951171875,530.8900146484375,16458300,-0.041126641516296636,520.7156502859933,499.96388448079426,488.4196309407552,0.019063484310149377,0.037507434776765214,META
2024-07-12,496.00274658203125,498.8699951171875,508.0899963378906,494.2300109863281,497.760009765625,19750500,-0.0269748518208206,519.2058018275669,500.7917816162109,488.43260158962676,0.019651138004940095,0.058391986029917575,META
2024-07-15,493.308349609375,496.1600036621094,506.67999267578125,493.3699951171875,498.6300048828125,12539200,-0.005432221880268595,517.2457057407925,501.7718933105469,488.50359429253473,0.019431275953500585,0.05030632126937129,META
2024-07-16,486.9750061035156,489.7900085449219,503.95001220703125,485.7900085449219,501.5,14075800,-0.012838508634354984,510.1268572126116,502.5481770833333,488.4394331190321,0.019620863507065676,0.059841775469714475,META
2024-07-17,459.3346862792969,461.989990234375,479.1700134277344,459.1199951171875,479.1700134277344,28076600,-0.05675921654661531,500.5635506766183,502.0501749674479,487.89047275119356,0.02192700968553165,0.11859585360348968,META
2024-07-18,473.11505126953125,475.8500061035156,479.239990234375,464.5400085449219,475.0,19267200,0.030000706242888198,492.8722839355469,502.0280731201172,487.56349385579426,0.022637773916444105,0.08904063552979369,META
2024-07-19,474.0496826171875,476.7900085449219,486.7099914550781,475.7099914550781,476.05999755859375,15149400,0.001975484282624951,484.64839826311385,501.4388478597005,487.49367167154946,0.021497252319466253,0.09337438826393774,META
2024-07-22,484.5986633300781,487.3999938964844,492.05999755859375,483.8999938964844,486.5799865722656,12023100,0.022252901119246937,481.0548836844308,501.2442952473958,487.36271396213107,0.021908136882268833,0.04997950480149371,META
2024-07-23,485.8812561035156,488.69000244140625,495.2200012207031,487.7200012207031,489.8399963378906,9455500,0.002646711331442342,479.6089564732143,501.118983968099,487.2921390109592,0.02191222263599813,0.0492132674369401,META
2024-07-24,458.6188659667969,461.2699890136719,476.29998779296875,460.5799865722656,472.30999755859375,17649700,-0.056109162051953265,474.65331595284596,499.7657541910807,486.95992465549045,0.023849787375007,0.12051505377653471,META
2024-07-25,450.80401611328125,453.4100036621094,463.54998779296875,442.6499938964844,463.260009765625,18240500,-0.017039965935639056,469.4860316685268,497.9907918294271,486.6261881510417,0.023876188706788325,0.10335022887302725,META
2024-07-26,463.0234375,465.70001220703125,469.7699890136719,459.4200134277344,464.20001220703125,14222400,0.027105839677453503,470.0129961286272,496.577783203125,486.28607550726997,0.024500147754308275,0.08393800776570437,META
2024-07-29,463.0333557128906,465.7099914550781,473.9599914550781,465.0199890136719,469.8800048828125,11339600,2.1420541785444058e-05,468.57275390625,495.32204081217446,485.9542405870226,0.02447149868863437,0.08391478972365918,META
2024-07-30,460.52783203125,463.19000244140625,472.7300109863281,456.70001220703125,467.0,11390400,-0.005411108402294418,466.6410609654018,493.96422322591144,485.4921498616537,0.024469002462572643,0.10501090216834674,META
2024-07-31,472.1009521484375,474.8299865722656,476.5,466.75,471.0199890136719,24285800,0.025130120944356182,464.85567365373885,492.9103149414062,485.13392740885416,0.02495476636645306,0.10692236307583469,META
2024-08-01,494.87921142578125,497.739990234375,527.1699829101562,492.1000061035156,521.0,43083100,0.04824870437918927,466.14109584263394,492.85231526692706,485.00871107313367,0.02645138264697011,0.05400426067706854,META
2024-08-02,485.3344421386719,488.1400146484375,501.1499938964844,476.1499938964844,489.0,24044700,-0.019287068574996735,469.95760672433033,492.4029123942057,484.84984029134114,0.02667481044381902,0.09351568550676359,META
2024-08-05,472.99578857421875,475.7300109863281,483.4800109863281,450.79998779296875,451.3500061035156,21396200,-0.025422991844719856,473.1278599330357,491.7715627034505,484.632561577691,0.02695665805693093,0.12843769384157522,META
2024-08-06,491.250244140625,494.0899963378906,502.55999755859375,478.6499938964844,479.0,20955000,0.038593272936809475,477.16026088169644,491.6118194580078,484.6405137803819,0.027866834705470894,0.08980792292465667,META
2024-08-07,486.1099853515625,488.9200134277344,510.1499938964844,486.8599853515625,503.1300048828125,20105300,-0.010463625922577768,480.45692225864957,490.8933074951172,484.68273281521266,0.02757185195048718,0.14463176630682484,META
2024-08-08,506.7008972167969,509.6300048828125,509.9599914550781,494.7200012207031,497.5,16156800,0.042358545361586675,487.0530744280134,490.7776397705078,484.8900600857205,0.02867765383473255,0.10253617067408682,META
2024-08-09,514.7940673828125,517.77001953125,518.3400268554688,505.70001220703125,507.7099914550781,13696600,0.015972283077590133,493.152090890067,490.71831563313805,485.1208733452691,0.0287353392183534,0.09111866589933171,META
2024-08-12,512.9844970703125,515.9500122070312,518.02001953125,509.1000061035156,516.8599853515625,9767400,-0.0035151343559566284,495.73856026785717,491.10706481933596,485.2281700981988,0.028192177856216652,0.09287237746137955,META
2024-08-13,525.502197265625,528.5399780273438,531.5,518.1500244140625,520.010009765625,13743800,0.024401712462660985,501.47681100027904,491.8978261311849,485.4284203423394,0.028509706756501278,0.07627086162464569,META
2024-08-14,523.7324829101562,526.760009765625,534.0,523.1300048828125,528.0599975585938,11444200,-0.0033676630938503926,508.7249101911272,492.4698527018229,485.42779235839845,0.02848825404743411,0.07901470638107044,META
2024-08-15,534.24169921875,537.3300170898438,539.77001953125,526.7000122070312,531.7899780273438,13482100,0.02006600058525776,514.8665466308594,493.37694193522134,485.6332163492838,0.028688453725612,0.05689478917895263,META
2024-08-16,524.388671875,527.4199829101562,533.6599731445312,524.6599731445312,531.9000244140625,14776700,-0.018443014384984524,520.3349304199219,492.96299947102864,485.7550974527995,0.02683979555262968,0.08639442971168054,META
2024-08-19,526.238037109375,529.280029296875,531.6599731445312,522.760009765625,526.8699951171875,9879700,0.0035267070658915323,523.1259504045759,492.9616729736328,485.865190633138,0.026600899525845,0.09019780363549312,META
2024-08-20,523.70263671875,526.72998046875,531.0900268554688,525.8800048828125,528.3499755859375,7944400,-0.004817972498818102,524.3986031668527,492.8532969156901,485.91036207411025,0.026616766898276148,0.08852069334283108,META
2024-08-21,532.084228515625,535.1599731445312,539.4000244140625,526.9299926757812,527.1500244140625,13423300,0.016004486533407025,527.1271362304688,492.86887512207034,486.1729302300347,0.026729342568661885,0.09000296868382685,META
2024-08-22,528.872802734375,531.9299926757812,544.22998046875,528.5900268554688,537.0,15708300,-0.006035559050883821,527.6086512974331,493.5061930338542,486.528609890408,0.0255942010727152,0.12140411852115829,META
2024-08-23,524.96533203125,528.0,539.8699951171875,525.0599975585938,536.9199829101562,11323900,-0.007388299573966806,527.7847726004464,494.47161254882815,486.84605984157986,0.025086345207484085,0.10859464306143729,META
2024-08-26,518.1248779296875,521.1199951171875,528.0,514.9500122070312,527.5999755859375,9584000,-0.013030296829496746,525.4823695591518,495.2988301595052,487.1491973876953,0.02520412531276101,0.13880808457292404,META
2024-08-27,516.116455078125,519.0999755859375,524.010009765625,515.3099975585938,518.97998046875,6282700,-0.0038763296979440476,524.3006243024554,496.2702117919922,487.34581264919706,0.02507563271525167,0.1386504009199565,META
2024-08-28,513.8098754882812,516.780029296875,521.0900268554688,512.4500122070312,517.6699829101562,9106100,-0.004469106859796956,522.5251726422991,498.08605143229164,487.7455817328559,0.02251996566421955,0.1308235750827873,META
2024-08-29,515.2415161132812,518.219970703125,527.2000122070312,515.6799926757812,519.0499877929688,8317400,0.0027863236837157856,521.3164411272321,499.4902669270833,488.15397372775607,0.0219775669086297,0.13950242586905004,META
2024-08-30,518.3137817382812,521.3099975585938,523.5399780273438,515.2000122070312,521.3499755859375,9157500,0.0059627680008700334,519.3492344447544,500.9657368977865,488.4379106309679,0.021982710216460744,0.13365036699606092,META
2024-09-03,508.81866455078125,511.760009765625,525.489990234375,508.6199951171875,519.6400146484375,12459100,-0.018319245063590617,516.484357561384,501.7730702718099,488.6450412326389,0.022018976985222004,0.1466885623857057,META
2024-09-04,509.7930603027344,512.739990234375,516.5900268554688,504.07000732421875,506.07000732421875,8335200,0.0019150157410467994,514.316890171596,502.57013041178385,489.4382093641493,0.022018481833947896,0.12599028584369165,META
2024-09-05,513.8893432617188,516.8599853515625,521.6300048828125,511.1499938964844,511.7200012207031,8640900,0.008035187761386675,513.7118137904575,504.4124796549479,490.2558119032118,0.019121354464004148,0.11728589714216753,META
2024-09-06,497.39471435546875,500.2699890136719,524.5800170898438,498.25,521.8800048828125,14744500,-0.032097627869760004,511.0372794015067,505.9655029296875,491.00789930555555,0.019874779189479656,0.15341706634238572,META
2024-09-09,501.8887023925781,504.7900085449219,511.3299865722656,502.0799865722656,506.1600036621094,11047800,0.009035053866490728,509.3342546735491,507.2610117594401,491.836957804362,0.01940203579022913,0.14049146263847456,META
2024-09-10,501.8887023925781,504.7900085449219,514.1799926757812,500.0299987792969,508.1600036621094,9899000,0.0,507.4267098563058,508.5561899820963,492.56646931966145,0.019402144645999927,0.15407443161023404,META
2024-09-11,508.8882751464844,511.8299865722656,513.1199951171875,495.6000061035156,507.010009765625,10782500,0.013946464067707165,506.0802089146205,510.16820475260414,493.34627346462673,0.019439105187746164,0.10237333159183026,META
2024-09-12,522.5791015625,525.5999755859375,526.7100219726562,515.219970703125,517.0499877929688,11970500,0.02690340313318229,508.04598563058033,511.85080973307294,494.1647450764974,0.019509665851018432,0.08128173347710144,META
2024-09-13,521.6047973632812,524.6199951171875,527.5800170898438,517.1099853515625,520.3400268554688,10321400,-0.0018644147772186592,509.7333766392299,512.7416625976563,494.8209726969401,0.017605081325274774,0.09373806821060637,META
2024-09-16,530.7208251953125,533.280029296875,534.0999755859375,517.4000244140625,524.5399780273438,9527600,0.017476886482089338,512.1378740583148,514.2545420328776,495.55023701985675,0.017356957756847355,0.08415839306846329,META
2024-09-17,533.7462768554688,536.3200073242188,542.0999755859375,530.5700073242188,537.5999755859375,11690800,0.005700646208941951,517.3309544154575,516.2795583089193,496.26499871148,0.0165005301787661,0.10620522889972772,META
2024-09-18,535.368408203125,537.9500122070312,544.2000122070312,533.9000244140625,537.0700073242188,10323500,0.003039143162202329,522.11376953125,517.7501637776693,496.9666619194878,0.015165401374752738,0.10010230889305283,META
2024-09-19,556.4169311523438,559.0999755859375,562.0700073242188,546.52001953125,550.0,15647000,0.03931596005050908,529.9035164969308,520.0937286376953,497.89358961317276,0.016322739311655093,0.015167279394625144,META
2024-09-20,558.6560668945312,561.3499755859375,564.5,556.2999877929688,560.0,22066800,0.0040242049025183135,537.013201032366,521.8255676269531,498.93578355577256,0.01468671138980541,0.01035013467138346,META
2024-09-23,561.701416015625,564.4099731445312,573.97998046875,562.4099731445312,569.5,12830700,0.005451205672968529,542.6021030970982,523.3891459147136,499.9694356282552,0.01449965560910822,-0.006608666209710012,META
2024-09-24,560.6265869140625,563.3300170898438,567.75,554.1900024414062,566.6799926757812,12993000,-0.0019135239308931684,548.1766444614956,524.9772155761718,500.88420342339407,0.01447772542860296,0.016153952845991304,META
2024-09-25,565.5827026367188,568.3099975585938,576.8800048828125,563.719970703125,564.0499877929688,16543400,0.008840315172951252,553.1569126674107,526.313232421875,501.9457512749566,0.013956307845326355,0.006580904757315764,META
2024-09-26,565.1150512695312,567.8400268554688,577.4000244140625,562.3499755859375,575.72998046875,14400800,-0.0008268487791570633,557.638166155134,527.6926513671875,503.0166703965929,0.013926856110072307,0.042018739918423975,META
2024-09-27,564.6372680664062,567.3599853515625,570.8400268554688,564.510009765625,570.0999755859375,9398400,-0.0008454618259621238,561.8194318498884,528.7058369954427,504.1161617702908,0.013542165297440904,0.0387408216847942,META
2024-09-30,569.6929321289062,572.4400024414062,574.6799926757812,564.7999877929688,567.7000122070312,12792300,0.008953826373900187,563.7160034179688,530.2159790039062,505.3182902018229,0.013034864812638314,0.018744250094467896,META
2024-10-01,573.7035522460938,576.469970703125,583.0399780273438,570.0999755859375,577.97998046875,15259300,0.007039968184614942,565.8656441824777,531.7981628417969,506.5302168104384,0.013056938307078486,0.014484722102388048,META
2024-10-02,570.0611572265625,572.8099975585938,576.0,569.3400268554688,574.8599853515625,6524700,-0.006348914879942824,567.0598929268973,533.343446858724,507.72374437120226,0.013091351887910507,0.012552085775815902,META
2024-10-03,579.973388671875,582.77001953125,583.3599853515625,568.72998046875,570.1500244140625,11581000,0.017388014109814165,569.8237217494419,534.9397521972656,508.8901167127821,0.01314139841287632,-0.009626632923200318,META
2024-10-04,593.0801391601562,595.9400024414062,596.8499755859375,581.4299926757812,583.72998046875,14169500,0.022598882542344656,573.7519269670759,537.0799967447916,510.18335808648004,0.013500486799017027,-0.0702418692964153,META
2024-10-07,581.9737548828125,584.780029296875,602.9500122070312,584.0399780273438,598.219970703125,12014200,-0.018726616428382137,576.1603131975446,538.9802775065104,511.41455722384984,0.013978075735123848,-0.05195133579680378,META
2024-10-08,590.0447998046875,592.8900146484375,593.5599975585938,585.969970703125,589.6900024414062,7857400,0.01386840017124169,579.7899605887277,541.377608235677,512.8161105685764,0.013739426097308577,-0.05363548475923041,META
2024-10-09,587.6762084960938,590.510009765625,594.3900146484375,581.6099853515625,593.989990234375,9529700,-0.004014256729959809,582.3590000697544,543.7629333496094,514.1937740749783,0.013742325306466286,-0.04231921380794301,META
2024-10-10,581.0283203125,583.8300170898438,590.22998046875,582.52001953125,587.5700073242188,7740400,-0.011312161505748541,583.4053955078125,546.0035481770833,515.379924858941,0.013950323245694328,-0.03552419605595547,META
2024-10-11,587.1189575195312,589.9500122070312,591.2100219726562,582.7100219726562,584.8300170898438,8587100,0.010482513492208856,585.8422241210938,548.399462890625,516.6392676459418,0.013994117846486727,-0.05222500838673516,META
2024-10-14,587.5866088867188,590.4199829101562,600.0999755859375,589.9600219726562,594.219970703125,8252000,0.0007965189357250768,586.9298270089286,550.7085571289062,517.7043806287977,0.01400673039013614,-0.04286778700654892,META
2024-10-15,583.45654296875,586.27001953125,590.6099853515625,580.1400146484375,590.1599731445312,9564200,-0.007028863244167294,585.5550275530134,553.1964864095052,518.7379506429037,0.01352172520457852,-0.021713605692101345,META
2024-10-16,574.0220336914062,576.7899780273438,582.0800170898438,574.030029296875,581.4000244140625,11268400,-0.01617002909820664,584.4190673828125,555.3374521891276,519.6755221896701,0.014041523510288713,-0.01315895103094944,META
2024-10-17,574.1613159179688,576.9299926757812,584.969970703125,575.2000122070312,583.3300170898438,8701200,0.00024264264851781014,582.1499982561384,557.3465179443359,520.5082505967882,0.01403749411192791,-0.004523836833594808,META
2024-10-18,573.7035522460938,576.469970703125,583.969970703125,575.25,581.0999755859375,7694300,-0.0007972736218621046,580.1539045061384,559.8901458740235,521.2821468777126,0.012337799173750415,0.028379629299629894,META
2024-10-21,572.3997802734375,575.1599731445312,577.239990234375,569.1099853515625,576.030029296875,8171900,-0.002272553425112789,578.9212559291294,562.2405151367187,522.0264366997612,0.012377938126190256,0.066920532068101,META
2024-10-22,579.2169189453125,582.010009765625,583.530029296875,572.1199951171875,574.2899780273438,8544500,0.011909750679181652,577.7923932756696,564.8181223551433,522.898784383138,0.012420712342599408,0.05458672334452763,META
2024-10-23,560.98486328125,563.6900024414062,585.0,562.5,579.969970703125,14248400,-0.03147707718424553,573.9921439034598,566.5546752929688,523.5623677571615,0.013949621944701234,0.08025686810915156,META
2024-10-24,565.0552368164062,567.780029296875,568.8800048828125,561.52001953125,567.1300048828125,7184700,0.007255763571495155,571.3633858816964,567.970546468099,524.2438903808594,0.013249209575849576,0.09861226103426657,META
2024-10-25,570.4990234375,573.25,581.2899780273438,571.719970703125,573.9299926757812,11337900,0.009634078699570559,570.8600987025669,569.6003540039062,525.0647772894965,0.013279111173468645,0.07033572923923859,META
2024-10-28,575.3854370117188,578.1599731445312,583.75,574.1199951171875,582.0,10925100,0.00856515677235703,571.0349731445312,571.0891743977865,525.9155429416232,0.01304344210997479,0.07119134539039784,META
2024-10-29,590.4329223632812,593.280029296875,593.6699829101562,575.4000244140625,580.1500244140625,13019100,0.026152009389935227,573.4248831612723,572.9787292480469,527.0099500868056,0.013718380621596216,0.06641027955003143,META
2024-10-30,588.9600219726562,591.7999877929688,601.2000122070312,589.3800048828125,600.97998046875,26864900,-0.002494610877607495,575.7906319754464,574.7651163736979,528.0423665364583,0.013761382375212279,0.06588368479637485,META
2024-10-31,564.8562622070312,567.5800170898438,589.9000244140625,563.010009765625,585.0,26838400,-0.040925969278682306,573.7391095842634,575.0464274088541,528.6778211805556,0.014302474400369584,0.09297360611284877,META
2024-11-01,564.438232421875,567.1599731445312,573.6699829101562,562.5599975585938,567.6099853515625,15303200,-0.0007400640005704728,574.2324480329241,575.2391662597656,529.2807912190755,0.014289605603681955,0.10152960350597495,META
2024-11-04,557.9893188476562,560.6799926757812,568.6900024414062,557.8900146484375,564.0999755859375,12064600,-0.011425366326706765,573.2230311802456,575.1154296875,529.7409637451171,0.014417264834385138,0.10569249046471496,META
2024-11-05,569.6829223632812,572.4299926757812,573.47998046875,566.6699829101562,567.2999877929688,9775400,0.02095667985146088,573.1064453125,575.4173075358073,530.5005293104384,0.014915197626931435,0.044095767105917894,META
2024-11-06,569.3047485351562,572.0499877929688,573.0,555.1699829101562,562.75,18305400,-0.0006638321306108308,572.237775530134,575.5413757324219,531.2508114284939,0.014835795534213556,0.04195512854531369,META
2024-11-07,588.8604736328125,591.7000122070312,594.7999877929688,575.2100219726562,576.8900146484375,14653700,0.03435018792303057,572.0131399972098,576.3328898111979,532.1651312934027,0.016079550342903086,-0.010102934424003562,META
2024-11-08,586.5117797851562,589.3400268554688,593.0999755859375,584.52001953125,591.5399780273438,9415700,-0.003988540499528903,571.6633911132812,577.0620402018229,533.0482730441623,0.016105567285050342,0.018654529118284024,META
2024-11-11,580.3713989257812,583.1699829101562,587.0,576.510009765625,586.3599853515625,10209100,-0.010469322306918105,573.8798392159598,577.4179890950521,533.532322523329,0.016181392660217203,0.042989629085883996,META
2024-11-12,582.0134887695312,584.8200073242188,599.6599731445312,580.3800048828125,588.5399780273438,16287700,0.002829377613695838,576.3905901227679,577.6949869791666,534.1516075981988,0.01614313506054463,0.03251714161998853,META
2024-11-13,577.2166137695312,580.0,585.6400146484375,575.1699829101562,582.6099853515625,10757600,-0.008241862246425535,579.1373465401786,577.9335021972656,534.7100819905598,0.016174924367621652,0.034989310167147236,META
2024-11-14,574.3901977539062,577.1599731445312,580.760009765625,573.010009765625,577.0,11053700,-0.004896629702265454,579.809814453125,577.7473958333334,535.1853410508897,0.015883722113397506,0.02522163609951078,META
2024-11-15,551.4210815429688,554.0800170898438,572.5700073242188,551.5,571.219970703125,17712900,-0.03998869810236294,577.2550048828125,576.3587605794271,535.6483167860243,0.016865851406183578,0.05757684197313773,META
2024-11-18,551.7394409179688,554.4000244140625,559.9000244140625,550.0900268554688,557.0399780273438,14327300,0.0005773434960252288,571.9520002092634,575.3509501139323,536.2676133897569,0.01658286247323572,0.08175227958364539,META
2024-11-19,558.3974609375,561.0900268554688,561.4299926757812,550.5999755859375,551.8599853515625,9522400,0.01206732657802001,567.9356689453125,574.2960388183594,536.9908257378472,0.016527939036368944,0.07846791442447443,META
2024-11-20,562.8062133789062,565.52001953125,566.3499755859375,554.2000122070312,562.9299926757812,9797300,0.007895366203858334,565.4263567243304,573.4670389811198,537.8333947075738,0.01661331754159859,0.11527134154508123,META
2024-11-21,560.3877563476562,563.0900268554688,570.0,549.0499877929688,569.52001953125,11154700,-0.004297139892486923,562.3369663783482,572.7790201822917,538.9562065972223,0.016516710138625202,0.09820525055402807,META
2024-11-22,556.4566650390625,559.1400146484375,563.8300170898438,554.5900268554688,563.5499877929688,9164000,-0.007014948603115023,559.3712594168527,571.7569437662761,539.8822245279948,0.016403166797691097,0.09312990060530968,META
2024-11-25,562.3980712890625,565.1099853515625,572.5900268554688,556.3900146484375,562.0999755859375,13599800,0.010677212842051143,557.6580984933036,570.9173258463542,540.8638732910156,0.016552610769034,0.09068440136179201,META
2024-11-26,570.78759765625,573.5399780273438,577.5,565.2000122070312,566.0,10356600,0.014917416675981787,560.4247436523438,570.4950276692708,541.8215281168619,0.016775340997194785,0.0615139314594948,META
2024-11-27,566.468505859375,569.2000122070312,574.97998046875,564.0999755859375,574.8900146484375,7200200,-0.007566898465576233,562.5288957868304,570.2432434082032,542.7169420030382,0.016572202740242473,0.04485110472771314,META
2024-11-29,571.5639038085938,574.3200073242188,578.4600219726562,566.9000244140625,569.0,7130500,0.008995024253799722,564.4098161969866,570.1566630045573,543.9718868679471,0.016659038375076363,0.07538969233070891,META
2024-12-02,589.9850463867188,592.8300170898438,594.5,575.5700073242188,577.5,12522400,0.03222936657716913,568.2925066266741,570.6993794759114,545.5183427598741,0.01766642409836603,0.03198737057503309,META
2024-12-03,610.705078125,613.6500244140625,614.2000122070312,591.25,595.0,14907200,0.035119587971217614,575.480695452009,571.9762227376302,547.1592498779297,0.01870962463336165,-0.0006284360098630648,META
2024-12-04,610.83447265625,613.780029296875,617.780029296875,605.0999755859375,612.9600219726562,14697000,0.0002118772806789515,583.2489536830357,573.0301411946615,548.8014845106337,0.018624822864347957,0.005176704191643511,META
2024-12-05,606.0077514648438,608.9299926757812,619.9000244140625,607.0499877929688,617.0800170898438,8081200,-0.007901848057816685,589.4789079938616,574.5309041341146,550.4179280598959,0.017637346765205297,0.024753266522514084,META
2024-12-06,620.776611328125,623.77001953125,629.7899780273438,608.530029296875,610.0999755859375,16935500,0.024370744149034174,596.6201956612723,576.3882832845052,552.069879828559,0.018060599832476237,0.02115093359384379,META
2024-12-09,610.62548828125,613.5700073242188,626.4000244140625,606.1699829101562,623.9199829101562,11426000,-0.016352296239314,602.9283360072544,577.7258321126302,553.3559495713976,0.018366798349676458,0.05613430692305288,META
2024-12-10,616.347900390625,619.3200073242188,625.5900268554688,612.739990234375,617.5599975585938,10938900,0.009371394118319776,609.3260498046875,579.0912475585938,554.811654663086,0.018376669800615503,0.06635074375307237,META
2024-12-11,629.6437377929688,632.6799926757812,638.4000244140625,621.530029296875,623.3699951171875,10837200,0.021571968354102022,614.9915771484375,580.3982747395834,556.5521874321831,0.01819113104339738,0.06669091359579027,META
2024-12-12,627.7628784179688,630.7899780273438,636.6599731445312,627.2100219726562,631.5,7474700,-0.0029871803086500837,617.4284057617188,581.6917032877604,558.0689944797092,0.01819583485980392,0.0733138964695812,META
2024-12-13,617.3729858398438,620.3499755859375,631.0800170898438,616.8900146484375,627.219970703125,8453300,-0.0165506641684654,618.3624790736607,583.4422607421875,559.5274722629123,0.01668071493600568,0.10833265200460418,META
2024-12-16,621.7454223632812,624.239990234375,631.1500244140625,618.5800170898438,629.97998046875,10885600,0.007082325634137465,620.6107177734375,585.3525004069011,560.8057447645399,0.016679726960759637,0.10403049002142706,META
2024-12-17,616.964599609375,619.4400024414062,632.3699951171875,616.5399780273438,626.1699829101562,12897800,-0.007689357383177997,620.066144670759,587.3183430989583,561.9409729003906,0.016579153939453087,0.12595243060488226,META
2024-12-18,594.8035278320312,597.1900024414062,627.3599853515625,596.3200073242188,621.0,17075500,-0.03591951919344294,617.8058646065848,588.1556966145833,562.8500732421875,0.01772495910718039,0.179172420317937,META
2024-12-19,593.1900024414062,595.5700073242188,611.52001953125,595.0,610.3900146484375,14958100,-0.0027127031282179193,614.4975934709821,588.9518717447917,563.6021599663628,0.017737890295373065,0.18352167057231705,META
2024-12-20,582.9112548828125,585.25,603.1099853515625,580.0,590.5800170898438,48989400,-0.017327917726679964,607.8215244838169,588.753564453125,564.2597018771702,0.016930953093184882,0.21655690881802236,META
2024-12-23,597.452880859375,599.8499755859375,601.0900268554688,586.25,589.5999755859375,10205800,0.02494655207761598,603.4915248325893,589.1182678222656,564.9620483398437,0.017521538684747165,0.19116441583267507,META
2024-12-24,605.3213500976562,607.75,607.989990234375,599.280029296875,602.719970703125,4726100,0.01317002476741469,601.7698625837054,589.9499328613281,565.8613003200954,0.017530445470501095,0.1804195275361895,META
2024-12-26,600.9389038085938,603.3499755859375,606.2999877929688,598.9400024414062,605.47998046875,6081400,-0.007239867366904296,598.7975027901786,590.5807800292969,566.6913099500869,0.017601412131799107,0.19300567562782978,META
2024-12-27,597.4130249023438,599.8099975585938,601.8499755859375,589.7999877929688,599.4099731445312,8084200,-0.005867283485731956,596.0044206891741,591.253993733724,567.5103142632379,0.017562705053845044,0.20934969960712158,META
2024-12-30,588.8772583007812,591.239990234375,596.9400024414062,585.5800170898438,588.75,7025900,-0.014287881659355905,595.1578107561384,591.7368957519532,568.1413479275174,0.017759490061452877,0.23225784384906345,META
2024-12-31,583.170166015625,585.510009765625,593.969970703125,583.8499755859375,592.27001953125,6019500,-0.00969148019338395,593.7264055524554,592.7951985677083,568.7446519639757,0.016136522498940757,0.25816816087647276,META
2025-01-02,596.8453979492188,599.239990234375,604.9099731445312,587.8200073242188,589.719970703125,12682300,0.023449814017453274,595.7169974190848,594.29873046875,569.5433193630643,0.016600971997306282,0.19546412795546253,META
2025-01-03,602.2137451171875,604.6300048828125,609.5,596.4099731445312,604.760009765625,11436800,0.008994535580595153,596.3971208844866,595.7592732747396,570.477640109592,0.01655094268068182,0.16396808649726813,META
2025-01-06,627.681640625,630.2000122070312,630.989990234375,605.6199951171875,611.8300170898438,14560800,0.04229045868565584,599.5914481026786,597.921787516276,571.717253282335,0.01805000217778227,0.10257045551430899,META
2025-01-07,615.4207763671875,617.8900146484375,632.0999755859375,608.22998046875,631.7000122070312,12071500,-0.019533571581931253,601.6602870396206,599.7562215169271,572.8462632921007,0.018494565421227974,0.10626482809672555,META
2025-01-08,608.2794189453125,610.719970703125,616.4400024414062,602.7899780273438,613.4000244140625,10085800,-0.011604023939572272,603.212629045759,601.4836466471354,573.8800177680122,0.018601422212364545,0.09400394338780149,META
2025-01-10,613.3988037109375,615.8599853515625,629.9099731445312,597.3400268554688,610.030029296875,19256600,0.008416172907019348,606.7157069614956,603.183671061198,574.9365180121528,0.01857438651771221,0.06761283615421654,META
2025-01-13,605.8989868164062,608.3300170898438,608.969970703125,598.4500122070312,607.0999755859375,10785000,-0.012226657191306667,609.9626813616071,604.3540506998698,576.0151882595486,0.01863805925069574,0.10745821844941039,META
2025-01-14,591.875244140625,594.25,605.489990234375,588.5499877929688,605.0700073242188,13598000,-0.023145347625462498,609.2526593889509,605.2009419759114,576.927212524414,0.019128925532692735,0.10768200663196015,META
2025-01-15,614.6539306640625,617.1199951171875,622.4600219726562,606.5,610.2100219726562,15524300,0.03848562133479838,611.0298287527902,606.637276204427,578.0468190511068,0.020245141143582186,0.0827716426906735,META
2025-01-16,608.8571166992188,611.2999877929688,616.25,609.7100219726562,611.5,8355300,-0.009431020734840145,608.3406110491071,607.2663452148438,579.2852901882595,0.01956154598195728,0.07156873605021885,META
2025-01-17,610.3212890625,612.77001953125,624.969970703125,603.6699829101562,624.0499877929688,17280600,0.0024047881237210245,607.6121128627232,607.2535522460937,580.4900967068143,0.018489898738291037,0.04443760410516351,META
2025-01-21,613.99658203125,616.4600219726562,621.5,609.010009765625,617.8300170898438,11674000,0.006021898686174865,608.4288504464286,607.358955891927,581.7357398139106,0.018521043794069485,0.06490260166286932,META
2025-01-22,621.0084228515625,623.5,633.7000122070312,619.4299926757812,623.2999877929688,12274000,0.011419999761424826,609.5159388950893,607.8589782714844,582.9815192328559,0.018560577085038835,0.007105044501986457,META
2025-01-23,633.9066162109375,636.4500122070312,636.5999755859375,621.1500244140625,627.3599853515625,9910200,0.02076975590789698,613.5170288085938,608.2966451009114,584.2184916178386,0.018415171788733906,-0.016953519599504197,META
2025-01-24,644.9025268554688,647.489990234375,652.0,634.2000122070312,636.4000244140625,19065300,0.017346262625017816,621.0923549107143,609.4392130533854,585.588466389974,0.018356671730304107,-0.07644914392589952,META
2025-01-27,657.2430419921875,659.8800048828125,663.8699951171875,625.0999755859375,626.6099853515625,28399200,0.01913547338214161,627.176513671875,610.8023844401042,586.9942687988281,0.018577397680642628,-0.08209080938720892,META
2025-01-28,671.63525390625,674.3300170898438,682.5800170898438,659.469970703125,666.0,20950100,0.021897853601367645,636.1448189871652,612.2021016438802,588.5263685438368,0.0185891409425299,-0.08122138786441968,META
2025-01-29,673.78662109375,676.489990234375,681.0499877929688,665.6699829101562,675.0,21377800,0.0032031778781527187,645.2112949916294,613.7362263997396,590.064348687066,0.01856253003393544,-0.12690500864183663,META
2025-01-30,684.254638671875,687.0,710.7899780273438,676.0999755859375,696.8200073242188,29322900,0.015536101861346463,655.2481602260044,615.9656148274739,591.4847676595052,0.018348564176025987,-0.11478822081651774,META
2025-01-31,686.4259033203125,689.1799926757812,705.2999877929688,685.5800170898438,691.0,19303900,0.0031731822127678555,664.5935145786831,618.121630859375,592.9044325086805,0.018336832198889746,-0.12150943919664259,META
2025-02-03,694.6727905273438,697.4600219726562,704.0,675.25,675.9099731445312,21415700,0.012014242421709564,673.274396623884,620.711903889974,594.3818922254775,0.018276257259419164,-0.1642845739659179,META
2025-02-04,701.3759155273438,704.1900024414062,707.7100219726562,691.6099853515625,702.5,13826300,0.00964932712408606,681.342023577009,624.264316813151,595.9457736545139,0.0166552772535778,-0.16985516836456804,META
2025-02-05,702.05322265625,704.8699951171875,718.1400146484375,699.010009765625,703.5499877929688,17778200,0.0009656834714619755,687.7434779575893,627.8930908203125,597.462112765842,0.01660511556164917,-0.16790141917714851,META
2025-02-06,709.1447143554688,711.989990234375,718.9000244140625,703.5,705.8800048828125,13080700,0.010101074206863903,693.1019723074777,632.1008728027343,599.0624423556858,0.01603512547525863,-0.16181343974636586,META
2025-02-07,711.6646118164062,714.52001953125,725.010009765625,711.75,716.7999877929688,16427100,0.003553431915836569,698.5131138392857,635.9079305013021,600.6960795084635,0.015666167255174186,-0.13312354903505708,META
2025-02-10,714.5331420898438,717.4000244140625,721.2000122070312,711.3300170898438,718.5599975585938,12904300,0.004030733333945102,702.8386143275669,639.5483235677083,602.3054151746962,0.015610002464759009,-0.12619562923131478,META
2025-02-11,716.9235229492188,719.7999877929688,723.6599731445312,710.0399780273438,713.3200073242188,12998000,0.0033453743690372573,707.1954171316964,643.4144775390625,603.8967481825086,0.015426897950335996,-0.15042573795927572,META
2025-02-12,722.4812622070312,725.3800048828125,727.0999755859375,712.5999755859375,715.2999877929688,12016500,0.007752206588158117,711.1680559430804,647.583418782552,605.5903049045139,0.015264746143184267,-0.1685514558297182,META
2025-02-13,725.6486206054688,728.5599975585938,729.0,718.0399780273438,721.52001953125,12569100,0.004384000754236617,714.6355852399554,652.1424641927083,607.208918592665,0.014761646943605893,-0.2076794846205665,META
2025-02-14,733.7261352539062,736.6699829101562,740.9099731445312,725.6199951171875,726.1400146484375,16901200,0.01113144078148709,719.1602870396206,657.1609965006511,608.7716518825955,0.014431204021080902,-0.21691830605981732,META
2025-02-18,713.5072631835938,716.3699951171875,737.0,706.4400024414062,736.0,21938700,-0.02755642888925547,719.7835083007812,661.0497253417968,610.2331353081597,0.015487901358313603,-0.18125922414883766,META
2025-02-19,700.9575805664062,703.77001953125,707.0,695.3900146484375,704.0999755859375,17535500,-0.017588724410725898,718.2539324079241,664.3411865234375,611.4654995388455,0.016065339386580405,-0.16954467891431657,META
2025-02-20,692.063232421875,694.8400268554688,705.6300048828125,693.6400146484375,697.280029296875,12587400,-0.01268885363554273,715.0439453125,666.4872395833333,612.625355360243,0.014771943846425514,-0.2342222662011486,META
2025-02-21,680.818359375,683.5499877929688,703.8699951171875,682.3599853515625,696.5800170898438,15660400,-0.016248331828760176,709.8860648018973,668.667159016927,613.7341335720486,0.014607597201920043,-0.26094784109197633,META
2025-02-24,665.4600830078125,668.1300048828125,687.27001953125,662.4500122070312,686.280029296875,15677000,-0.022558552006862187,701.7401820591518,670.5731811523438,614.6045905219185,0.01512527302439304,-0.2266336895016352,META
2025-02-25,654.8724365234375,657.5,668.0,641.8599853515625,665.969970703125,20579700,-0.015910265325787654,691.6292986188616,671.955635579427,615.3522108289931,0.015478931056342994,-0.2229593743563265,META
2025-02-26,671.0078125,673.7000122070312,683.010009765625,658.0,659.6500244140625,14488700,0.024638960317556524,682.6695382254464,674.1259297688802,616.3250027126736,0.01574703564309716,-0.12974449580272207,META
2025-02-27,655.6095581054688,658.239990234375,688.6500244140625,657.5700073242188,682.4500122070312,12500000,-0.022947950989067323,674.3984375,676.2504069010416,617.2315307617188,0.015735543024970704,-0.16933648137081692,META
2025-02-28,665.5298461914062,668.2000122070312,669.6300048828125,642.5999755859375,658.0399780273438,17534200,0.015131396367381145,669.3373325892857,677.9462707519531,618.2467366536458,0.014473914124365665,-0.18579240485247628,META
2025-03-03,652.4322509765625,655.0499877929688,681.25,650.8400268554688,673.6799926757812,10843800,-0.019679951680299124,663.675763811384,679.3987752278646,619.1214999728733,0.014886554964179106,-0.1879201455640842,META
2025-03-04,637.4425048828125,640.0,649.75,623.6500244140625,645.510009765625,21495200,-0.02297517645903202,657.4792131696429,680.3028157552084,619.8441969129774,0.015591583916773628,-0.18440005599463338,META
2025-03-05,653.8465576171875,656.469970703125,659.5,637.6599731445312,641.0,13770000,0.02573416835043152,655.8201381138393,681.6311482747395,620.6734151204427,0.016189642878805918,-0.2341508922838872,META
2025-03-06,625.4207153320312,627.9299926757812,650.5599975585938,624.1099853515625,648.0,13446500,-0.043474790765510085,651.6127493722098,681.7782246907552,621.3893690321181,0.018103668572331384,-0.20066541145691674,META
2025-03-07,623.15966796875,625.6599731445312,634.7899780273438,600.6099853515625,625.3699951171875,21375700,-0.003615242200733393,644.7773001534598,681.4199930826823,622.0349738226996,0.017700278761447467,-0.22467273753732675,META
2025-03-10,595.6002807617188,597.989990234375,610.1099853515625,586.8699951171875,608.0700073242188,21999900,-0.04422524213876644,636.2045462472098,679.7765848795573,622.3138766818577,0.019085031728544838,-0.16265297851114668,META
2025-03-11,603.2894287109375,605.7100219726562,614.9299926757812,593.3300170898438,595.0499877929688,17401500,0.012909913238094983,627.3130580357143,677.9781311035156,622.6239210340711,0.018874697010598334,-0.14029317622482695,META
2025-03-12,617.0841064453125,619.5599975585938,633.3300170898438,609.3499755859375,629.9000244140625,15747000,0.02286577068630291,622.2633231026786,676.1597595214844,622.9200453016493,0.01891892901149432,-0.1387043082573366,META
2025-03-13,588.2797241210938,590.6400146484375,620.5,586.510009765625,620.25,16480300,-0.04667821132218941,615.2400687081473,673.3095296223959,622.912486436632,0.020512096264451513,-0.07260445873915466,META
2025-03-14,605.7102661132812,607.5999755859375,608.8599853515625,594.780029296875,602.7999877929688,12364500,0.02962968342692629,608.3634556361607,670.6913838704427,623.3664198133681,0.021134205797601547,-0.09522703494180795,META
2025-03-17,603.0186767578125,604.9000244140625,613.0999755859375,598.0,607.4600219726562,15473900,-0.004443691160693208,605.1631644112723,667.911142985026,623.7950914171007,0.021092785771304478,-0.08341870905432036,META
2025-03-18,580.5487670898438,582.3599853515625,600.25,574.6599731445312,600.0499877929688,20297700,-0.03726237765765461,599.0758928571429,664.1070088704427,624.045751953125,0.021705081105742426,-0.05728401546262285,META
2025-03-19,582.2435913085938,584.0599975585938,592.3200073242188,574.77001953125,584.280029296875,20537500,0.00291934857987175,597.1677943638393,660.1359313964844,624.1853149414062,0.021574989507825094,-0.020288948694158204,META
2025-03-20,584.177490234375,586.0,610.2000122070312,579.510009765625,582.760009765625,24336500,0.003321460218110417,594.437517438616,656.2067403157552,624.3505676269531,0.021605326794634273,0.018805445189320702,META
2025-03-21,594.3955688476562,596.25,597.5399780273438,580.9500122070312,583.4199829101562,25015900,0.01749139394121757,591.1962977818081,652.3817687988281,624.4120686848959,0.021834742460083597,0.005065113722466874,META
2025-03-24,616.92529296875,618.8499755859375,622.5399780273438,612.2000122070312,614.969970703125,15741300,0.03790358694088458,595.2885219029018,649.2237915039062,624.749996609158,0.02319162472146625,-0.05096538244491533,META
2025-03-25,624.3621826171875,626.3099975585938,633.8800048828125,621.1799926757812,626.760009765625,15312500,0.0120547653552181,597.9530814034598,646.2180928548177,625.238783094618,0.023339069940394412,-0.0471013876465729,META
2025-03-26,609.0797729492188,610.97998046875,626.75,606.6099853515625,624.8900146484375,12609800,-0.024476834269347103,598.8189522879464,642.623301188151,625.5395195855035,0.0235795648911014,-0.02122803285205388,META
2025-03-27,600.7059936523438,602.5800170898438,614.25,600.0999755859375,602.0,10436500,-0.013748247222738041,601.6985560825893,638.5641255696614,625.8005126953125,0.023500541577840088,-0.01674462025731238,META
2025-03-28,574.9462890625,576.739990234375,601.75,573.9199829101562,600.3099975585938,17602800,-0.04288238316588544,600.6560843331473,633.5407145182292,625.8066914876302,0.02435847338242582,0.10869720761959756,META
2025-03-31,574.5675048828125,576.3599853515625,578.7000122070312,553.2999877929688,563.5,21124700,-0.000658816635385473,599.2832292829241,628.2354268391927,626.063873969184,0.024142644214259445,0.13822960842022614,META
2025-04-01,584.177490234375,586.0,589.9099731445312,570.0,570.8400268554688,12836600,0.01672559841949739,597.823503766741,623.9244344075521,626.4242967393664,0.024248701436631152,0.1251878036986933,META
2025-04-02,582.1139526367188,583.9299926757812,592.6599731445312,573.3599853515625,574.9099731445312,13470800,-0.0035323812234332452,592.8504551478794,619.9629801432292,626.687813313802,0.024159850416500595,0.10266651498240331,META
2025-04-03,529.9666137695312,531.6199951171875,552.5599975585938,530.2999877929688,546.219970703125,34777500,-0.089582698767111,579.3653738839286,614.5597595214844,626.322928873698,0.028580499455953066,0.20450702771965323,META
2025-04-04,503.1602783203125,504.7300109863281,518.0,494.20001220703125,506.6199951171875,38589800,-0.05058117766806369,564.2340175083706,608.6378234863281,625.6870680067275,0.029573556635564237,0.26885658492987075,META
2025-04-07,514.6444091796875,516.25,539.3699951171875,481.8999938964844,485.1000061035156,36606100,0.022824001325605803,551.9395054408482,603.6106343587239,625.2224873860677,0.030044635214824,0.23409208373784707,META
2025-04-08,508.86248779296875,510.45001220703125,547.4299926757812,502.8599853515625,543.25,28034200,-0.011234789076859486,542.4989624023438,598.7436360677083,624.6276475694444,0.030014751031305315,0.24497988114239266,META
2025-04-09,583.9482421875,585.77001953125,587.8900146484375,502.1099853515625,509.2699890136719,39216600,0.14755608085829275,543.8390677315848,595.841650390625,624.773876953125,0.04099488035042992,0.0867233842227697,META
2025-04-10,544.5909423828125,546.2899780273438,581.2999877929688,535.2999877929688,575.489990234375,28173500,-0.06739860994743818,538.1838466099331,592.1410298665364,624.5307929144965,0.04248583501671188,0.14785188764951118,META
2025-04-11,541.8794555664062,543.5700073242188,547.4000244140625,528.5900268554688,535.510009765625,17642300,-0.004978942184646673,532.4360613141741,588.0193501790365,624.2009657118056,0.042310431299663165,0.1816693179313309,META
2025-04-14,529.8270874023438,531.47998046875,557.77001953125,528.280029296875,556.1699829101562,14130900,-0.02224178835395152,532.4161289760044,583.9325113932292,623.5325439453125,0.04234160243452425,0.21092040295889025,META
2025-04-15,519.8980712890625,521.52001953125,537.9400024414062,517.5,532.1099853515625,15558700,-0.018740106629809405,534.8072422572544,580.0143636067709,622.523577202691,0.042290320009093316,0.23686518329985518,META
2025-04-16,500.747802734375,502.30999755859375,513.3699951171875,495.6300048828125,508.510009765625,18735100,-0.036834659738600894,532.8220127650669,574.9110717773438,621.3003919813368,0.04221781710712853,0.2890246423439944,META
2025-04-17,499.92041015625,501.4800109863281,507.29998779296875,498.010009765625,505.25,14593500,-0.001652313946475581,531.5445731026786,570.7277282714844,620.1216437445746,0.04169370761500414,0.337839910063809,META
2025-04-21,483.1526794433594,484.6600036621094,493.5,479.79998779296875,491.3299865722656,16166000,-0.03354080043991381,517.1452069963727,566.0608286539714,618.592488945855,0.04197639239099371,0.37591301941574207,META
2025-04-22,498.72412109375,500.2799987792969,506.8800048828125,486.3599853515625,491.8699951171875,17399400,0.03222882188779441,510.5928039550781,562.8316233317057,617.3491404215495,0.04199799010076189,0.37512997032466644,META
2025-04-23,518.6520385742188,520.27001953125,535.3400268554688,516.52001953125,528.530029296875,18173900,0.03995779758309048,507.2746015276228,560.0103769938152,616.2636308458116,0.04268199650382277,0.3158932615640073,META
2025-04-24,531.4918823242188,533.1500244140625,533.9000244140625,517.5,518.72998046875,13910000,0.024756181013569023,507.5124293736049,557.1573028564453,615.1730546739366,0.042724655755473274,0.3086561116532076,META
2025-04-25,545.5679931640625,547.27001953125,549.8599853515625,536.25,546.7999877929688,17098900,0.026484150196779632,511.17956107003346,555.7335784912109,614.2597781711155,0.04229658833173901,0.26822217742269294,META
2025-04-28,548.0302734375,549.739990234375,558.489990234375,540.5900268554688,555.6400146484375,15179000,0.004513241803569379,517.9341997419085,553.8109120686848,613.4893035888672,0.0419025331599921,0.2776949542306164,META
2025-04-29,552.7156372070312,554.4400024414062,556.5700073242188,544.1199951171875,546.0,11835000,0.00854946158383263,525.4763750348773,552.1341440836588,612.7223059760199,0.04194889274637459,0.25196591801422596,META
2025-04-30,547.2926025390625,549.0,549.0999755859375,529.5,538.4000244140625,29244000,-0.009811617951271057,534.6392211914062,551.0256052652995,611.9481726752388,0.041451183684242714,0.2629507690667461,META
2025-05-01,570.4304809570312,572.2100219726562,592.9500122070312,570.5,592.0800170898438,31159000,0.042276980011468845,544.8829868861607,550.6318349202473,611.6773610432942,0.04220059505900562,0.1933904298265352,META
2025-05-02,595.1632080078125,597.02001953125,604.3400268554688,578.3300170898438,583.4600219726562,24739300,0.04335800395744327,555.8131539481027,550.9980255126953,611.6992855495877,0.042930817996608084,0.17694592865623915,META
2025-05-05,597.40625,599.27001953125,603.2100219726562,588.0499877929688,591.219970703125,13887700,0.0037687846997391805,565.2294921875,551.0983815511067,611.8603410508897,0.04282745932160272,0.16436062307108856,META
2025-05-06,585.4834594726562,587.3099975585938,596.030029296875,586.5800170898438,592.530029296875,10600700,-0.019957592555055692,570.9317016601562,550.0503204345703,611.7273474799263,0.04241071329621116,0.18558401661454127,META
2025-05-07,594.953857421875,596.8099975585938,603.0800170898438,586.6699829101562,590.3599853515625,13139100,0.016175346708767302,577.6350708007812,549.0700429280599,611.612153116862,0.042460736444267344,0.1442083300676138,META
2025-05-08,596.1502075195312,598.010009765625,611.2999877929688,596.6199951171875,606.2899780273438,14622800,0.0020108283738851096,583.8400094168527,548.639057413737,611.5589453803168,0.0422252170292243,0.16898956469657755,META
2025-05-09,590.6473999023438,592.489990234375,606.969970703125,591.7100219726562,603.719970703125,10427300,-0.00923057234196667,590.0335518973214,548.3037709554036,611.4837717692058,0.04218206086249876,0.20297045612626086,META
2025-05-12,637.4413452148438,639.4299926757812,640.3900146484375,621.030029296875,630.9199829101562,21965100,0.07922483925305834,599.6065325055804,550.3869394938151,612.0233727349175,0.04373641826657233,0.10915229543465776,META
2025-05-13,653.98974609375,656.030029296875,660.9199829101562,642.8300170898438,645.5399780273438,18570800,0.025960664464475203,608.0103236607143,553.0343475341797,612.8102569580078,0.04390105856049048,0.10764539847435839,META
2025-05-14,657.3093872070312,659.3599853515625,662.6699829101562,654.3099975585938,661.2100219726562,12348200,0.005075983428042052,616.5679146902902,555.4720774332683,613.4820790608724,0.04384740589597537,0.11349563395474771,META
2025-05-15,641.8775634765625,643.8800048828125,657.3099975585938,638.5800170898438,654.280029296875,14341800,-0.023477260527253407,624.6242152622768,557.4641977945963,613.9227881537544,0.04412913484458991,0.14719799949070622,META
2025-05-16,638.3485107421875,640.3400268554688,640.4400024414062,626.1500244140625,637.9600219726562,18519000,-0.005498015408516244,630.8234514508929,561.0769276936849,614.0413089328342,0.04048850628819839,0.12404866301764783,META
2025-05-19,638.438232421875,640.4299926757812,643.0,627.7999877929688,628.25,9592400,0.00014055281429770083,636.8645978655134,565.5861928304037,614.2970584445529,0.03903469024033318,0.1150617790988524,META
2025-05-20,635.1185913085938,637.0999755859375,639.3499755859375,632.260009765625,636.010009765625,6743500,-0.00519962769254656,643.2176252092634,569.6019989013672,614.5952714708117,0.03901974088781245,0.1294352380786723,META
2025-05-21,633.5235595703125,635.5,646.6099853515625,630.1699829101562,631.7899780273438,11464600,-0.002511391982708111,642.657941545759,573.757367960612,614.8188798692491,0.03890578946433998,0.13123958900348276,META
2025-05-22,634.5902099609375,636.5700073242188,643.25,630.7100219726562,634.0499877929688,8228400,0.001683679122128412,639.8865792410714,575.4454335530598,615.1376712375217,0.02862373999869677,0.13298540385102586,META
2025-05-23,625.1097412109375,627.0599975585938,632.4500122070312,622.6500244140625,624.0,8454100,-0.014939513092368073,635.2866298130581,578.1293935139973,615.5069434271918,0.025607486803714375,0.16949562957597886,META
2025-05-27,640.3223266601562,642.3200073242188,643.0800170898438,632.75,635.4099731445312,9508400,0.0243358636833102,635.064453125,581.4108225504557,615.7921478271485,0.025775553116392617,0.13307935790166114,META
2025-05-28,641.5784301757812,643.5800170898438,650.8800048828125,642.5499877929688,642.5999755859375,9042900,0.0019616737747951696,635.5258701869419,585.1358673095704,616.155717976888,0.025237652907717175,0.11573086586740522,META
2025-05-29,643.0438232421875,645.0499877929688,653.3200073242188,639.5,651.6500244140625,8858800,0.0022840435361968225,636.1838117327009,589.2407257080079,616.5193016899957,0.024794816737487135,0.11847872410097926,META
2025-05-30,645.4762573242188,647.489990234375,649.4099731445312,632.780029296875,642.5,16241000,0.003782687888621794,637.6634783063616,594.0650075276693,616.8690758599175,0.023363572761091828,0.09798862141804787,META
2025-06-02,668.8134765625,670.9000244140625,673.260009765625,644.260009765625,644.3900146484375,15766300,0.03615503897079697,642.7048950195312,599.6947764078776,617.4002431233724,0.023798355062346756,0.04851804735239784,META
2025-06-03,664.7760620117188,666.8499755859375,675.5800170898438,665.030029296875,671.4500122070312,11585000,-0.006036682411862171,647.0171595982143,605.7488891601563,617.7432369656033,0.022560032684520333,0.052634985696895065,META
