Date,Adj Close,Close,High,Low,Open,Volume,daily_return,ma_7,ma_30,ma_90,volatility_30,target_30d_return,ticker
,MSFT,MSFT,MSFT,MSFT,MSFT,MSFT,,,,,,,
2022-05-11,251.50497436523438,260.54998779296875,271.3599853515625,259.29998779296875,265.67999267578125,48975900,-0.03320946937534419,264.55287170410156,276.75747833251955,285.42894473605685,0.025149120003925628,0.029835044528694787,MSFT
2022-05-12,246.48548889160156,255.35000610351562,259.8800048828125,250.02000427246094,257.69000244140625,51033800,-0.019957797997043003,260.90823800223217,274.8748504638672,284.58475680881077,0.025275512783574695,0.03977665017733112,MSFT
2022-05-13,252.0552215576172,261.1199951171875,263.0400085449219,255.35000610351562,257.3500061035156,34925100,0.0225965945949258,256.92850821358815,273.35645802815753,283.8638917711046,0.02572915049695911,-0.015481977355227494,MSFT
2022-05-16,252.42198181152344,261.5,265.82000732421875,255.77999877929688,259.9599914550781,32550900,0.0014550789768996708,254.7428240094866,271.8145751953125,283.2822842068142,0.025706817392494353,-0.002423663281150734,MSFT
2022-05-17,257.557373046875,266.82000732421875,268.3299865722656,262.4599914550781,266.1099853515625,28828800,0.02034446920389854,253.65205601283483,270.2652954101562,282.7844943576389,0.02578541659010165,-0.035199368693451416,MSFT
2022-05-18,245.83084106445312,254.0800018310547,263.6000061035156,252.77000427246094,263.0,31356000,-0.045529785630666675,252.28572954450334,268.45673014322915,282.15469699435766,0.026789615412662532,0.02164669969219357,MSFT
2022-05-19,244.9213409423828,253.13999938964844,257.6700134277344,251.8800048828125,253.89999389648438,32692300,-0.0036996990212138092,250.11103166852678,266.98401336669923,281.51233266194663,0.02617154432171122,0.038358399530501464,MSFT
2022-05-20,244.36019897460938,252.55999755859375,258.5400085449219,246.44000244140625,257.239990234375,39199300,-0.002291110956743614,249.09034946986608,265.4324244181315,280.856133863661,0.02608934145772712,0.05404664180152974,MSFT
2022-05-23,252.18753051757812,260.6499938964844,261.5,253.42999267578125,255.49000549316406,33175400,0.03203194127281783,249.90492684500558,264.28332163492837,280.25169253879125,0.026902776816198633,0.029732996711755888,MSFT
2022-05-24,251.1909637451172,259.6199951171875,261.3299865722656,253.5,257.8900146484375,29043900,-0.003951689325858543,249.78146144321985,263.4777801513672,279.78035040961373,0.02605387317684778,0.030968255413617696,MSFT
2022-05-25,253.99676513671875,262.5199890136719,264.5799865722656,257.1300048828125,258.1400146484375,28547900,0.011169993338011164,250.00643048967635,262.8687296549479,279.2823862711588,0.02612283970358632,0.0075805307867411464,MSFT
2022-05-26,257.26702880859375,265.8999938964844,267.1099853515625,261.42999267578125,262.2699890136719,25002100,0.012875217800961902,249.96495274135046,262.189789835612,278.901567586263,0.025956354830880782,-0.04599456757823073,MSFT
2022-05-27,264.3687438964844,273.239990234375,273.3399963378906,267.55999755859375,268.4800109863281,26910800,0.027604450989225926,252.61322457449776,261.99822489420575,278.5923804389106,0.026069300429597365,-0.07509879848802381,MSFT
2022-05-31,263.0432434082031,271.8699951171875,274.7699890136719,268.92999267578125,272.5299987792969,37827700,-0.005013832076912417,255.20206778390067,261.7402750651042,278.2869805230035,0.0260768480889174,-0.06543563758084814,MSFT
2022-06-01,263.575439453125,272.4200134277344,277.69000244140625,270.0400085449219,275.20001220703125,25292200,0.002023226439981096,257.94710213797435,261.3462646484375,278.0471113416884,0.025869163956097195,-0.057631784310002265,MSFT
2022-06-02,265.6651916503906,274.5799865722656,274.6499938964844,261.6000061035156,264.45001220703125,44008200,0.007928478471292744,259.8724822998047,260.98780517578126,277.8268229166667,0.025907816705076442,-0.0740402101382408,MSFT
2022-06-03,261.2532958984375,270.0199890136719,273.45001220703125,268.4100036621094,270.30999755859375,28059000,-0.016606977092275876,261.3099583217076,260.6608601888021,277.64185485839846,0.02584480442072464,-0.038848883298515546,MSFT
2022-06-06,260.0245361328125,268.75,274.17999267578125,267.2200012207031,272.05999755859375,22400300,-0.00470332732607015,262.1710684640067,260.5111083984375,277.35525275336374,0.025483171601084594,-0.024111717127806354,MSFT
2022-06-07,263.6528015136719,272.5,273.1300048828125,265.94000244140625,266.6400146484375,22860700,0.013953550056546193,263.0833217075893,260.2670420328776,277.0754642062717,0.025204049959579835,-0.02811013528177675,MSFT
2022-06-08,261.6306457519531,270.4100036621094,273.0,269.6099853515625,271.7099914550781,17372300,-0.007669767778340497,262.6921648297991,260.2934193929037,276.6830847846137,0.024274516124784543,-0.037165846291772886,MSFT
2022-06-09,256.1931457519531,264.7900085449219,272.7099914550781,264.6300048828125,267.7799987792969,26439700,-0.020783115771365712,261.7135794503348,259.7202565511068,276.2011756049262,0.022819321808765218,-0.022508685890078706,MSFT
2022-06-10,244.7762451171875,252.99000549316406,260.5799865722656,252.52999877929688,260.5799865722656,31422800,-0.04456364592134521,259.0279802594866,258.56028340657554,275.61617363823785,0.023611455406086404,-0.004308595072728183,MSFT
2022-06-13,234.39456176757812,242.25999450683594,249.02000427246094,241.52999877929688,245.11000061035156,46135800,-0.04241295287718427,254.56074741908483,257.44390767415365,274.8655151367187,0.023644742093486992,0.10930428853529284,MSFT
2022-06-14,236.5522003173828,244.49000549316406,245.74000549316406,241.50999450683594,243.86000061035156,28651500,0.009205156184229901,251.03201947893416,256.1758295694987,274.269516160753,0.0231414638559037,0.13055757760671782,MSFT
2022-06-15,243.58616638183594,251.75999450683594,255.3000030517578,246.4199981689453,248.30999755859375,33111700,0.029735365196416064,248.68368094308036,255.22877095540363,273.7014736599392,0.023955444265887395,0.11510973390004531,MSFT
2022-06-16,237.01657104492188,244.97000122070312,247.4199981689453,243.02000427246094,245.97999572753906,33169200,-0.02697031376821224,244.87850516183036,253.79887898763022,273.1138458251953,0.023516339827572518,0.13487401563549573,MSFT
2022-06-17,239.6095733642578,247.64999389648438,250.5,244.02999877929688,244.6999969482422,43084800,0.010940173119138086,241.7326376778739,252.86180572509767,272.51639048258465,0.02254074038066144,0.1097112134818623,MSFT
2022-06-21,245.50184631347656,253.74000549316406,254.75,249.50999450683594,250.25999450683594,29928300,0.024591141607940736,240.20530918666296,252.2054423014323,271.9132280137804,0.023078376139123082,0.11322626239736211,MSFT
2022-06-22,244.91171264648438,253.1300048828125,257.1700134277344,250.3699951171875,251.88999938964844,25939900,-0.0024037850462381716,240.22466169084822,251.85599517822266,271.3980183919271,0.022133039867408603,0.12057019411316783,MSFT
2022-06-23,250.45562744140625,258.8599853515625,259.3699951171875,253.6300048828125,255.57000732421875,25861400,0.022636380820725277,242.51909964425224,251.53304189046224,271.0229699028863,0.02226928375660622,0.09290721378152367,MSFT
2022-06-24,259.0086364746094,267.70001220703125,267.9800109863281,261.7200012207031,261.80999755859375,33923200,0.034149797792840886,245.72716195242745,251.78316396077474,270.7433834499783,0.022307846823862377,0.047142076975962066,MSFT
2022-06-27,256.28985595703125,264.8900146484375,268.29998779296875,263.2799987792969,268.2099914550781,24615100,-0.010496872052545014,247.54197474888392,252.10997619628907,270.37504136827255,0.02206363110354043,0.06572541475423144,MSFT
2022-06-28,248.1529083251953,256.4800109863281,266.9100036621094,256.32000732421875,263.9800109863281,27295500,-0.03174900388254209,249.13288007463728,251.97989908854166,269.9200420803494,0.022501676409498753,0.12741741980498134,MSFT
2022-06-29,251.81019592285156,260.260009765625,261.9700012207031,255.75999450683594,257.5899963378906,20069800,0.014738040437807465,250.8758261544364,251.95950622558593,269.5997412787543,0.022666937630054413,0.1028205014314989,MSFT
2022-06-30,248.49151611328125,256.8299865722656,259.5299987792969,252.89999389648438,257.04998779296875,31730900,-0.01317929084407321,251.30292184012276,251.65731099446614,269.27259724934896,0.022463459516294804,0.1365884481189601,MSFT
2022-07-01,251.1522674560547,259.5799865722656,259.7699890136719,254.61000061035156,256.3900146484375,22837700,0.010707614426403556,252.1944296700614,251.8346918741862,268.9772693210178,0.020907438108380725,0.130557249104849,MSFT
2022-07-05,254.31613159179688,262.8500061035156,262.9800109863281,254.74000549316406,256.1600036621094,22941000,0.012597394273160534,252.74593026297433,252.1478515625,268.7969992743598,0.020994632157546548,0.1136006286006328,MSFT
2022-07-06,257.5670471191406,266.2099914550781,267.989990234375,262.3999938964844,263.75,23824400,0.012782970183589537,252.5399889264788,252.58807983398438,268.49926300048827,0.021081724132029432,0.09664670092513505,MSFT
2022-07-07,259.6858215332031,268.3999938964844,269.05999755859375,265.0199890136719,265.1199951171875,20859900,0.008226108260978027,253.02512686593192,252.83802286783853,268.19589657253687,0.020346453489438046,0.08340543999360706,MSFT
2022-07-08,258.96990966796875,267.6600036621094,268.1000061035156,263.2900085449219,264.7900085449219,19658800,-0.0027568384789264933,254.5704127720424,253.09732106526693,267.8687010023329,0.020337231814854955,0.07134943198891897,MSFT
2022-07-11,255.9221954345703,264.510009765625,266.5299987792969,262.17999267578125,265.6499938964844,19455200,-0.011768603685679113,255.1578412737165,253.1615020751953,267.5488274468316,0.020381347784705465,0.05228350124197201,MSFT
2022-07-12,245.43414306640625,253.6699981689453,265.94000244140625,252.0399932861328,265.8800048828125,35868500,-0.04098140980056364,254.7210736955915,252.76707255045574,267.05621948242185,0.021585827942121688,0.09207516276885985,MSFT
2022-07-13,244.5149688720703,252.72000122070312,253.5500030517578,248.11000061035156,250.19000244140625,29497400,-0.0037450950501505265,253.77288818359375,252.10528004964192,266.599195183648,0.020883627594240978,0.09360316459768292,MSFT
2022-07-14,245.83084106445312,254.0800018310547,255.13999938964844,245.94000244140625,250.57000732421875,25102800,0.005381560885424852,252.56070382254464,251.53153330485026,266.22178870307073,0.020924729671013248,0.09981869271301114,MSFT
2022-07-15,248.38511657714844,256.7200012207031,260.3699951171875,254.77000427246094,255.72000122070312,29774100,0.01039037861008496,251.2489994594029,251.0251892089844,265.9902048746745,0.021036218832734613,0.04650603473966086,MSFT
2022-07-18,245.9952850341797,254.25,260.8399963378906,253.3000030517578,259.75,20975000,-0.009621476422990383,249.293208530971,250.36952565511066,265.7648876614041,0.021001470079669224,0.04540004752645643,MSFT
2022-07-19,251.10389709472656,259.5299987792969,259.7200012207031,253.67999267578125,257.5799865722656,25012600,0.020767113726740893,248.16949244907923,250.03121236165364,265.4606567382813,0.02123356367112326,0.01540542568838954,MSFT
2022-07-20,253.75489807128906,262.2699890136719,264.8699951171875,258.9100036621094,259.8999938964844,22788300,0.010557386831644644,247.85987854003906,249.82222442626954,265.21709204779734,0.021326859445234485,-0.0009340904593309052,MSFT
2022-07-21,256.2414855957031,264.8399963378906,264.8900146484375,257.0299987792969,259.7900085449219,22404700,0.009799170551243908,249.4037846156529,249.57518056233724,265.06035987006294,0.021242480339227775,-0.01467792434509485,MSFT
2022-07-22,251.90692138671875,260.3599853515625,265.3299865722656,259.07000732421875,265.239990234375,21881300,-0.016915934587670267,250.45977783203125,249.2510564168294,264.89439951578777,0.021413034015920873,-0.014427972862271488,MSFT
2022-07-25,250.42657470703125,258.8299865722656,261.5,256.80999755859375,261.0,21056000,-0.005876562150568754,251.1163112095424,249.0588373819987,264.5971216837565,0.02110986087490972,-0.019481529197372893,MSFT
2022-07-26,243.7216033935547,251.89999389648438,259.8800048828125,249.57000732421875,259.8599853515625,39348000,-0.02677420046702539,250.4500950404576,249.0236826578776,264.147693210178,0.02005407031727609,0.026747970375905705,MSFT
2022-07-27,260.014892578125,268.739990234375,270.04998779296875,258.8500061035156,261.1600036621094,45994000,0.06685205151166018,252.45289611816406,249.87769368489583,263.8703989664713,0.02191194573808529,-0.03598755329707115,MSFT
2022-07-28,267.4358825683594,276.4100036621094,277.8399963378906,267.8699951171875,269.75,33459300,0.028540634410025634,254.7860369001116,250.9071497599284,263.6196801079644,0.022359438359584413,-0.04120221755657294,MSFT
2022-07-29,271.62530517578125,280.739990234375,282.0,276.6300048828125,277.70001220703125,32152800,0.015665147725085093,257.33895220075334,251.84178771972657,263.42913208007815,0.02195220682224695,-0.04817283474023937,MSFT
2022-08-01,268.98394775390625,278.010009765625,281.2799987792969,275.8399963378906,277.82000732421875,21539600,-0.009724268584496043,259.1593039376395,252.90736694335936,263.1566816541884,0.02133385353594096,-0.09166995118938293,MSFT
2022-08-02,265.8974304199219,274.82000732421875,277.8900146484375,272.3800048828125,276.0,22754200,-0.01147472687406692,261.15794808524,253.78362884521485,262.8989512125651,0.02149044569892666,-0.08028748547990816,MSFT
2022-08-03,273.2991027832031,282.4700012207031,283.5,276.6099853515625,276.760009765625,23518900,0.027836569731388705,264.42545209612166,254.7102040608724,262.67401801215277,0.02160710289495873,-0.12946206590054232,MSFT
2022-08-04,274.4407653808594,283.6499938964844,283.79998779296875,280.1700134277344,281.79998779296875,18098700,0.00417733752518723,268.81390380859375,255.6945058186849,262.4662740071615,0.021575274313572233,-0.13534459224663975,MSFT
2022-08-05,273.7247619628906,282.9100036621094,283.6499938964844,278.67999267578125,279.1499938964844,16774600,-0.002608954311051792,270.77245657784596,256.4701436360677,262.17528279622394,0.021315081673200665,-0.13386216021048425,MSFT
2022-08-08,271.2188415527344,280.32000732421875,285.9200134277344,279.32000732421875,284.04998779296875,18739200,-0.009154891184071867,271.31287928989957,256.8771504720052,261.8059309217665,0.020599997535596944,-0.1332595538869571,MSFT
2022-08-09,273.1346130371094,282.29998779296875,283.0799865722656,277.6099853515625,279.6400146484375,23405200,0.007063563406609852,271.5284946986607,257.4386423746745,261.4744896782769,0.02048949899911725,-0.1517634209769192,MSFT
2022-08-10,279.77191162109375,289.1600036621094,289.80999755859375,286.94000244140625,288.1700134277344,24687800,0.02430046675586528,273.0696323939732,258.4926091512044,261.27632208930123,0.019819814299205814,-0.16485177199706003,MSFT
2022-08-11,277.7014465332031,287.0199890136719,291.2099914550781,286.510009765625,290.8500061035156,20065900,-0.007400546666367025,274.75592041015625,259.35565083821615,261.04324408637154,0.019825808634746943,-0.16930892716381085,MSFT
2022-08-12,282.4325866699219,291.9100036621094,291.9100036621094,286.94000244140625,288.4800109863281,22619700,0.01703678607289172,276.06070382254467,260.4870198567708,260.8032087537977,0.019718819998274267,-0.1848377120032727,MSFT
2022-08-15,283.9420166015625,293.4700012207031,294.17999267578125,290.1099853515625,291.0,18085700,0.005344390140804345,277.4180254255022,261.5800114949544,260.6238111707899,0.019684531658133723,-0.19272239282595882,MSFT
2022-08-16,283.20660400390625,292.7099914550781,294.0400085449219,290.4200134277344,291.989990234375,18102900,-0.002590009771918367,278.7725742885045,262.5430272420247,260.558297390408,0.019658629051264233,-0.17467209993325516,MSFT
2022-08-17,282.4600524902344,291.32000732421875,293.3500061035156,289.4700012207031,289.739990234375,18253400,-0.002636066755214439,280.3784615652902,263.37279408772787,260.4644327799479,0.01961658591844724,-0.1847452977645765,MSFT
2022-08-18,281.34503173828125,290.1700134277344,291.9100036621094,289.0799865722656,290.19000244140625,17186200,-0.003947534322545243,281.55137852260043,264.09476776123046,260.4053707546658,0.019636294490518957,-0.19736717649873947,MSFT
2022-08-19,277.447265625,286.1499938964844,289.25,285.55999755859375,288.8999938964844,20570000,-0.013854042807150413,281.2192862374442,264.71067962646487,260.4285936143663,0.019849081830544818,-0.15869280523818574,MSFT
2022-08-22,269.3027038574219,277.75,282.4599914550781,277.2200012207031,282.0799865722656,25061100,-0.029355350643773814,280.0194658551897,265.1566965738932,260.3956427680122,0.020532591257388835,-0.10394219011115746,MSFT
2022-08-23,268.03253173828125,276.44000244140625,278.8599853515625,275.3999938964844,276.44000244140625,17527400,-0.004716521969319265,277.96231515066967,265.90997619628905,260.2889461941189,0.01892547299659016,-0.09853835127162014,MSFT
2022-08-24,267.40234375,275.7900085449219,277.2300109863281,275.1099853515625,275.4100036621094,18137000,-0.002351162316731714,275.59950474330356,266.67288869222006,260.2587978786892,0.018909765760029975,-0.10515239253889419,MSFT
2022-08-25,270.3693542480469,278.8500061035156,279.0199890136719,274.5199890136719,277.3299865722656,16583400,0.01109567873055295,273.76561192103793,267.49083913167317,260.2542158338759,0.0189616522741041,-0.15997860141184628,MSFT
2022-08-26,259.9365234375,268.0899963378906,280.3399963378906,267.9800109863281,279.0799865722656,27549300,-0.038587327471202304,270.5479649135045,267.8758860270182,260.0824466281467,0.02038910177979954,-0.14487666713628256,MSFT
2022-08-29,257.1634826660156,265.2300109863281,267.3999938964844,263.8500061035156,265.8500061035156,20338500,-0.010668145956607478,267.0934579031808,268.24815928141277,259.8684967041016,0.02041005375163605,-0.15013368763434176,MSFT
2022-08-30,254.97225952148438,262.9700012207031,267.04998779296875,260.6600036621094,266.6700134277344,22767100,-0.008520739888163043,263.8827427455357,268.377104695638,259.6897257486979,0.020164567079755134,-0.1415370755306058,MSFT
2022-08-31,253.5178680419922,261.4700012207031,267.1099853515625,261.3299865722656,265.3900146484375,24791800,-0.0057041165271143335,261.62776620047435,268.36920369466145,259.56751217312285,0.02010904318439326,-0.10414187037419675,MSFT
2022-09-01,252.4803924560547,260.3999938964844,260.8900146484375,255.41000366210938,258.8699951171875,23263400,-0.004092317413168067,259.4060320172991,268.2438339233398,259.3620188395182,0.020039287283019108,-0.12227324660631778,MSFT
2022-09-02,248.2724151611328,256.05999755859375,264.739990234375,254.47000122070312,261.70001220703125,22855400,-0.016666550831880067,256.6731850760324,268.1226837158203,259.2223865085178,0.020032207961525442,-0.07236585631630099,MSFT
2022-09-06,245.54788208007812,253.25,257.8299865722656,251.94000244140625,256.20001220703125,21328200,-0.010973966154421255,253.12726048060827,267.96006062825523,258.91305152045356,0.020102694615445813,-0.058242843469884176,MSFT
2022-09-07,250.24066162109375,258.0899963378906,258.8299865722656,253.22000122070312,254.6999969482422,24126700,0.019111464131811307,251.7421373639788,268.17736256917317,258.5871095445421,0.019774701012177123,-0.08373049332637061,MSFT
2022-09-08,250.6575927734375,258.5199890136719,260.42999267578125,254.7899932861328,257.510009765625,20319900,0.0016661207241173148,250.81272452218192,267.8654525756836,258.395684644911,0.015392691742530227,-0.08653111907302424,MSFT
2022-09-09,256.41693115234375,264.4599914550781,265.2300109863281,260.2900085449219,260.5,22084700,0.02297691570074223,251.01910618373327,267.49815419514977,258.19371117485895,0.01505294393206759,-0.0844738981251495,MSFT
2022-09-12,258.54034423828125,266.6499938964844,267.45001220703125,265.1600036621094,265.7799987792969,18747700,0.008281095465868082,251.73660278320312,267.0619888305664,258.0441825018989,0.01482475548167017,-0.07275453413363075,MSFT
2022-09-13,244.32620239257812,251.99000549316406,260.3999938964844,251.58999633789062,258.8399963378906,33353300,-0.05497842856046786,250.57171848842077,266.2400639851888,257.6487699720595,0.01770840162281664,-0.005278050521847044,MSFT
2022-09-14,244.5491943359375,252.22000122070312,254.22999572753906,249.86000061035156,253.52999877929688,23913000,0.0009126812481663471,250.03982979910714,265.52845611572263,257.3912968953451,0.017649420268128865,-0.0828642017583574,MSFT
2022-09-15,237.917236328125,245.3800048828125,251.39999389648438,244.02000427246094,249.77000427246094,31530900,-0.02711911615910778,248.94973754882812,264.3490605672201,257.0882356431749,0.0172246950712296,-0.07592297762257716,MSFT
2022-09-16,237.29669189453125,244.74000549316406,245.3000030517578,242.05999755859375,244.25999450683594,39791800,-0.0026082365581026057,247.10059901646204,263.11092478434244,256.88714192708335,0.01715168842419751,-0.036242540579427995,MSFT
2022-09-19,237.0833740234375,244.52000427246094,245.13999938964844,240.85000610351562,242.47000122070312,26826900,-0.0008989500417838636,245.1614249093192,261.8895451863607,256.6309102376302,0.01716168648860074,-0.05067071296430259,MSFT
2022-09-20,235.0763397216797,242.4499969482422,243.50999450683594,239.63999938964844,242.07000732421875,26660300,-0.008465521085250782,242.1127689906529,260.68479512532554,256.44836985270183,0.01715588563877085,-0.05889875238568343,MSFT
2022-09-21,231.68276977539062,238.9499969482422,247.66000366210938,238.89999389648438,244.27000427246094,28625600,-0.014436033631912482,238.2759726388114,259.3030670166016,256.28389519585505,0.017100326521994717,-0.07888675924661159,MSFT
2022-09-22,233.65101623535156,240.97999572753906,243.86000061035156,237.57000732421875,237.8699951171875,31061200,0.00849543736838565,236.75094604492188,257.76570383707684,256.07940402560763,0.016384520906396735,-0.11092193444163101,MSFT
2022-09-23,230.68411254882812,237.9199981689453,241.1300048828125,235.1999969482422,239.5399932861328,34176000,-0.012698013192182889,234.77022007533483,256.198459370931,255.83787214491102,0.01643023481934685,-0.06947711864059236,MSFT
2022-09-26,230.2283935546875,237.4499969482422,241.4499969482422,236.89999389648438,237.0500030517578,27694200,-0.001975510966513383,233.67181396484375,254.45831960042318,255.53421681722006,0.015866771728201647,-0.040345439709103426,MSFT
2022-09-27,229.22003173828125,236.41000366210938,241.8000030517578,234.5,239.97999572753906,27018700,-0.004379832569029851,232.51800537109375,252.6342534383138,255.34965226915148,0.015711534335604765,-0.0318938070440451,MSFT
2022-09-28,233.73831176757812,241.07000732421875,242.3300018310547,234.72999572753906,236.80999755859375,29029700,0.019711540893841972,232.0401393345424,250.98531036376954,255.2253963894314,0.016437684962863592,-0.06869383587210931,MSFT
2022-09-29,230.27688598632812,237.5,239.9499969482422,234.41000366210938,238.88999938964844,27484200,-0.014808979131721967,231.35450308663505,249.245871480306,255.0689151340061,0.01649564071735621,0.023073697608165133,MSFT
2022-09-30,225.81675720214844,232.89999389648438,240.5399932861328,232.72999572753906,238.2899932861328,35694800,-0.019368547412285664,230.5165012904576,247.39492899576823,254.77590654161241,0.016648032816363064,0.061013463834724835,MSFT
2022-10-03,233.4183807373047,240.74000549316406,241.61000061035156,234.66000366210938,235.41000366210938,28880400,0.033662796460899314,230.48326764787947,245.92729949951172,254.57843339708117,0.018179697637619795,0.00336444839604777,MSFT
2022-10-04,241.310791015625,248.8800048828125,250.36000061035156,244.97999572753906,245.08999633789062,34888400,0.033812291274536,232.0013645717076,244.99423573811848,254.437478129069,0.018972095848387622,-0.027764505887744817,MSFT
2022-10-05,241.6210479736328,249.1999969482422,250.5800018310547,244.10000610351562,245.99000549316406,20347100,0.0012857152251750659,233.62888663155692,244.11385294596354,254.26363389756943,0.018990207229299852,-0.027242207186074174,MSFT
2022-10-06,239.2843475341797,246.7899932861328,250.33999633789062,246.0800018310547,247.92999267578125,20239900,-0.009670930819355328,235.066646030971,243.1765864054362,253.98491838243274,0.019024902223760937,-0.017946223948759776,MSFT
2022-10-07,227.1160430908203,234.24000549316406,241.32000732421875,233.1699981689453,240.89999389648438,37769600,-0.05085290604568793,234.12060764857702,241.73480936686198,253.58572726779514,0.020674226760884713,0.032700614211896184,MSFT
2022-10-10,222.2777862548828,229.25,234.55999755859375,226.72999572753906,233.0500030517578,29743600,-0.021303016599328317,232.9778791155134,240.4795181274414,253.12686445448134,0.019951008478940848,0.05880980397258306,MSFT
2022-10-11,218.55458068847656,225.41000366210938,229.05999755859375,224.11000061035156,227.6199951171875,30474000,-0.016750236850644584,231.940425327846,239.19255472819012,252.60341322157117,0.020041195115518873,0.09010483905369426,MSFT
2022-10-12,218.8842315673828,225.75,227.86000061035156,223.9600067138672,225.39999389648438,21903900,0.001508322899789194,229.86411830357142,237.9896204630534,252.132645840115,0.020067725886123662,0.09979060700545284,MSFT
2022-10-13,227.1160430908203,234.24000549316406,236.10000610351562,219.1300048828125,219.85000610351562,42551800,0.03760806095757219,227.83629717145647,237.10955963134765,251.76699591742621,0.021512232631538085,0.059543369153906456,MSFT
2022-10-14,221.60879516601562,228.55999755859375,237.24000549316406,228.33999633789062,235.5399932861328,30198600,-0.024248608111767878,224.97740391322546,236.08050638834635,251.29984029134116,0.021845687345017704,0.06073369829035369,MSFT
2022-10-17,230.30596923828125,237.52999877929688,238.9600067138672,235.13999938964844,235.82000732421875,28142300,0.03924561778222846,223.6947784423828,235.48162485758465,250.95178833007813,0.023086899920395563,0.014639245992866146,MSFT
2022-10-18,231.24647521972656,238.5,243.92999267578125,235.3699951171875,243.24000549316406,26329600,0.0040837238589861435,224.2848401750837,235.00491129557292,250.67460310194227,0.02305417308892075,0.07278404858498888,MSFT
2022-10-19,229.2878875732422,236.47999572753906,239.61000061035156,234.2899932861328,237.0399932861328,19985700,-0.008469697298622014,225.2862832205636,234.30648549397787,250.50251024034287,0.022741802566553344,0.08003967095441555,MSFT
2022-10-20,228.96791076660156,236.14999389648438,241.30999755859375,234.8699951171875,235.77000427246094,21811000,-0.0013955242469509965,226.7739018031529,233.58349609375,250.4422141181098,0.022728588015358073,0.08295020519283391,MSFT
2022-10-21,234.7563934326172,242.1199951171875,243.0,234.5,234.74000549316406,26299700,0.025280759415742482,229.0413534981864,232.86147816975912,250.42226070827908,0.022822250076958994,0.03628398969255442,MSFT
2022-10-24,239.73036193847656,247.25,247.83999633789062,241.3000030517578,243.75999450683594,24911200,0.02118778719135106,230.84339904785156,232.23447875976564,250.3794184366862,0.023155316106906236,-0.005820964957667485,MSFT
2022-10-25,243.03663635253906,250.66000366210938,251.0399932861328,245.8300018310547,247.25999450683594,34775500,0.013791638186034128,233.9045192173549,232.19149322509764,250.44630805121528,0.021065501746942734,-0.022346235781564472,MSFT
2022-10-26,224.28482055664062,231.32000732421875,238.3000030517578,230.05999755859375,231.1699981689453,82543200,-0.07715633361835128,233.04435511997767,231.5160140991211,250.27603302001953,0.025341753388006105,0.07252823883423942,MSFT
2022-10-27,219.85385131835938,226.75,233.69000244140625,225.77999877929688,231.0399932861328,40424600,-0.019755992524524202,231.41683741978235,230.91390126546224,249.99105529785157,0.025130513948926687,0.08538740959924462,MSFT
2022-10-28,228.6964569091797,235.8699951171875,236.60000610351562,226.0500030517578,226.24000549316406,40647700,0.04022038066558942,231.3323473249163,230.62722676595052,249.8108857896593,0.026302687092099722,0.0735641820832087,MSFT
2022-10-31,225.0701904296875,232.1300048828125,234.9199981689453,231.14999389648438,233.75999450683594,28357300,-0.01585624249934159,230.77553013392858,230.2267873128255,249.52882537841796,0.026444215607898638,0.10991274694580411,MSFT
2022-11-01,221.2306365966797,228.1699981689453,235.74000549316406,227.3300018310547,234.60000610351562,30592300,-0.017059361906957227,228.84327915736608,229.76526387532553,249.10906982421875,0.026569755273976613,0.13049437768729066,MSFT
2022-11-02,213.40606689453125,220.10000610351562,231.3000030517578,220.0399932861328,229.4600067138672,38407000,-0.03536838216676663,225.0826655796596,229.15604044596355,248.63258327907985,0.02718413670337945,0.13453772331611114,MSFT
2022-11-03,207.73399353027344,214.25,220.41000366210938,213.97999572753906,220.08999633789062,36633900,-0.02657878216302556,220.03943089076452,228.2921396891276,248.18348422580294,0.027453441477900072,0.14529557872360588,MSFT
2022-11-04,214.65684509277344,221.38999938964844,221.58999633789062,213.42999267578125,217.5500030517578,36789100,0.03332555950449745,218.66400582449776,227.75789744059244,247.77066921657985,0.028199992752609752,0.08915319868826233,MSFT
2022-11-07,220.93972778320312,227.8699951171875,228.41000366210938,221.27999877929688,221.99000549316406,33498000,0.02926942622171813,218.81913103376115,227.44827524820963,247.46453823513454,0.028772445634207614,0.06412193896670226,MSFT
2022-11-08,221.90933227539062,228.8699951171875,231.64999389648438,225.83999633789062,228.6999969482422,28192500,0.00438854750983908,217.84954180036272,227.20458526611327,247.13961673312718,0.028781123123436097,0.07099604278332272,MSFT
2022-11-09,217.6819305419922,224.50999450683594,228.6300048828125,224.3300018310547,227.3699951171875,27852900,-0.01905013047469406,216.79407610212053,226.66937255859375,246.732570054796,0.028704295689924716,0.06392273995736586,MSFT
2022-11-10,235.59022521972656,242.97999572753906,243.3300018310547,235.0,235.42999267578125,46268000,0.0822681728021506,218.84544590541296,226.8464838663737,246.48838314480253,0.03243601713767564,-0.014722298271054313,MSFT
2022-11-11,239.59461975097656,247.11000061035156,247.99000549316406,241.92999267578125,242.99000549316406,34620200,0.016997286400635803,222.58666774204798,227.30574595133464,246.26514756944445,0.03231749164622253,-0.03837244929379702,MSFT
2022-11-14,234.20370483398438,241.5500030517578,243.91000366210938,239.2100067138672,241.99000549316406,31123300,-0.022500150139411534,226.36805507114954,227.33192342122396,245.9899675157335,0.032074676303603396,-0.02632607659738817,MSFT
2022-11-15,234.6109161376953,241.97000122070312,247.0,240.02999877929688,245.66000366210938,31390100,0.001738705645154548,229.21863664899553,227.1085942586263,245.75317552354602,0.03145837990288305,-0.0011604204908067794,MSFT
2022-11-16,235.03875732421875,241.72999572753906,243.8000030517578,240.4199981689453,242.7899932861328,24093300,0.0018236201177967981,231.2327837262835,226.8891845703125,245.63767123752172,0.03145956280619326,-0.007901256208004637,MSFT
2022-11-17,234.99009704589844,241.67999267578125,243.25,237.6300048828125,237.77999877929688,23123500,-0.00020703086960760508,233.1014644077846,226.74604288736978,245.53183932834202,0.03141124715626763,-0.00868898037188992,MSFT
2022-11-18,234.54287719726562,241.22000122070312,243.74000549316406,239.02999877929688,243.50999450683594,27613500,-0.0019031433845718704,235.51017107282365,226.9936040242513,245.40641750759548,0.029921454902622435,-0.050244740063139726,MSFT
2022-11-21,235.3498992919922,242.0500030517578,244.6699981689453,241.19000244140625,241.42999267578125,26394700,0.003440829686965019,235.47583879743303,227.4293411254883,245.26158175998265,0.029610499327260724,-0.0815534160608371,MSFT
2022-11-22,238.24740600585938,245.02999877929688,245.30999755859375,240.7100067138672,243.58999633789062,19665700,0.012311484825716201,235.28337969098772,228.0857686360677,245.17549421522352,0.029439670212363597,-0.08203086222159373,MSFT
2022-11-23,240.72682189941406,247.5800018310547,248.27999877929688,244.27000427246094,245.11000061035156,19508500,0.010406895651546844,236.21525355747767,228.81385498046876,245.06019337972006,0.029465833474453987,-0.08263992389076935,MSFT
2022-11-25,240.63929748535156,247.49000549316406,248.6999969482422,246.72999572753906,247.30999755859375,9200800,-0.0003635839719559053,237.07645089285714,229.26463012695314,244.91446448432075,0.0287615151886181,-0.07531620514887982,MSFT
2022-11-28,235.0679168701172,241.75999450683594,246.64999389648438,240.8000030517578,246.0800018310547,24778200,-0.023152413896876167,237.0806165422712,229.71326751708983,244.679202609592,0.028727261624998897,-0.024776619072350625,MSFT
2022-11-29,233.67747497558594,240.3300018310547,242.7899932861328,238.2100067138672,241.39999389648438,17956300,-0.0059150645185642725,236.89309910365515,229.82565104166667,244.47665320502387,0.02789935668018356,-0.007572863170188682,MSFT
2022-11-30,248.07752990722656,255.13999938964844,255.3300018310547,239.86000061035156,240.57000732421875,47594200,0.06162363288607553,238.82662091936385,230.38668619791667,244.45055270724828,0.03002545061835457,-0.06235788158316313,MSFT
2022-12-01,247.6400146484375,254.69000244140625,256.1199951171875,250.9199981689453,253.8699951171875,26041500,-0.0017636230857049906,240.5823516845703,230.99842376708983,244.4940906100803,0.02996372413945184,-0.056303720620486275,MSFT
2022-12-02,247.96084594726562,255.02000427246094,256.05999755859375,249.69000244140625,249.82000732421875,21528500,0.0012955551601125936,241.96998596191406,231.63152160644532,244.3601567586263,0.029954133029964813,-0.07532736809186158,MSFT
2022-12-05,243.2742919921875,250.1999969482422,253.82000732421875,248.05999755859375,252.00999450683594,23435300,-0.018900378957711794,242.3339102608817,231.915451558431,244.0916946411133,0.029911623638756952,-0.07302167993123598,MSFT
2022-12-06,238.33489990234375,245.1199951171875,251.86000061035156,243.77999877929688,250.82000732421875,22463700,-0.02030379802729987,242.0047106061663,231.86893615722656,243.7218012491862,0.02993481857937447,-0.019990056029905112,MSFT
2022-12-07,237.60568237304688,244.3699951171875,246.16000366210938,242.2100067138672,244.8300018310547,20481500,-0.003059633858052968,242.36724853515625,231.68790435791016,243.37315385606553,0.029829592839473725,-0.007325071093596147,MSFT
2022-12-08,240.5518035888672,247.39999389648438,248.74000549316406,243.05999755859375,244.83999633789062,22611800,0.012399203530809588,243.34929547991072,232.23013712565105,243.09153578016492,0.026127042451219832,-0.021665351606360073,MSFT
2022-12-09,238.62660217285156,245.4199981689453,248.30999755859375,244.16000366210938,244.6999969482422,20609700,-0.008003271591785821,241.99916294642858,232.85589548746745,242.70628577338326,0.02586616399620796,-0.01959896366901126,MSFT
2022-12-12,245.52032470703125,252.50999450683594,252.5399932861328,247.1699981689453,247.4499969482422,30665100,0.02888916185960766,241.69635009765625,233.41669108072918,242.38494754367406,0.025382901061557373,-0.017860627628116577,MSFT
2022-12-13,249.8082733154297,256.9200134277344,263.9200134277344,253.07000732421875,261.69000244140625,42196900,0.017464739888704006,241.96026829310827,234.24129384358724,242.11920878092448,0.025272927183133526,-0.03409615589592485,MSFT
2022-12-14,250.09999084472656,257.2200012207031,262.5899963378906,254.30999755859375,257.1300048828125,35410900,0.001167765684559674,242.93536812918526,235.20360565185547,241.88455488416884,0.02497187140321739,-0.05641097039251819,MSFT
2022-12-15,242.1172332763672,249.00999450683594,254.1999969482422,247.33999633789062,253.72000122070312,35560400,-0.03191826413666454,243.47570146833147,236.16064453125,241.5399173312717,0.02478973043666397,-0.004819064503026493,MSFT
2022-12-16,237.9168243408203,244.69000244140625,249.83999633789062,243.50999450683594,248.5500030517578,86102000,-0.017348657419822167,243.52015032087053,237.16673889160157,241.07486080593532,0.024445510752560247,0.03293952963539204,MSFT
2022-12-19,233.794189453125,240.4499969482422,245.2100067138672,238.7100067138672,244.86000061035156,29696400,-0.01732805109145863,242.55477687290735,237.80465037027994,240.58700239393445,0.0241559208714516,0.10043678553415192,MSFT
2022-12-20,235.1068115234375,241.8000030517578,242.91000366210938,238.4199981689453,239.39999389648438,25150800,0.005614434102844346,242.05194963727678,238.27688649495443,240.06116044786242,0.02365396322239428,0.06844494663797152,MSFT
2022-12-21,237.6640167236328,244.42999267578125,245.6199951171875,240.11000061035156,241.69000244140625,23690600,0.010876780573158218,240.92961992536272,238.80204264322916,239.54696044921874,0.02370297802124567,0.05048470522612081,MSFT
2022-12-22,231.5967559814453,238.19000244140625,241.99000549316406,233.8699951171875,241.25999450683594,28651700,-0.025528730961586032,238.3279745919364,239.2658701578776,238.97351769341364,0.02393496786905104,0.12330466779879323,MSFT
2022-12-23,232.12179565429688,238.72999572753906,238.8699951171875,233.94000244140625,236.11000061035156,21207000,0.0022670424316895144,235.75966099330358,239.15025583902994,238.41420372856987,0.018580057523292656,0.11728719603448101,MSFT
2022-12-27,230.40078735351562,236.9600067138672,238.92999267578125,235.8300018310547,238.6999969482422,16688600,-0.007414246886769615,234.08588300432478,238.8437947591146,237.84815656873914,0.01832791344338466,0.11250854827025925,MSFT
2022-12-28,228.0380401611328,234.52999877929688,239.72000122070312,234.1699981689453,236.88999938964844,17457100,-0.01025494408904748,232.67462812151228,238.63827260335287,237.29916517469618,0.01796870994366037,0.12181796076080742,MSFT
2022-12-29,234.3386688232422,241.00999450683594,241.9199981689453,235.64999389648438,235.64999389648438,19770700,0.027629726416072087,232.75241088867188,238.6291976928711,236.91067589653863,0.01869855846421711,0.12576252868364546,MSFT
2022-12-30,233.18165588378906,239.82000732421875,239.9600067138672,236.66000366210938,238.2100067138672,21938500,-0.00493735389580896,232.4773886544364,238.56729431152343,236.52344394259984,0.018718152982659202,0.134892482838892,MSFT
2023-01-03,232.94827270507812,239.5800018310547,245.75,237.39999389648438,243.0800018310547,25740000,-0.001000864231049281,231.8037109375,238.49923350016277,236.14062093098957,0.018718874743387334,0.12694935013910857,MSFT
2023-01-04,222.75833129882812,229.10000610351562,232.8699951171875,225.9600067138672,232.27999877929688,50623400,-0.04374336537429868,230.54107883998327,238.10641530354818,235.61160956488715,0.020344153960569825,0.14712642024729616,MSFT
2023-01-05,216.15631103515625,222.30999755859375,227.5500030517578,221.75999450683594,227.1999969482422,39585600,-0.02963759077013073,228.26029532296317,237.4666290283203,235.12516276041666,0.0209533819521249,0.1637188850502822,MSFT
2023-01-06,218.70376586914062,224.92999267578125,225.75999450683594,219.35000610351562,223.0,43613600,0.01178524384407198,226.58929225376673,236.81517435709637,234.69783257378472,0.0209406664749921,0.12614084868662956,MSFT
2023-01-09,220.8331756591797,227.1199951171875,231.24000549316406,226.41000366210938,226.4499969482422,27369800,0.00973650262297343,225.56002589634485,236.1520528157552,234.31850941975912,0.020926618325367057,0.11016192546385994,MSFT
2023-01-10,222.5152587890625,228.85000610351562,231.30999755859375,227.3300018310547,227.75999450683594,27033900,0.007616985649288699,223.8709673200335,235.54791819254558,233.97403598361547,0.02100739607053716,0.11605025386140899,MSFT
2023-01-11,229.2437286376953,235.77000427246094,235.9499969482422,231.11000061035156,231.2899932861328,28669300,0.03023824022338717,223.30840628487724,235.35377858479816,233.71585083007812,0.021445219860211095,0.05969468141605705,MSFT
2023-01-12,231.90786743164062,238.50999450683594,239.89999389648438,233.55999755859375,235.25999450683594,27269500,0.011621424977587003,223.15977696010046,235.29479166666667,233.53402252197264,0.021534589622303646,0.051472156714225115,MSFT
2023-01-13,232.60794067382812,239.22999572753906,239.3699951171875,234.9199981689453,237.0,21333300,0.0030187558962131433,224.56686401367188,234.77913869222004,233.39024539523655,0.018139302171246194,0.04520639136447624,MSFT
2023-01-17,233.69696044921875,240.35000610351562,240.91000366210938,237.08999633789062,237.97000122070312,29831300,0.0046817824543561315,227.07267107282365,234.31437021891276,233.20642649332683,0.018180127507778032,0.027197039560541203,MSFT
2023-01-18,229.28260803222656,235.80999755859375,242.3800048828125,235.52000427246094,241.57000732421875,30028700,-0.01888921622475015,228.5839342389788,233.69176228841147,232.9689266628689,0.01843452131661619,0.06754998664005996,MSFT
2023-01-19,225.50999450683594,231.92999267578125,235.52000427246094,230.67999267578125,233.77999877929688,28623000,-0.016453989065146946,229.2520512172154,233.09961903889973,232.62551625569662,0.01836448400347531,0.103477070168982,MSFT
2023-01-20,233.57057189941406,240.22000122070312,240.74000549316406,234.50999450683594,234.86000061035156,35389800,0.035743770071945846,230.83138166155135,232.94080810546876,232.34807434082032,0.01930305794067106,0.07198972828681982,MSFT
2023-01-23,235.86520385742188,242.5800018310547,245.1699981689453,239.64999389648438,241.10000610351562,31934000,0.009824148390560117,231.77730669294084,232.8827921549479,232.25406324598524,0.019387105675709716,0.050319770221395776,MSFT
2023-01-24,235.3401641845703,242.0399932861328,243.9499969482422,240.44000244140625,242.5,40234400,-0.002226015810152915,232.26763480050224,232.70907084147134,232.15174068874782,0.01924630312110821,0.05079920558911932,MSFT
2023-01-25,233.94976806640625,240.61000061035156,243.3000030517578,230.89999389648438,234.47999572753906,66526600,-0.00590802731434148,232.4593244280134,232.5531763712565,232.10765770806208,0.01922211129881391,0.051294562295706836,MSFT
2023-01-26,241.1351776123047,248.0,248.30999755859375,242.0,243.64999389648438,33454500,0.03071347155111881,233.5219268798828,232.4070048014323,232.15030754937067,0.01932085967707435,0.004889630377962195,MSFT
2023-01-27,241.290771484375,248.16000366210938,249.8300018310547,246.8300018310547,248.99000549316406,26498900,0.0006452558005471953,235.2373788016183,232.12308807373046,232.19705641004774,0.01902577820015077,0.025773668532783178,MSFT
2023-01-30,235.99160766601562,242.7100067138672,245.60000610351562,242.1999969482422,244.50999450683594,25867400,-0.021961734324773108,236.73475211007255,231.6528086344401,232.2072260538737,0.01940067751331554,0.0771836394618215,MSFT
2023-01-31,240.95045471191406,247.80999755859375,247.9499969482422,242.9499969482422,243.4499969482422,26541100,0.021012810984856634,237.78902108328683,231.613916015625,232.31020033094617,0.018964545938960308,0.0738262454349583,MSFT
2023-02-01,245.75369262695312,252.75,255.17999267578125,245.47000122070312,248.0,31259900,0.019934545966231676,239.20166233607702,231.8751449584961,232.44467451307509,0.019009129773981132,0.0955166594911594,MSFT
2023-02-02,257.2757263183594,264.6000061035156,264.69000244140625,257.25,258.82000732421875,39940400,0.04688447839071275,242.33531406947546,232.6578628540039,232.7401368882921,0.020408100669616822,0.05869180043535249,MSFT
2023-02-03,251.1986846923828,258.3500061035156,264.20001220703125,257.1000061035156,259.5400085449219,29077300,-0.023620734505114926,244.79944501604353,233.1942586263021,232.9731401231554,0.020988286914159656,0.0563648162311603,MSFT
2023-02-06,249.66241455078125,256.7699890136719,258.29998779296875,254.77999877929688,257.44000244140625,22518000,-0.006115757108692166,246.01762172154017,233.59420522054037,233.20027770996094,0.020981532043783883,0.06891666945770769,MSFT
2023-02-07,260.1537170410156,267.55999755859375,268.7699890136719,260.0799865722656,260.5299987792969,50841400,0.04202195396175834,248.7123282296317,234.54610392252604,233.49378221299912,0.02155816183897347,0.02022729904112941,MSFT
2023-02-08,259.3467102050781,266.7300109863281,276.760009765625,266.2099914550781,273.20001220703125,54686000,-0.0031020384606316176,252.04877144949776,235.45360107421874,233.81678025987412,0.02159621664530926,0.043585326100961996,MSFT
2023-02-09,256.3228454589844,263.6199951171875,273.9800109863281,262.79998779296875,273.79998779296875,42375100,-0.01165954541587455,254.2448272705078,236.3176696777344,234.1557367960612,0.021686819288801316,0.06696279056532495,MSFT
2023-02-10,255.81716918945312,263.1000061035156,264.0899963378906,260.6600036621094,261.5299987792969,25818500,-0.0019728099874428695,255.6824667794364,237.24364064534504,234.40461222330728,0.02155421810366069,0.053106565646503956,MSFT
2023-02-13,263.8096923828125,271.32000732421875,274.6000061035156,267.1499938964844,267.6400146484375,44630900,0.031243107015386684,256.6158905029297,238.22600809733072,234.65460001627605,0.02170005563759866,0.016952019060407775,MSFT
2023-02-14,264.6361083984375,272.1700134277344,274.9700012207031,269.2799987792969,272.6700134277344,37047900,0.0031326218842095965,258.5355224609375,239.274489847819,234.910322909885,0.021633012607180417,0.03322444910948352,MSFT
2023-02-15,262.5209045410156,269.32000732421875,270.7300109863281,266.17999267578125,268.32000732421875,28922400,-0.007992876974434737,260.37244960239957,240.26024424235027,235.16850687662762,0.021731228931996523,0.05469337507418093,MSFT
2023-02-16,255.53196716308594,262.1499938964844,266.739990234375,261.8999938964844,264.0199890136719,29603600,-0.026622403233559466,259.71219961983815,241.35269877115886,235.48423936631946,0.02062487130117233,0.09975199060486695,MSFT
2023-02-17,251.54518127441406,258.05999755859375,260.0899963378906,256.0,259.3900146484375,30000100,-0.015601906614397976,258.59769548688615,242.5323277791341,235.80943264431423,0.01996564764101941,0.11303567155274719,MSFT
2023-02-21,246.29124450683594,252.6699981689453,255.49000549316406,251.58999633789062,254.47999572753906,28397400,-0.020886652413534157,257.16460963657926,243.45191040039063,236.11761779785155,0.02048171229979697,0.1365813013527153,MSFT
2023-02-22,245.16058349609375,251.50999450683594,254.33999633789062,250.33999633789062,254.08999633789062,22491100,-0.004590747888769564,255.6422402518136,244.26282399495443,236.40957726372613,0.02051441558208564,0.13053129787032236,MSFT
2023-02-23,248.3382110595703,254.77000427246094,256.8399963378906,250.47999572753906,255.55999755859375,29219100,0.012961412957018803,253.4320286342076,245.12358907063802,236.64537913004557,0.020572807330721445,0.14456193890873625,MSFT
2023-02-24,242.92835998535156,249.22000122070312,251.0,248.10000610351562,249.9600067138672,24990900,-0.021784207316050352,250.33092171805245,245.57974344889323,236.88226318359375,0.020465717526364485,0.16118290614653907,MSFT
2023-02-27,243.84466552734375,250.16000366210938,252.82000732421875,249.38999938964844,252.4600067138672,21190000,0.003771916716712065,247.6628875732422,245.97763671875,237.0326931423611,0.02039029188622277,0.13059619023160818,MSFT
2023-02-28,243.12330627441406,249.4199981689453,251.49000549316406,248.72999572753906,249.07000732421875,22491000,-0.0029582736672530974,245.89022173200334,246.3281489054362,237.16465793185765,0.02040790773252572,0.13659712920005607,MSFT
2023-03-01,240.05282592773438,246.27000427246094,250.92999267578125,245.7899932861328,250.75999450683594,27565300,-0.01262931305818138,244.24845668247767,246.54001108805338,237.28426835801866,0.020564073229547147,0.17691952416784473,MSFT
2023-03-02,244.77064514160156,251.11000061035156,251.39999389648438,245.61000061035156,246.5500030517578,24808200,0.019653254218666927,244.0312282017299,247.05627899169923,237.45985429551865,0.020476152757232587,0.1395006972319992,MSFT
2023-03-03,248.84510803222656,255.2899932861328,255.6199951171875,251.38999938964844,252.19000244140625,30760100,0.016646043843484115,244.5575888497489,247.83411610921223,237.61639556884765,0.020317369529430623,0.13126232002047056,MSFT
2023-03-06,250.38525390625,256.8699951171875,260.1199951171875,255.97999572753906,256.42999267578125,24109800,0.0061891748091909005,244.8500235421317,248.3946055094401,237.73478325737847,0.01939485309381664,0.12262999498819194,MSFT
2023-03-07,247.73388671875,254.14999389648438,257.69000244140625,253.38999938964844,256.29998779296875,21473200,-0.010589150703310679,245.5365273611886,248.79022827148438,237.78697492811415,0.019486904233442095,0.13495966367010337,MSFT
2023-03-08,247.29525756835938,253.6999969482422,254.5399932861328,250.80999755859375,254.0399932861328,17340200,-0.001770565812373448,246.0294690813337,249.18873138427733,238.04264645046658,0.01948382090504671,0.12774930334548418,MSFT
2023-03-09,245.9501190185547,252.32000732421875,259.55999755859375,251.5800018310547,255.82000732421875,26653400,-0.005439402934902082,246.4332994733538,249.5887430826823,238.33260498046874,0.019477586048237967,0.13253004124989376,MSFT
2023-03-10,242.31423950195312,248.58999633789062,252.7899932861328,247.60000610351562,251.0800018310547,28333900,-0.014782995556620437,246.75635855538505,249.62804514567057,238.48391367594402,0.018915884131164486,0.13347286884774134,MSFT
2023-03-13,247.5097198486328,253.9199981689453,257.9100036621094,245.72999572753906,247.39999389648438,33339700,0.021441085581096475,247.1476549421038,249.83534342447916,238.73324178059895,0.019304736264666427,0.08467234994679984,MSFT
2023-03-14,254.206298828125,260.7900085449219,261.07000732421875,255.86000061035156,256.75,33620300,0.027055822226244475,247.91353934151786,250.44249979654947,239.09963802761501,0.019366194501082904,0.13259679186807127,MSFT
2023-03-15,258.7389221191406,265.44000244140625,266.4800109863281,259.2099914550781,259.9800109863281,46028000,0.01783049165937567,249.10692051478796,251.0354487101237,239.60333641899956,0.0192706869483953,0.1483951430684034,MSFT
2023-03-16,269.2272644042969,276.20001220703125,276.55999755859375,263.2799987792969,265.2099914550781,54768800,0.04053639166173362,252.17740304129464,251.81790110270182,240.2865949842665,0.02025340863947988,0.11245472843636262,MSFT
2023-03-17,272.3757019042969,279.42999267578125,283.3299865722656,276.32000732421875,278.260009765625,69527400,0.01169434866474739,255.76032366071428,252.32123362223308,240.92791561550564,0.018589287897126393,0.0935118927773888,MSFT
2023-03-20,265.3574523925781,272.2300109863281,277.4800109863281,269.8500061035156,276.9800109863281,43466600,-0.025766797341506997,258.53279985700334,252.7931925455729,241.42144588894314,0.018695381196425883,0.12188230033628766,MSFT
2023-03-21,266.8683166503906,273.7799987792969,275.0,269.5199890136719,274.8800048828125,34558700,0.005693694464541599,262.040525163923,253.3667226155599,241.92099015977647,0.01864292349609273,0.11184162000910036,MSFT
2023-03-22,265.4159240722656,272.2900085449219,281.0400085449219,272.17999267578125,273.3999938964844,34873300,-0.005442356726174102,264.5985543387277,253.54212951660156,242.4513678656684,0.017115053291690076,0.12163514733391367,MSFT
2023-03-23,270.6504211425781,277.6600036621094,281.05999755859375,275.20001220703125,277.94000244140625,36610900,0.019721865176737907,266.94771466936385,253.9189198811849,242.84092559814454,0.017439433726470065,0.11881394206326013,MSFT
2023-03-24,273.4869384765625,280.57000732421875,280.6300048828125,275.2799987792969,277.239990234375,28172000,0.010480372881038758,269.0545741489955,254.49105631510417,243.2175069173177,0.017328413976523557,0.10008201642113823,MSFT
2023-03-27,269.4027404785156,276.3800048828125,281.4599914550781,275.5199890136719,280.5,26840200,-0.014933795452161558,269.0796421595982,254.94390869140625,243.60860731336805,0.01759827803966154,0.11078912284831466,MSFT
2023-03-28,268.28179931640625,275.2300109863281,276.1400146484375,272.04998779296875,275.7900085449219,21878600,-0.004160838008248735,268.4947989327567,255.09297892252604,243.98272823757594,0.01672647148787425,0.1347233745926828,MSFT
2023-03-29,273.4284973144531,280.510009765625,281.1400146484375,278.4100036621094,278.9599914550781,25087000,0.019183925302278748,269.6478053501674,255.38605855305988,244.4092809041341,0.01706051518179362,0.1055218893925638,MSFT
2023-03-30,276.8790588378906,284.04998779296875,284.4599914550781,281.4800109863281,284.2300109863281,25053400,0.012619611918026408,271.0779113769531,255.86466369628906,244.87471381293403,0.017091299612543284,0.08773128127420349,MSFT
2023-03-31,281.02178955078125,288.29998779296875,289.2699890136719,283.0,283.7300109863281,32766000,0.014962239218373474,273.3073207310268,256.71432444254555,245.39114617241754,0.01636783367033221,0.07339560029285908,MSFT
2023-04-03,279.978759765625,287.2300109863281,288.2699890136719,283.95001220703125,286.5199890136719,24883300,-0.003711561964015453,274.6399405343192,257.6621103922526,245.88702239990235,0.01603483029004303,0.08533264067708823,MSFT
2023-04-04,279.9300231933594,287.17999267578125,290.45001220703125,285.6700134277344,287.2300109863281,25824300,-0.00017407239144295872,275.5603812081473,258.78340301513674,246.35016259087456,0.015371905855610253,0.09578134009364914,MSFT
2023-04-05,277.1617126464844,284.3399963378906,287.1499938964844,282.9200134277344,285.8500061035156,22064800,-0.009889294886253785,276.66880580357144,259.85010732014973,246.75499471028647,0.015508485423783585,0.12265720182756401,MSFT
2023-04-06,284.23846435546875,291.6000061035156,292.0799865722656,282.0299987792969,283.2099914550781,29770300,0.025532933973498206,278.94832938058033,261.046782430013,247.2394298977322,0.015917460906347904,0.09408749865523958,MSFT
2023-04-10,282.0842590332031,289.3900146484375,289.6000061035156,284.7099914550781,289.2099914550781,23103000,-0.007578866312659138,280.1848667689732,262.3519790649414,247.76183369954427,0.015303982677671153,0.11227784943900665,MSFT
2023-04-11,275.6898498535156,282.8299865722656,285.9800109863281,281.6400146484375,285.75,27276600,-0.022668436734482378,280.01497977120533,263.41348520914715,248.2286378648546,0.01612290248036779,0.11709949462048375,MSFT
2023-04-12,276.333251953125,283.489990234375,287.010009765625,281.9599914550781,284.7900085449219,27403400,0.0023337895825734645,279.3451886858259,264.5204833984375,248.54259033203124,0.016070466431129655,0.10951377863536238,MSFT
2023-04-13,282.5228576660156,289.8399963378906,289.8999938964844,283.1700134277344,283.5899963378906,24222700,0.022399062252343782,279.70863124302457,265.9361511230469,248.93017747667102,0.01606293465206014,0.1269409094625895,MSFT
2023-04-14,278.91632080078125,286.1400146484375,288.4800109863281,283.69000244140625,287.0,20987900,-0.012765469296993404,279.5638166155134,267.07434031168617,249.2741271972656,0.016172841867742548,0.165924834209199,MSFT
2023-04-17,281.50909423828125,288.79998779296875,291.6000061035156,286.1600036621094,289.92999267578125,23836200,0.009295882829861046,280.1848711286272,268.16313985188805,249.69895833333334,0.016037417496477302,0.14935644138591941,MSFT
2023-04-18,281.0899963378906,288.3699951171875,291.760009765625,287.010009765625,291.57000732421875,20161800,-0.0014887543918417068,279.73508998325894,269.18663126627604,250.17401496039497,0.016066529847608195,0.14126938752156848,MSFT
2023-04-19,281.16796875,288.45001220703125,289.04998779296875,284.5400085449219,285.989990234375,17150300,0.00027739305249285806,279.6041913713728,270.3011006673177,250.65804036458334,0.01584757392422223,0.15551074358493455,MSFT
2023-04-20,278.8870544433594,286.1099853515625,289.0299987792969,285.0799865722656,285.25,23244400,-0.008112283617443983,280.0609348842076,271.354160563151,251.08398759629992,0.0159738179554885,0.17483904212157464,MSFT
2023-04-21,278.5458984375,285.760009765625,286.2699890136719,283.05999755859375,285.010009765625,21676400,-0.0012232765932441714,280.3770272391183,272.44068654378253,251.5275353325738,0.01590504792763271,0.17817192468560572,MSFT
2023-04-24,274.6566162109375,281.7699890136719,284.95001220703125,278.7200012207031,282.0899963378906,26611000,-0.013962805585648108,279.25327845982144,273.51876576741535,251.85127190483942,0.015871822626632663,0.186817190499323,MSFT
2023-04-25,268.4669494628906,275.4200134277344,281.6000061035156,275.3699951171875,279.510009765625,45772200,-0.022536019096999205,277.76051112583707,274.21734008789065,252.05859052870008,0.016260747506120835,0.17670068346192647,MSFT
2023-04-26,287.9132385253906,295.3699951171875,299.57000732421875,292.7300109863281,296.70001220703125,64599200,0.07243457379541618,278.6753888811384,275.3409047444662,252.47873772515192,0.02021973542868791,0.10360267876685825,MSFT
2023-04-27,297.134521484375,304.8299865722656,305.20001220703125,295.25,295.9700012207031,46462600,0.03202799220422503,280.9674639020647,276.6207580566406,253.09004092746312,0.020706357835256397,0.0743836802203337,MSFT
2023-04-28,299.5031433105469,307.260009765625,308.92999267578125,303.30999755859375,304.010009765625,36469600,0.007971547076856433,283.58677455357144,277.6299540201823,253.77433336046008,0.019593416043892448,0.08239089010434864,MSFT
2023-05-01,297.8460693359375,305.55999755859375,308.6000061035156,305.1499938964844,306.9700012207031,21294100,-0.005532743183570554,286.29520525251115,278.4789662679037,254.48602091471355,0.01960470832649572,0.09641571258486326,MSFT
2023-05-02,297.6998291015625,305.4100036621094,309.17999267578125,303.9100036621094,307.760009765625,26404400,-0.0004909926617499005,289.03148106166293,279.5570454915365,255.18149888780383,0.018846889160658502,0.10696268631930117,MSFT
2023-05-03,296.7153015136719,304.3999938964844,308.6099853515625,304.0899963378906,306.6199951171875,22360800,-0.003307115059023924,292.18272181919644,280.55194498697915,255.8376242743598,0.01889073349565028,0.14606119842221865,MSFT
2023-05-04,297.6998291015625,305.4100036621094,307.760009765625,303.3999938964844,306.239990234375,22519900,0.0033180883590031574,296.35884748186385,281.6280751546224,256.5721028645833,0.018811942489033066,0.12333701143656373,MSFT
2023-05-05,302.8074645996094,310.6499938964844,311.9700012207031,304.2699890136719,305.7200012207031,28197100,0.017156998421737013,298.4865940638951,282.6999766031901,257.3574991861979,0.018743734979879318,0.09058135661803424,MSFT
2023-05-08,300.8580627441406,308.6499938964844,310.20001220703125,306.0899963378906,310.1300048828125,21318600,-0.006437760238329537,299.0185285295759,283.6123474121094,258.1403578016493,0.018793840056197005,0.08306868061393002,MSFT
2023-05-09,299.2496337890625,307.0,310.0400085449219,306.30999755859375,308.0,21340800,-0.0053461387752336,298.98231288364957,284.60724385579425,258.9315977308485,0.01855214487930388,0.10896649864386543,MSFT
2023-05-10,304.4256286621094,312.30999755859375,313.0,307.6700134277344,308.6199951171875,30078000,0.017296578804488538,299.9222499302455,285.8120381673177,259.71034172905814,0.018653145322635067,0.07506120795527482,MSFT
2023-05-11,302.28118896484375,310.1099853515625,311.1199951171875,306.260009765625,310.1000061035156,31680200,-0.00704421538583988,300.5767299107143,286.77379455566404,260.47811431884764,0.01855002982519727,0.061940505696531645,MSFT
2023-05-12,301.1700134277344,308.9700012207031,310.6499938964844,306.6000061035156,310.54998779296875,19774700,-0.0036759665426571164,301.21311732700894,287.5834930419922,261.2361336602105,0.018512687116725737,0.08522324888721844,MSFT
2023-05-15,301.6475524902344,309.4599914550781,309.8999938964844,307.5899963378906,309.1000061035156,16336500,0.0015856129136659902,301.7770778111049,288.27101847330727,262.11268056233723,0.018374430972825265,0.08765004850579006,MSFT
2023-05-16,303.8700866699219,311.739990234375,313.7099914550781,309.8299865722656,309.8299865722656,26730300,0.007367983467259975,301.9288809640067,289.06739603678386,263.0872780693902,0.01835613948516675,0.07712317148921666,MSFT
2023-05-17,306.7420959472656,314.0,314.42999267578125,310.739990234375,312.2900085449219,24315000,0.009451437977386234,302.7694571358817,289.9611317952474,264.06548173692494,0.018384797143005727,0.08452218986054083,MSFT
2023-05-18,311.1575927734375,318.5199890136719,319.0400085449219,313.7200012207031,314.5299987792969,27276000,0.014394818593568504,304.47059413364957,291.0943277994792,265.06908637152776,0.01832252081743367,0.06112644826232061,MSFT
2023-05-19,310.98175048828125,318.3399963378906,318.75,316.3699951171875,316.739990234375,27546700,-0.0005651229127623392,305.4071829659598,291.9857706705729,266.052047390408,0.01788022428893673,0.062229189666592966,MSFT
2023-05-22,313.7560729980469,321.17999267578125,322.5899963378906,318.010009765625,318.6000061035156,24115700,0.00892117465224107,307.0464521135603,293.0414978027344,266.99107343885635,0.017792297505366334,0.06255063266699801,MSFT
2023-05-23,307.9729919433594,315.260009765625,322.7200012207031,315.25,320.0299987792969,30797200,-0.018431774083058183,308.01830618722096,294.1176025390625,267.83624148898656,0.017591446691321618,0.06965653516433723,MSFT
2023-05-24,306.5955505371094,313.8500061035156,316.5,312.6099853515625,314.7300109863281,23384900,-0.0044726045539191794,308.7251630510603,295.1263458251953,268.658326043023,0.017655367887246184,0.05728837728236913,MSFT
2023-05-25,318.3865661621094,325.9200134277344,326.8999938964844,320.0,323.239990234375,43301700,0.038457882393739595,310.79894583565846,296.3218027750651,269.5993216620551,0.01846915195844995,0.020096730618579306,MSFT
2023-05-26,325.1954650878906,332.8900146484375,333.3999938964844,323.8800048828125,324.0199890136719,36630600,0.0213856351034436,313.43514142717635,297.86444091796875,270.6650200737847,0.018442910285531248,0.012947159840859701,MSFT
2023-05-30,323.5542907714844,331.2099914550781,335.739990234375,330.5199890136719,335.2300109863281,29503100,-0.00504673186621063,315.2060982840402,299.2659474690755,271.75440114339193,0.018521233376043215,0.034570095509179444,MSFT
2023-05-31,320.7994079589844,328.3900146484375,335.94000244140625,327.3299865722656,332.2900085449219,45950600,-0.008514437579953738,316.6086207798549,300.589594523112,272.72361043294273,0.01864764185998191,0.051311007324517766,MSFT
2023-06-01,324.8926086425781,332.5799865722656,333.5299987792969,324.7200012207031,325.92999267578125,26773900,0.012759377299465191,318.1995544433594,302.0470825195313,273.71280381944445,0.01868757822076951,0.03953933846642732,MSFT
2023-06-02,327.64739990234375,335.3999938964844,337.5,332.54998779296875,334.25,25873800,0.008479082584474051,321.0101841517857,303.67242736816405,274.73843977186414,0.018531172635745222,0.07182468902373706,MSFT
2023-06-05,328.1749572753906,335.94000244140625,338.55999755859375,334.6600036621094,335.2200012207031,21307100,0.0016101375234600646,324.09295654296875,305.3267293294271,275.78538631863063,0.018502673580078118,0.05697439852210007,MSFT
2023-06-06,325.9671936035156,333.67999267578125,335.3699951171875,332.1700134277344,335.3299865722656,20396200,-0.006727398367640691,325.1759033203125,307.0370819091797,276.72796427408855,0.018284184037348418,0.039528828579086905,MSFT
2023-06-07,315.9052429199219,323.3800048828125,334.489990234375,322.5,331.6499938964844,40717100,-0.030867985739179704,323.8487287248884,308.6183583577474,277.5570139567057,0.018787110756866166,0.06305286833907431,MSFT
2023-06-08,317.7418212890625,325.260009765625,326.6400146484375,323.3500061035156,323.94000244140625,23277700,0.0058137001847931025,323.0183759416853,309.6126444498698,278.46534966362844,0.013923005713505595,0.061027891143133894,MSFT
2023-06-09,319.2364807128906,326.7900085449219,329.989990234375,324.4100036621094,324.989990234375,22529000,0.004704005968633185,322.7951006208147,310.34937642415366,279.33519439697267,0.01283591551303915,0.074022863198697,MSFT
2023-06-12,324.1794738769531,331.8500061035156,332.1000061035156,325.1600036621094,328.5799865722656,24260300,0.015483797945097688,322.69322422572543,311.1719207763672,280.2065919664171,0.013018839454368956,0.01783932221457918,MSFT
2023-06-13,326.5631103515625,334.2900085449219,336.9800109863281,330.3900146484375,334.4700012207031,22951300,0.0073528297337976944,322.53832571847096,312.129155476888,280.97645178900825,0.012949408619023892,-0.010679461947775915,MSFT
2023-06-14,329.5426025390625,337.3399963378906,339.0400085449219,332.80999755859375,334.3399963378906,26003800,0.00912378677521919,322.73370361328125,313.190581258138,281.8469397650825,0.012975049099040539,0.0030532154053191096,MSFT
2023-06-15,340.05389404296875,348.1000061035156,349.8399963378906,337.20001220703125,337.4800109863281,38899100,0.03189660888431045,324.74608939034596,314.6352010091146,282.8512895372179,0.013899569394733835,-0.0349899478465453,MSFT
2023-06-16,334.417236328125,342.3299865722656,351.4700012207031,341.95001220703125,351.32000732421875,46552000,-0.01657577758580675,327.39065987723217,315.85911458333334,283.67643975151907,0.014429635056944423,-0.017497698523770033,MSFT
2023-06-20,330.2361755371094,338.04998779296875,342.0799865722656,335.8599853515625,339.30999755859375,26375400,-0.01250252779110117,329.1755676269531,316.7734049479167,284.4641004774306,0.014511828922575513,-0.031208429321795683,MSFT
2023-06-21,325.8499450683594,333.55999755859375,337.7300109863281,332.07000732421875,336.3699951171875,25117800,-0.013282101700748172,330.12034824916293,317.60646769205727,285.2366238064236,0.01471759400220579,-0.02068583597339857,MSFT
2023-06-22,331.8578186035156,339.7099914550781,340.1199951171875,333.3399963378906,334.1199951171875,23556800,0.018437546564250118,331.2172546386719,318.6934071858724,286.0815199110243,0.014904839320070884,-0.035118251564672964,MSFT
2023-06-23,327.27618408203125,335.0199890136719,337.9599914550781,333.45001220703125,334.3599853515625,23146900,-0.01380601650659996,331.3191223144531,319.45509236653646,286.78670315212673,0.014997866368015388,-0.014655751028562869,MSFT
2023-06-26,321.004638671875,328.6000061035156,336.1099853515625,328.489990234375,333.7200012207031,21520600,-0.019162853012806735,330.0994131905692,320.07920735677084,287.41302015516493,0.015421672490740475,-0.007760384382831331,MSFT
2023-06-27,326.8367004394531,334.57000732421875,336.1499938964844,329.29998779296875,331.8599853515625,24354100,0.018168154179041496,328.21124267578125,320.9347635904948,288.127640109592,0.01565254695196208,-0.036883373475751435,MSFT
2023-06-28,328.08697509765625,335.8500061035156,337.9800109863281,333.80999755859375,334.6600036621094,20259500,0.003825380248062782,327.30691964285717,321.8160776774088,288.93380686442055,0.01565165987833412,-0.03846948781452908,MSFT
2023-06-29,327.3055114746094,335.04998779296875,336.1099853515625,332.6199951171875,334.7099914550781,16997000,-0.002381879447711288,326.8882533482143,322.5972585042318,289.7755883110894,0.01565739515048591,-0.0419041342743367,MSFT
2023-06-30,332.6686096191406,340.5400085449219,342.7300109863281,337.20001220703125,337.75,26832800,0.0163856029199414,327.8623482840402,323.4614756266276,290.73533681233727,0.015812476273967944,-0.048452396296263966,MSFT
2023-07-03,330.17755126953125,337.989990234375,340.8999938964844,336.57000732421875,339.19000244140625,12508700,-0.007488107616950401,327.62231009347096,324.09547424316406,291.67996978759766,0.015765194117521166,-0.04772351301725131,MSFT
2023-07-05,330.3338928222656,338.1499938964844,341.6499938964844,334.7300109863281,335.0899963378906,18172400,0.0004735075177983994,328.0591256277902,324.74054565429685,292.5910329182943,0.01576028081321042,-0.05048556587208086,MSFT
2023-07-06,333.3817138671875,341.2699890136719,342.989990234375,335.5,337.29998779296875,28161200,0.009226486022618774,329.8272792271205,325.3947336832682,293.596070183648,0.015764912633035408,-0.06950224143492845,MSFT
2023-07-07,329.4253234863281,337.2200012207031,341.7900085449219,337.0,339.32000732421875,21214800,-0.011867448682069903,330.19708251953125,326.1098114013672,294.5469663831923,0.015513022397679165,-0.05951581942430706,MSFT
2023-07-10,324.159912109375,331.8299865722656,335.2300109863281,327.5899963378906,334.6000061035156,32791400,-0.015983626641780213,329.63607352120533,326.69529012044273,295.44737311469186,0.015827101029519598,-0.0279313678159967,MSFT
2023-07-11,324.78509521484375,332.4700012207031,332.8599853515625,327.0,331.05999755859375,26698200,0.0019286256014834358,329.27601405552457,326.9085744222005,296.3888427734375,0.014250525641485856,-0.028054439543575893,MSFT
2023-07-12,329.40582275390625,337.20001220703125,341.6499938964844,335.6700134277344,336.6000061035156,29995300,0.014227030757079318,328.80990164620533,327.0489196777344,297.3292336357964,0.013950040743433374,-0.028196113200240513,MSFT
2023-07-13,334.7395935058594,342.6600036621094,343.739990234375,339.0199890136719,339.55999755859375,20567200,0.016192096142568557,329.4616219656808,327.42176310221356,298.2836168077257,0.01419442533858968,-0.06424024549020957,MSFT
2023-07-14,337.25994873046875,345.239990234375,351.42999267578125,344.30999755859375,347.5899963378906,28352700,0.007529301204595162,330.4510585239955,327.97044779459634,299.24889119466144,0.014116616735689591,-0.062495984647645275,MSFT
2023-07-17,337.7386474609375,345.7300109863281,346.989990234375,342.20001220703125,345.67999267578125,20363900,0.0014193761585705733,331.073477608817,328.3986490885417,300.2489440917969,0.013963079279271082,-0.06173802884606694,MSFT
2023-07-18,351.1805725097656,359.489990234375,366.7799987792969,342.1700134277344,345.8299865722656,64738600,0.03979978350088831,334.1813703264509,329.18308817545574,301.4032253689236,0.015587970734720078,-0.08452168306106855,MSFT
2023-07-19,346.8725280761719,355.0799865722656,362.4599914550781,352.44000244140625,361.75,39732900,-0.012267319922641629,337.42602975027904,329.80634053548175,302.5245854695638,0.01581741492831116,-0.07207909614361518,MSFT
2023-07-20,338.852294921875,346.8699951171875,357.9700012207031,345.3699951171875,353.57000732421875,33778400,-0.02312155764764301,339.43562970842635,330.2358439127604,303.5972305297852,0.016400675583253116,-0.05309203070163748,MSFT
2023-07-21,335.823974609375,343.7699890136719,350.29998779296875,339.8299865722656,349.1499938964844,69405400,-0.008936992187697057,340.3525085449219,330.89980163574216,304.5785000271267,0.015367998583084616,-0.04192986728800063,MSFT
2023-07-24,337.1329345703125,345.1099853515625,346.9200134277344,342.30999755859375,345.8500061035156,26678100,0.0038977561457904653,340.6944144112723,331.5461720784505,305.49990709092884,0.015356240846023933,-0.03145022092531913,MSFT
2023-07-25,342.8672790527344,350.9800109863281,351.8900146484375,345.07000732421875,347.1099853515625,41637700,0.017009149490928577,341.4954616001674,332.3338653564453,306.4346666124132,0.015591016808597273,-0.04956166291724795,MSFT
2023-07-26,329.9626159667969,337.7699890136719,344.6700134277344,333.1099853515625,341.44000244140625,58383700,-0.03763748795624422,340.3845999581473,332.5266367594401,307.1095038519965,0.017016921675300924,-0.021202131108195688,MSFT
2023-07-27,323.0755920410156,330.7200012207031,341.3299865722656,329.04998779296875,340.4800109863281,39635300,-0.02087213397069887,336.3696027483259,332.41038614908854,307.67283596462676,0.01741371787684169,0.012874082289956679,MSFT
2023-07-28,330.54876708984375,338.3699951171875,340.010009765625,333.1700134277344,333.6700134277344,28484900,0.023131351401746825,334.03763689313615,332.4439249674479,308.3971839057075,0.017854865918123915,0.0008437488632608847,MSFT
2023-07-31,328.1554260253906,335.9200134277344,337.70001220703125,333.3599853515625,336.9200134277344,25446000,-0.007240508217665198,332.509512765067,332.04730936686195,309.0781517876519,0.016865651778969225,-0.01026318523105696,MSFT
2023-08-01,328.5657043457031,336.3399963378906,338.5400085449219,333.70001220703125,335.19000244140625,18311900,0.0012502560913947303,331.47261701311385,331.8522583007813,309.7798160129123,0.016611873364992327,0.001282968067163548,MSFT
2023-08-02,319.9300231933594,327.5,333.6300048828125,326.3599853515625,333.6300048828125,27761300,-0.026282965745133446,329.0150582449777,331.5087198893229,310.3273671468099,0.017138671146387615,0.036388152888734204,MSFT
2023-08-03,319.1094665527344,326.6600036621094,329.8800048828125,325.95001220703125,326.0,18253700,-0.0025648003661383756,325.621085030692,331.28403727213544,310.834284125434,0.01698297401376785,0.013038489930597752,MSFT
2023-08-04,320.20355224609375,327.7799987792969,335.1400146484375,327.239990234375,331.8800048828125,23741500,0.0034285591874743115,324.22693307059154,330.89556172688805,311.39873758951825,0.016621342098653662,0.006030538207069336,MSFT
2023-08-07,322.4797058105469,330.1099853515625,331.1099853515625,327.5199890136719,328.3699951171875,17741500,0.007108458193192613,324.14180646623885,330.7356791178385,312.00093655056423,0.016506397807124068,-0.0023150340943018932,MSFT
2023-08-08,318.5135192871094,326.04998779296875,328.75,323.0,326.9599914550781,22327600,-0.012299026735553942,322.4224853515625,330.65264180501305,312.5018812391493,0.01628284444920649,-0.014110882470536934,MSFT
2023-08-09,314.7818603515625,322.2300109863281,327.1099853515625,321.04998779296875,326.4700012207031,22373300,-0.011715857285740983,320.51197596958707,330.2508138020833,312.9230234781901,0.01603697798114605,-0.006279537734813712,MSFT
2023-08-10,315.46563720703125,322.92999267578125,328.260009765625,321.17999267578125,326.0199890136719,20113700,0.0021722244563429083,318.64053780691967,329.8301025390625,313.3057328965929,0.016022205563024746,-0.016253662266432878,MSFT
2023-08-11,313.5900573730469,321.010009765625,322.4100036621094,319.2099914550781,320.260009765625,24355500,-0.005945433076609441,317.73482840401783,329.3729207356771,313.67919175889756,0.016044596858681343,-0.00871520523284064,MSFT
2023-08-14,316.5500183105469,324.0400085449219,324.05999755859375,320.0799865722656,321.3900146484375,18836100,0.00943895020873975,317.3691929408482,328.83563435872395,314.086080593533,0.01582921708480625,-0.03468447159088883,MSFT
2023-08-15,314.4203186035156,321.8599853515625,325.0899963378906,320.8999938964844,323.0,16966300,-0.006727845786892117,316.5430167061942,328.3103932698568,314.50006510416665,0.01581996028524912,-0.02612229051458692,MSFT
2023-08-16,313.65679931640625,320.3999938964844,324.4200134277344,319.79998779296875,320.79998779296875,20698900,-0.0024283395249407036,315.2826014927455,327.7544901529948,314.82693549262154,0.01581630001456854,-0.021098461106766275,MSFT
2023-08-17,310.2109375,316.8800048828125,321.8699951171875,316.2099914550781,320.5400085449219,21257200,-0.010986089968131663,314.09651838030135,326.9821309407552,315.1394541422526,0.015769454170986717,-0.003565964439519509,MSFT
2023-08-18,309.8193054199219,316.4800109863281,318.3800048828125,311.54998779296875,314.489990234375,24755000,-0.0012624702508373664,313.3875819614955,326.32859700520834,315.51867031521266,0.015665603629576735,0.01680992190922148,MSFT
2023-08-21,315.1056823730469,321.8800048828125,322.7699890136719,317.0400085449219,317.92999267578125,24040000,0.01706277452904348,313.3361598423549,326.02678934733075,315.94947509765626,0.015804177064534877,-0.026376551843161677,MSFT
2023-08-22,315.6734313964844,322.4599914550781,326.0799865722656,321.4599914550781,325.5,16084600,0.0018017733579471784,313.63378470284596,325.7230672200521,316.31781480577257,0.01580343240407817,-0.010853938621539272,MSFT
2023-08-23,320.11785888671875,327.0,329.20001220703125,323.4599914550781,323.82000732421875,21166400,0.014079194028376207,314.1434762137277,325.41346842447916,316.7756096733941,0.01579859852816858,-0.023363758960999736,MSFT
2023-08-24,313.23583984375,319.9700012207031,332.9800109863281,319.9599914550781,332.8500061035156,23281400,-0.021498391457766552,313.9742649623326,324.69667663574216,317.1281290690104,0.015896414196985398,0.022783461443133035,MSFT
2023-08-25,316.18255615234375,322.9800109863281,325.3599853515625,318.79998779296875,321.4700012207031,21684100,0.009407340839616696,314.33508736746654,323.994096883138,317.5180464002821,0.015939236611395124,0.021177684454769752,MSFT
2023-08-28,316.8873291015625,323.70001220703125,326.1499938964844,321.7200012207031,325.6600036621094,14808500,0.0022290064252601383,315.28885759626115,323.29905293782554,317.91492818196616,0.015945955358261033,0.014488773049926795,MSFT
2023-08-29,321.4981994628906,328.4100036621094,328.9800109863281,321.8800048828125,321.8800048828125,19284600,0.014550504036879186,316.95727103097096,322.3096405029297,318.38838534884985,0.014238639883862073,0.012210516843471853,MSFT
2023-08-30,321.8702697753906,328.7900085449219,329.80999755859375,326.45001220703125,328.6700134277344,15222100,0.0011573013880687988,317.9236406598772,321.4762318929036,318.86976725260416,0.014142795954414193,0.007208180111111684,MSFT
2023-08-31,320.8619384765625,327.760009765625,330.9100036621094,326.7799987792969,329.20001220703125,26411000,-0.0031327258013974513,318.66485595703125,320.8765533447266,319.3831597222222,0.013592726698086664,-9.149701674071586e-05,MSFT
2023-09-01,321.742919921875,328.6600036621094,331.989990234375,326.7799987792969,331.30999755859375,14942000,0.002745671392173632,318.89700753348217,320.4071848551432,319.97511494954426,0.01354630999196449,0.012109888083626563,MSFT
2023-09-05,326.530029296875,333.54998779296875,334.8500061035156,328.6600036621094,329.0,18553900,0.014878678219748753,320.79617745535717,320.053754679362,320.40419040256074,0.013837865612868937,-0.004467026102326299,MSFT
2023-09-06,325.87420654296875,332.8800048828125,334.4599914550781,330.17999267578125,333.3800048828125,17535800,-0.002008460769499343,322.18069893973217,319.48731892903646,320.72352023654514,0.013414901367824862,-0.008321497744105177,MSFT
2023-09-07,322.9667053222656,329.9100036621094,333.0799865722656,329.0299987792969,331.2900085449219,18381000,-0.008922158189650253,323.04918125697543,319.2541219075521,320.9842264811198,0.011665692130629533,0.004273657317277468,MSFT
2023-09-08,327.2348937988281,334.2699890136719,336.1600036621094,329.4599914550781,330.0899963378906,19530100,0.01321556806390789,323.8687090192522,319.39276529947915,321.3107689751519,0.01128169877643609,-0.022735969123085287,MSFT
2023-09-11,330.8276672363281,337.94000244140625,338.4200134277344,335.42999267578125,337.239990234375,16583300,0.010979188055992184,325.1483372279576,319.4020619710287,321.6788560655382,0.010640599395726669,-0.025507628249128445,MSFT
2023-09-12,324.7875061035156,331.7699890136719,336.7900085449219,331.4800109863281,335.82000732421875,17565500,-0.018257726698830412,325.7091326032366,319.2897979736328,321.9907694498698,0.011082995826605718,-0.003737513550448046,MSFT
2023-09-13,328.98724365234375,336.05999755859375,336.8500061035156,331.1700134277344,331.30999755859375,16544400,0.012930723842220715,326.74403599330356,319.30384928385416,322.3384073893229,0.011340929284379601,0.01371785859591057,MSFT
2023-09-14,331.5716857910156,338.70001220703125,340.8599853515625,336.57000732421875,339.1499938964844,20267000,0.007855751821802981,327.46427263532365,319.69190470377606,322.6580098470052,0.010263387222615007,-0.031916234059623516,MSFT
2023-09-15,323.2701721191406,330.2200012207031,337.3999938964844,329.6499938964844,336.9200134277344,37679800,-0.025036859381012744,327.09226771763394,319.8305948893229,322.9070332845052,0.011316875499264958,-0.0012417731584227765,MSFT
2023-09-18,322.1345520019531,329.05999755859375,330.3999938964844,326.3599853515625,327.79998779296875,16834200,-0.003512913392977546,326.973388671875,319.89496154785155,323.16131015353733,0.011325765825552775,0.0250713713579529,MSFT
2023-09-19,321.733154296875,328.6499938964844,329.3900146484375,324.510009765625,326.1700134277344,16505900,-0.0012460560426802436,326.1874258858817,319.8700764973958,323.3536159939236,0.011254118476306136,0.02878449164870145,MSFT
2023-09-20,314.0190124511719,320.7699890136719,329.5899963378906,320.510009765625,329.510009765625,21436500,-0.023976832174980034,323.7861894880022,319.7202596028646,323.4840362548828,0.011878271484770834,0.07887286165149376,MSFT
2023-09-21,312.80517578125,319.5299987792969,325.3500061035156,315.0,319.260009765625,35560400,-0.003865487826507419,322.07442801339283,319.6543701171875,323.6133158365885,0.011705721727689043,0.09010097560975616,MSFT
2023-09-22,310.3381652832031,317.010009765625,321.45001220703125,316.1499938964844,321.32000732421875,21447900,-0.007886731707317018,319.41027396065846,319.48345438639325,323.70987820095485,0.011780927405617083,0.11289869439573241,MSFT
2023-09-25,310.8570556640625,317.5400085449219,317.6700134277344,315.0,316.5899963378906,17836000,0.001672016009973687,316.4510410853795,319.39235432942706,323.7875111897786,0.011741062700137778,0.12278753807615894,MSFT
2023-09-26,305.5706481933594,312.1400146484375,315.8800048828125,310.0199890136719,315.1300048828125,26297600,-0.017005911155563602,313.9225376674107,319.02637532552086,323.77449510362413,0.011980774119742193,0.15502651119716204,MSFT
2023-09-27,306.2069396972656,312.7900085449219,314.29998779296875,309.69000244140625,312.29998779296875,19410100,0.002082305704648846,311.6471644810268,318.7525960286458,323.71948784722224,0.011946154975376206,0.16116254786701223,MSFT
2023-09-28,307.03912353515625,313.6400146484375,315.4800109863281,309.45001220703125,310.989990234375,19683600,0.002717717105671591,309.5480172293527,318.5320068359375,323.6756808810764,0.011959094364118045,0.1500126527448704,MSFT
2023-09-29,309.104736328125,315.75,319.4700012207031,314.9800109863281,317.75,24147300,0.006727523089520071,308.8459777832031,318.49513346354166,323.6239993625217,0.01186765711381772,0.17076776745468147,MSFT
2023-10-02,315.02734375,321.79998779296875,321.8900146484375,315.17999267578125,316.2799987792969,20570000,0.019160519803837373,309.1634303501674,318.6687347412109,323.70238104926216,0.012370842782185264,0.13946533581534348,MSFT
2023-10-03,306.7942810058594,313.3900146484375,321.3900146484375,311.2099914550781,320.8299865722656,21033500,-0.026134438509802016,308.6571611676897,318.3916880289714,323.7045891655816,0.012895071782071409,0.18149931836505084,MSFT
2023-10-04,312.24713134765625,318.9599914550781,320.0400085449219,314.0,314.0299987792969,20720100,0.017773637513447405,308.8557434082031,318.27747802734376,323.6363732231988,0.013329024335072185,0.16133768007979898,MSFT
2023-10-05,312.6387023925781,319.3599853515625,319.9800109863281,314.8999938964844,319.0899963378906,16965600,0.0012540420891358206,309.86546543666293,318.0281728108724,323.4968536376953,0.013055550369756584,0.18027769900957047,MSFT
2023-10-06,320.3724365234375,327.260009765625,329.19000244140625,316.29998779296875,316.54998779296875,25673600,0.024736969772693573,311.8891078404018,318.26605936686195,323.46149970160593,0.013243915420007685,0.13243501311301897,MSFT
2023-10-09,322.8785705566406,329.82000732421875,330.29998779296875,323.17999267578125,324.75,19891200,0.007822564451545055,314.1518859863281,318.4892598470052,323.48460150824656,0.013211670543889378,0.14670439793253087,MSFT
2023-10-10,321.4786376953125,328.3900146484375,331.1000061035156,327.6700134277344,330.9599914550781,20557100,-0.004335787472406927,315.9195861816406,318.6423034667969,323.44666849772136,0.013241235588171711,0.1383637428219595,MSFT
2023-10-11,325.4238586425781,332.4200134277344,332.82000732421875,329.1400146484375,331.2099914550781,20063200,0.012272109200004655,317.40480259486606,318.7731587727865,323.421962483724,0.013164563970004118,0.138971400448765,MSFT
2023-10-12,324.19036865234375,331.1600036621094,333.6300048828125,328.7200012207031,330.57000732421875,19313100,-0.0037904104369592684,319.8899579729353,318.8504954020182,323.3776892768012,0.013186871854526291,0.14203427069575936,MSFT
2023-10-13,320.83258056640625,327.7300109863281,333.8299865722656,326.3599853515625,332.3800048828125,21072400,-0.010357457872347653,321.11645071847096,318.849516805013,323.3206380208333,0.013317495840410731,0.15759444316878035,MSFT
2023-10-16,325.6391906738281,332.6400146484375,336.1400146484375,330.6000061035156,331.04998779296875,22158000,0.014981677044569874,322.9736633300781,318.97939249674477,323.42879299587673,0.013586513467200493,0.15282808891204724,MSFT
2023-10-17,325.0714111328125,332.05999755859375,333.4599914550781,327.4100036621094,329.5899963378906,18338500,-0.0017435847934664794,323.6449454171317,318.93077189127604,323.5102328830295,0.013315764937182775,0.14322414508530845,MSFT
2023-10-18,323.1624450683594,330.1099853515625,335.5899963378906,328.29998779296875,332.489990234375,23153600,-0.00587245140321857,323.6854989188058,318.8403798421224,323.5538547092014,0.013353862048744657,0.15015930572751746,MSFT
2023-10-19,324.3469543457031,331.32000732421875,336.8800048828125,330.9100036621094,332.1499938964844,25052100,0.0036653679764466762,324.0952584402902,318.8863881429036,323.5557156032986,0.013267574561846456,0.13265180061987913,MSFT
2023-10-20,319.7948913574219,326.6700134277344,331.9200134277344,325.45001220703125,331.7200012207031,25027700,-0.014034548273974101,323.29112025669644,318.6383880615234,323.4805131700304,0.013280516428328677,0.13230230367498397,MSFT
2023-10-23,322.3890380859375,329.32000732421875,332.7300109863281,324.3900146484375,325.4700012207031,24374700,0.008111907971713794,323.0337873186384,318.3571004231771,323.40102912055124,0.013203804993894248,0.13347558946176297,MSFT
2023-10-24,323.5736083984375,330.5299987792969,331.8399963378906,327.6000061035156,331.29998779296875,31153600,0.003674350466544851,323.4253627232143,318.31663716634114,323.21791483561196,0.01280362635139332,0.11804843221545891,MSFT
2023-10-25,333.500244140625,340.6700134277344,346.20001220703125,337.6199951171875,345.0199890136719,55053800,0.030678137785465465,324.5483703613281,318.4670705159505,323.2077260335287,0.01379543592452381,0.09109357716631639,MSFT
2023-10-26,320.9891662597656,327.8900146484375,341.6300048828125,326.94000244140625,340.5400085449219,37828500,-0.03751444894170419,323.96519252232144,318.11431986490885,323.1049814860026,0.01536417598522851,0.14364443330605048,MSFT
2023-10-27,322.8687438964844,329.80999755859375,336.7200012207031,328.3999938964844,330.42999267578125,29856500,0.005855579671488531,323.92323521205356,318.10093892415364,323.07185702853735,0.014716870203040994,0.1280846272265268,MSFT
2023-10-30,330.2109069824219,337.30999755859375,339.45001220703125,331.8299865722656,333.4100036621094,22828100,0.022740395980514805,324.7609427315848,318.3701507568359,323.0535580105252,0.015267127729944634,0.112151814668489,MSFT
2023-10-31,330.99407958984375,338.1099853515625,339.0,334.69000244140625,338.8500061035156,20265300,0.0023717345213662977,326.36082676478793,318.67884826660156,323.09486796061196,0.01526356291082179,0.1094905464809468,MSFT
2023-11-01,338.7865905761719,346.07000732421875,347.4200134277344,339.6499938964844,339.7900085449219,28158800,0.023542750359717424,328.70333426339283,319.5044342041016,323.29244520399305,0.015039874420118934,0.059533341818780894,MSFT
2023-11-02,340.9892272949219,348.32000732421875,348.8299865722656,344.7699890136719,347.239990234375,24348100,0.006501546342209119,331.19127982003346,320.44390258789065,323.44969550238716,0.015004223960257182,0.06649757663980105,MSFT
2023-11-03,345.37493896484375,352.79998779296875,354.3900146484375,347.3299865722656,349.6300048828125,23637700,0.012861730866731147,332.8876647949219,321.61179504394534,323.64178398980033,0.014963770865172506,0.05840776104009748,MSFT
2023-11-06,349.02642822265625,356.5299987792969,357.5400085449219,353.3500061035156,353.45001220703125,23828300,0.010572536816819245,336.8929879324777,322.8841074625651,323.8831275092231,0.015010736289392423,0.0490493138961281,MSFT
2023-11-07,352.94219970703125,360.5299987792969,362.4599914550781,357.6300048828125,359.3999938964844,25833900,0.011219126025256099,341.18919590541293,324.4631591796875,324.1083896213108,0.01452695857642764,0.030073038016603215,MSFT
2023-11-08,355.5560302734375,363.20001220703125,363.8699951171875,360.54998779296875,361.67999267578125,26767800,0.00740583180071952,344.8099278041295,326.1081288655599,324.39037272135414,0.01452363867220968,0.030556628437728994,MSFT
2023-11-09,353.098876953125,360.69000244140625,364.7900085449219,360.3599853515625,362.29998779296875,24847300,-0.006910734486552883,347.96775599888394,327.64345397949216,324.64331698947484,0.014683501965345474,0.040617288474742,MSFT
2023-11-10,361.8898620605469,369.6700134277344,370.1000061035156,361.07000732421875,361.489990234375,28042100,0.024896666857960215,351.26822335379467,329.4029581705729,324.9600741916233,0.015134607084667658,0.015555630701493017,MSFT
2023-11-13,358.9627380371094,366.67999267578125,368.4700012207031,365.8999938964844,368.2200012207031,19986500,-0.008088438860295533,353.8358677455357,330.8674713134766,325.28826768663197,0.015096687477056088,0.022224544103795596,MSFT
2023-11-14,362.47723388671875,370.2699890136719,371.95001220703125,367.3500061035156,371.010009765625,27683900,0.00979069824580514,356.279052734375,332.72356974283855,325.7140157063802,0.01396783482381413,0.015587926706738475,MSFT
2023-11-15,362.6243591308594,369.6700134277344,373.1300048828125,367.1099853515625,371.2799987792969,26860100,0.0004058882334845304,358.2216142926897,334.40281066894534,326.1344519721137,0.013807854669897805,0.01723167942705528,MSFT
2023-11-16,369.00048828125,376.1700134277344,376.3500061035156,370.17999267578125,370.9599914550781,27182300,0.017583289676603497,360.5156555175781,336.2815368652344,326.5743927001953,0.013972279536798303,-0.014089426144581307,MSFT
2023-11-17,362.80096435546875,369.8500061035156,374.3699951171875,367.0,373.6099853515625,40157000,-0.016800855615822452,361.55064610072543,337.69582112630206,326.8861857096354,0.014071814839896158,0.0020277143959310795,MSFT
2023-11-20,370.24627685546875,377.44000244140625,378.8699951171875,371.0,371.2200012207031,52465100,0.020521754988239715,364.0002746582031,339.2747446695964,327.2527004665799,0.01437081570956569,-0.02516948656594875,MSFT
2023-11-21,365.9596252441406,373.07000732421875,376.2200012207031,371.1199951171875,375.6700134277344,28423100,-0.011577838534218343,364.58166939871654,340.7574442545573,327.56626688639324,0.014586578825128056,-0.014260119340230526,MSFT
2023-11-22,370.6484680175781,377.8500061035156,379.7900085449219,374.9700012207031,378.0,23345300,0.012812459216804184,366.25105939592635,342.264931233724,327.78257683648,0.014596923555618304,-0.00836316010436533,MSFT
2023-11-24,370.23651123046875,377.42999267578125,377.9700012207031,375.1400146484375,377.3299865722656,10176600,-0.001111448778711388,367.3595275878906,343.7998026529948,328.04217664930553,0.014552900867956553,-0.00434523500421613,MSFT
2023-11-27,371.3940124511719,378.6099853515625,380.6400146484375,376.20001220703125,376.7799987792969,22179200,0.00312638323231873,368.6123352050781,345.4851837158203,328.40375128851997,0.014282664801777829,0.010987409118559333,MSFT
2023-11-28,375.406005859375,382.70001220703125,383.0,378.1600036621094,378.3500061035156,20453100,0.010802525818131237,369.5274091448103,347.1440775553385,328.8435516357422,0.014201992270126222,0.005043205175646381,MSFT
2023-11-29,371.6294860839844,378.8500061035156,384.29998779296875,377.44000244140625,383.760009765625,28963400,-0.010059827803621468,370.7886265345982,348.6960133870443,329.22684665256077,0.01441469034599526,0.025392535693741447,MSFT
2023-11-30,371.68829345703125,378.9100036621094,380.0899963378906,375.4700012207031,378.489990234375,30554400,0.00015824194594071805,370.99462890625,350.31354166666665,329.54708014594183,0.014305646308715449,0.02998066748651551,MSFT
2023-12-01,367.3721618652344,374.510009765625,378.1600036621094,371.30999755859375,376.760009765625,33040500,-0.011612234411939704,371.1964198521205,351.747715250651,329.9627417670356,0.01461502984362596,0.03994541973613508,MSFT
2023-12-04,362.1044921875,369.1400146484375,369.5199890136719,362.8999938964844,369.1000061035156,32063300,-0.01433878291427737,369.9758518763951,353.1580352783203,330.39639621310766,0.014628264403871001,0.06699347011151713,MSFT
2023-12-05,365.42010498046875,372.5199890136719,373.0799865722656,365.6199951171875,366.45001220703125,23065000,0.009156508313218792,369.2877938406808,354.5924041748047,330.78385552300347,0.014639003522975041,0.07019742467191237,MSFT
2023-12-06,361.7709655761719,368.79998779296875,374.17999267578125,368.0299987792969,373.5400085449219,21182100,-0.009986148420848107,367.91307285853793,355.8656494140625,331.1573615180122,0.014869418008953722,0.07513561715029837,MSFT
2023-12-07,363.8799743652344,370.95001220703125,371.45001220703125,366.32000732421875,368.2300109863281,23118900,0.005829679520310771,366.26649693080356,356.87830708821616,331.54974229600697,0.013988484826553665,0.07534700664286564,MSFT
2023-12-08,367.09747314453125,374.2300109863281,374.4599914550781,368.2300109863281,369.20001220703125,20154400,0.008842197993746748,365.6190665108817,358.4152506510417,332.0738250732422,0.01173743679006548,0.07570207123588313,MSFT
2023-12-11,364.2232666015625,371.29998779296875,371.6000061035156,366.1000061035156,368.4800109863281,27708800,-0.007829545974121,364.5526341029576,359.7937347412109,332.57508951822916,0.011948988339485935,0.09041222743309762,MSFT
2023-12-12,367.2446594238281,374.3800048828125,374.4200134277344,370.4599914550781,370.8500061035156,24838300,0.008295441558297867,364.53441946847096,361.0281931559245,333.0977684868707,0.011452429373125723,0.07893036597610759,MSFT
2023-12-13,367.23480224609375,374.3699951171875,377.6400146484375,370.7699890136719,376.0199890136719,30955500,-2.6840901511948623e-05,365.26732090541293,362.23621724446616,333.5950473361545,0.011469751117460672,0.09442533583190338,MSFT
2023-12-14,358.9556884765625,365.92999267578125,373.760009765625,364.1300048828125,373.30999755859375,43277500,-0.022544469420910707,364.34383283342635,362.9085205078125,334.0444047715929,0.011779469157563349,0.11657963690651285,MSFT
2023-12-15,363.6641845703125,370.7300109863281,372.3999938964844,366.2799987792969,366.8500061035156,78502300,0.013117207067349312,364.61429268973217,363.6643524169922,334.58754170735676,0.011927708322658572,0.07242449742996038,MSFT
2023-12-18,365.5475158691406,372.6499938964844,373.0,368.67999267578125,369.45001220703125,21802900,0.005178764857070917,364.8525129045759,364.33677164713544,335.14400702582464,0.011772749392186567,0.08353708438979579,MSFT
2023-12-19,366.14593505859375,373.260009765625,373.260009765625,369.8399963378906,371.489990234375,20603700,0.0016370489839885316,364.7165788922991,364.907421875,335.72796122233075,0.011659855969781918,0.1016986348410176,MSFT
2023-12-20,363.5562438964844,370.6199951171875,376.0299987792969,370.5299987792969,375.0,26316700,-0.007072838762213651,364.6212899344308,365.2612233479818,336.25025261773004,0.01162111668676641,0.094517246731326,MSFT
2023-12-21,366.4206237792969,373.5400085449219,374.4100036621094,370.0400085449219,372.55999755859375,17708000,0.007878780603828961,364.5035705566406,365.6233764648438,336.8280337863498,0.01163034861402019,0.08553302521531214,MSFT
2023-12-22,367.4407958984375,374.5799865722656,375.17999267578125,372.7099914550781,373.67999267578125,17107500,0.002784155838769342,364.53299822126115,366.1014404296875,337.4256337483724,0.011535276541507794,0.10537129473518103,MSFT
2023-12-26,367.519287109375,374.6600036621094,376.94000244140625,373.5,375.0,12673100,0.00021361593980206983,365.7563694545201,366.2890879313151,338.06239318847656,0.010647065635693755,0.10529539797483523,MSFT
2023-12-27,366.9405212402344,374.07000732421875,375.05999755859375,372.80999755859375,373.69000244140625,14905400,-0.0015747904652644307,366.2244175502232,366.5550140380859,338.6970733642578,0.010530192803579145,0.12425470356681911,MSFT
2023-12-28,368.12750244140625,375.2799987792969,376.4599914550781,374.1600036621094,375.3699951171875,14327000,0.0032348054588247077,366.5929870605469,366.7433563232422,339.2862046983507,0.010404162904940917,0.10653378874991071,MSFT
2023-12-29,368.87298583984375,376.0400085449219,377.1600036621094,373.4800109863281,376.0,18730800,0.0020250684708245092,366.9825657435826,366.95164388020834,339.87731085883246,0.010407491675128727,0.08052332916640115,MSFT
2024-01-02,363.8014831542969,370.8699951171875,375.8999938964844,366.7699890136719,373.8599853515625,25258600,-0.013748642162017322,367.0175999232701,366.7783437093099,340.36268446180554,0.01021707906864569,0.10617540556630645,MSFT
2024-01-03,363.53662109375,370.6000061035156,373.260009765625,368.510009765625,369.010009765625,23083500,-0.0007280400790299346,366.6055995396205,366.80286560058596,340.92158203125,0.009738827937208209,0.09906057301117621,MSFT
2024-01-04,360.9273681640625,367.94000244140625,373.1000061035156,367.1700134277344,370.6700134277344,20901500,-0.007177414263897841,365.67510986328125,366.4922353108724,341.418746609158,0.009024068846476989,0.10019888612944694,MSFT
2024-01-05,360.7409973144531,367.75,372.05999755859375,366.5,368.9700012207031,21004600,-0.0005163666323154681,364.70678274972096,366.3182810465495,341.9060095893012,0.008791922443072853,0.09730752529384534,MSFT
2024-01-08,367.5486755371094,374.69000244140625,375.20001220703125,369.010009765625,369.29998779296875,23134000,0.018871373848096562,364.79366193498885,366.21495463053384,342.41768154568143,0.00916840686375151,0.0753523275601169,MSFT
2024-01-09,368.62774658203125,375.7900085449219,375.989990234375,371.19000244140625,372.010009765625,20830000,0.0029358588854795364,364.86512538364957,366.1613291422526,342.9372090657552,0.009184891821921833,0.09745128689877824,MSFT
2024-01-10,375.47467041015625,382.7699890136719,384.1700134277344,376.32000732421875,376.3699951171875,25514200,0.018574086979644466,365.80822317940846,366.29735107421874,343.5440171983507,0.009785623866271147,0.07401007871384158,MSFT
2024-01-11,377.29925537109375,384.6300048828125,390.67999267578125,380.3800048828125,386.0,27850800,0.004859408915505181,367.7364763532366,366.36045939127604,344.16130981445315,0.009626861818345234,0.06152325156094518,MSFT
2024-01-12,381.06610107421875,388.4700012207031,388.67999267578125,384.6499938964844,385.489990234375,21661200,0.009983708288584081,370.24068777901783,366.6750132242839,344.76726616753473,0.009584794338484616,0.05087510993632138,MSFT
2024-01-16,382.8317565917969,390.2699890136719,394.0299987792969,387.6199951171875,393.6600036621094,27202300,0.0046334625740804825,373.36988612583707,367.0464619954427,345.4001278347439,0.009607960481532672,0.04664457647259623,MSFT
2024-01-17,382.0469970703125,389.4700012207031,390.1099853515625,384.80999755859375,387.9800109863281,22234100,-0.0020498809410974816,376.4136003766741,367.53562316894534,346.05657552083335,0.009328652571970813,0.06402279558389878,MSFT
2024-01-18,386.3631286621094,393.8699951171875,393.989990234375,390.1199951171875,391.7200012207031,23392100,0.011297383894899538,379.10137939453125,368.3442443847656,346.71355590820315,0.009010850212610404,0.05686739865818846,MSFT
2024-01-19,391.0716552734375,398.6700134277344,398.6700134277344,393.5,395.760009765625,29331100,0.012186790772796385,382.30765206473217,369.1992960611979,347.3829335530599,0.009107945025656854,0.04268509850767521,MSFT
2024-01-22,388.9528503417969,396.510009765625,400.6199951171875,393.5899963378906,400.0199890136719,27016900,-0.005417945542893321,384.2331063406808,370.10535888671876,348.0958818223741,0.00893186685061019,0.01736291925270428,MSFT
2024-01-23,391.2972412109375,398.8999938964844,399.3800048828125,393.92999267578125,395.75,20525900,0.006027442316158593,386.2328186035156,371.01926778157554,348.7882151285807,0.008934514906160457,0.009861154569308361,MSFT
2024-01-24,394.88751220703125,402.55999755859375,405.6300048828125,400.45001220703125,401.5400085449219,24867000,0.009175303625916342,388.2073059082031,371.9456024169922,349.4917243109809,0.008942919178840058,0.01822495682657843,MSFT
2024-01-25,397.15350341796875,404.8699951171875,407.010009765625,402.5299987792969,404.32000732421875,21021200,0.005738320764495208,390.2532697405134,373.04327697753905,350.31265021430124,0.008744756345893135,0.005189901955797271,MSFT
2024-01-26,396.2314147949219,403.92999267578125,406.1700134277344,402.42999267578125,404.3699951171875,17803300,-0.0023217436459989083,392.2796151297433,374.00950215657554,351.1359486897787,0.00873480989068893,0.0033125352220177984,MSFT
2024-01-29,401.91107177734375,409.7200012207031,409.9800109863281,404.3299865722656,406.05999755859375,24510200,0.014334191511194305,394.50074986049106,375.1653778076172,352.02681443956163,0.008977592237424723,0.015444703808449312,MSFT
2024-01-30,400.8026123046875,408.5899963378906,413.04998779296875,406.45001220703125,412.260009765625,33477600,-0.002757971975627327,395.89088657924106,376.5602752685547,352.99107666015624,0.007662891990622094,0.01781147447367415,MSFT
2024-01-31,390.00238037109375,397.5799865722656,415.32000732421875,397.2099914550781,406.9599914550781,47871100,-0.026946510831080794,396.0408194405692,377.43821512858074,353.8488233778212,0.009286171961822664,0.0714985713948122,MSFT
2024-02-01,396.08428955078125,403.7799987792969,408.0,401.79998779296875,401.8299865722656,30657700,0.015594543740734323,396.7246834891183,378.4561075846354,354.8015580919054,0.00958452506648931,0.033211237632802204,MSFT
2024-02-02,403.3824768066406,411.2200012207031,412.6499938964844,403.55999755859375,403.80999755859375,28256700,0.01842584381252932,397.93824986049106,379.69732564290365,355.8296183268229,0.010000092858469164,0.016710499448594263,MSFT
2024-02-05,397.9185791015625,405.6499938964844,411.1600036621094,403.989990234375,409.8999938964844,25352300,-0.013545203421657881,398.04754638671875,380.8427368164063,356.85570644802516,0.010296618841214408,0.04077246438299387,MSFT
2024-02-06,397.7616882324219,405.489990234375,407.9700012207031,402.9100036621094,405.8800048828125,18382600,-0.00039427882330822506,398.2661568777902,381.88743896484374,357.8729814317491,0.010274046585567213,0.05062109406618376,MSFT
2024-02-07,406.15850830078125,414.04998779296875,414.29998779296875,407.3999938964844,407.44000244140625,22340500,0.021110178070877783,398.8729335239955,383.1780293782552,358.97430792914497,0.010804754432750658,0.038918094685086,MSFT
2024-02-08,406.2173767089844,414.1099853515625,415.55999755859375,412.5299987792969,414.04998779296875,21225300,0.0001449394928334513,399.64647129603793,384.4679656982422,360.05333726671006,0.010805460378194678,0.03724352564069333,MSFT
2024-02-09,412.53460693359375,420.54998779296875,420.82000732421875,415.0899963378906,415.25,22032800,0.015551353996200667,402.86536080496654,385.9877685546875,361.1367513020833,0.01098453623948094,0.007352232966960859,MSFT
2024-02-12,407.34552001953125,415.260009765625,420.739990234375,414.75,420.55999755859375,21202900,-0.012578549355249158,404.47410801478793,387.29503580729164,362.25398729112413,0.011392858765453246,0.017265564960115887,MSFT
2024-02-13,398.57586669921875,406.32000732421875,410.07000732421875,403.3900146484375,404.94000244140625,27824900,-0.021528783033852972,403.7874494280134,388.2851318359375,363.21319546169707,0.012271639792620345,0.03910544545881511,MSFT
2024-02-14,402.4282531738281,409.489990234375,409.8399963378906,404.57000732421875,408.07000732421875,20401200,0.00966537815375701,404.4316885811942,389.57269083658855,364.2108571370443,0.01193208346688448,0.027424382727869068,MSFT
2024-02-15,399.54876708984375,406.55999755859375,409.1300048828125,404.2900085449219,408.1400146484375,21825500,-0.007155278142811139,404.6869855608259,390.773095703125,365.0905941433377,0.012066413175341704,0.044298629725580074,MSFT
2024-02-16,397.0918884277344,404.05999755859375,408.2900085449219,403.44000244140625,407.9599914550781,22296500,-0.0061491333836525275,403.3917541503906,391.97857971191405,365.9151865641276,0.012037273248406661,0.043013295437786425,MSFT
2024-02-20,395.84381103515625,402.7900085449219,404.489990234375,398.010009765625,403.239990234375,24307900,-0.003143044290125907,401.9098161969866,393.14867350260414,366.74146626790366,0.012075168880611992,0.04384407999068696,MSFT
2024-02-21,395.24432373046875,402.17999267578125,402.2900085449219,397.2200012207031,400.1700134277344,18518900,-0.0015144541558445024,399.4397757393973,394.0718617757162,367.51724921332465,0.011729815404725745,0.03903727220742592,MSFT
2024-02-22,404.5509948730469,411.6499938964844,412.8299865722656,408.57000732421875,410.19000244140625,27009900,0.02354662820894715,399.0405578613281,395.26930338541666,368.41014506022134,0.012344260876824277,0.0336937222505147,MSFT
2024-02-23,403.2635803222656,410.3399963378906,415.8599853515625,408.9700012207031,415.6700134277344,16295900,-0.0031823294642626676,399.7102312360491,396.195600382487,369.3260450575087,0.01204401087002747,0.03472741814999547,MSFT
2024-02-26,400.5119323730469,407.5400085449219,412.1600036621094,407.3599853515625,411.4599914550781,16193500,-0.006823447698946161,399.4364711216518,396.9693562825521,370.15796440972224,0.012151911441974722,0.04598309582272142,MSFT
2024-02-27,400.452880859375,407.4800109863281,408.32000732421875,403.8500061035156,407.989990234375,14835800,-0.00014744008579714585,399.5656302315848,397.61558227539064,370.9955362955729,0.012064679297528327,0.03872591456816177,MSFT
2024-02-28,400.68878173828125,407.7200012207031,409.29998779296875,405.32000732421875,408.17999267578125,13183100,0.0005890852336984942,400.07947213309154,398.2108164469401,371.85694003634984,0.012053660156795694,0.04956827118829965,MSFT
2024-02-29,406.5067138671875,413.6400146484375,414.20001220703125,405.9200134277344,408.6400146484375,31947300,0.014519827841614985,401.60274396623885,399.02614034016926,372.7698262532552,0.012258953338409448,0.019969052008301347,MSFT
2024-03-01,408.3345947265625,415.5,415.8699951171875,410.8800048828125,411.2699890136719,17823400,0.004496557613983709,403.47278267996654,399.75852254231773,373.75360073513457,0.012146201313611904,-0.0044764290926636585,MSFT
2024-03-04,407.76458740234375,414.9200134277344,417.3500061035156,412.32000732421875,413.44000244140625,17596000,-0.0013959319919989444,403.93186732700894,400.31495361328126,374.7022179497613,0.012002477347687968,-0.0008194359520508065,MSFT
2024-03-05,395.7062072753906,402.6499938964844,414.25,400.6400146484375,413.9599914550781,26919200,-0.029571916001266296,402.8522426060268,400.5400655110677,375.50369127061634,0.013227635946277336,0.022823890577728045,MSFT
2024-03-06,395.1558837890625,402.0899963378906,405.1600036621094,398.3900146484375,402.9700012207031,22344100,-0.0013907375628937624,402.0870928083147,400.66868693033854,376.18875393337674,0.013193106861676204,0.005421645247916551,MSFT
2024-03-07,402.0843200683594,409.1400146484375,409.7799987792969,402.239990234375,406.1199951171875,18718500,0.01753342557590587,402.32015555245533,400.90858052571616,377.0898111979167,0.01346990418526352,-0.024490381730513544,MSFT
2024-03-08,399.2146911621094,406.2200012207031,410.4200134277344,404.3299865722656,407.9599914550781,18002200,-0.0071368833924240205,402.1095711844308,400.97728678385414,377.9380995008681,0.013508570881538852,-0.012948777075231677,MSFT
2024-03-11,397.5439453125,404.5199890136719,405.67999267578125,401.260009765625,403.760009765625,16120800,-0.004185081076915953,400.8291756766183,401.0210378011068,378.68624437120224,0.013525128923323103,0.0075398872471350575,MSFT
2024-03-12,408.11846923828125,415.2799987792969,415.57000732421875,406.7900085449219,407.6199951171875,22457000,0.026599635211319583,400.79830060686385,401.2279510498047,379.5431820339627,0.01413862838084333,-0.014977986612953353,MSFT
2024-03-13,407.9414978027344,415.1000061035156,418.17999267578125,411.45001220703125,418.1000061035156,17115900,-0.0004336276078785728,400.82357352120533,401.4659138997396,380.3115698920356,0.014125911848782773,-0.0386894201853506,MSFT
2024-03-14,417.8869934082031,425.2200012207031,427.82000732421875,417.989990234375,420.239990234375,34157300,0.024379710470833427,403.9922572544643,402.39540100097656,381.1659895155165,0.013767540642232056,-0.04444750838748324,MSFT
2024-03-15,409.2387390136719,416.4200134277344,422.6000061035156,412.7900085449219,419.2900085449219,45079900,-0.02069519877610404,406.0040937151228,402.83388264973956,381.8755872938368,0.014156655798475637,-0.03402820371612536,MSFT
2024-03-18,410.1231994628906,417.32000732421875,420.7300109863281,413.7799987792969,414.25,20106000,0.002161233443711774,407.15250505719865,403.05857340494794,382.5544403076172,0.013780107275530671,-0.06707088078600376,MSFT
2024-03-19,414.1427001953125,421.4100036621094,421.6700134277344,415.54998779296875,417.8299865722656,19837900,0.009800715340380517,409.2850777762277,403.59937744140626,383.2344458685981,0.013609306176792926,-0.06281308425814924,MSFT
2024-03-20,417.8968200683594,425.2300109863281,425.9599914550781,420.6600036621094,422.0,17860100,0.009064797885551146,412.19263131277904,404.2705485026042,383.9271213107639,0.013675180547232104,-0.06441229700526008,MSFT
2024-03-21,421.9654235839844,429.3699951171875,430.82000732421875,427.1600036621094,429.8299865722656,21296200,0.009735904463114675,414.1707676478795,404.7974456787109,384.6923051622179,0.013271271413664916,-0.05289144116462885,MSFT
2024-03-22,421.3463439941406,428.739990234375,429.8599853515625,426.07000732421875,429.70001220703125,17648500,-0.001467133455119507,416.0857456752232,405.30174458821614,385.3529327392578,0.013279615965788213,-0.03545284647420954,MSFT
2024-03-25,415.5676574707031,422.8599853515625,427.4100036621094,421.6099853515625,425.239990234375,18060500,-0.013714813492051725,415.75441196986606,405.40284627278646,385.98187628851997,0.013271923325847536,-0.03197266187673775,MSFT
2024-03-26,414.3785705566406,421.6499938964844,425.989990234375,421.3500061035156,425.6099853515625,16725600,-0.0028613557688770275,416.4886736188616,405.6372812906901,386.55855780707464,0.013062970415677168,-0.02634891688294838,MSFT
2024-03-27,414.162353515625,421.42999267578125,424.45001220703125,419.010009765625,424.44000244140625,16705000,-0.0005217862514588223,417.0656956263951,406.156830851237,387.1312021891276,0.01237799030588265,-0.021616838863740995,MSFT
2024-03-28,413.464599609375,420.7200012207031,421.8699951171875,419.1199951171875,420.9599914550781,21871200,-0.0016847352259979909,416.9688241141183,406.5247090657552,387.6252478705512,0.012288307844727791,-0.014213699498863641,MSFT
2024-04-01,417.24822998046875,424.57000732421875,427.8900146484375,422.2200012207031,423.95001220703125,16316000,0.009151038262207534,416.8761683872768,407.11469116210935,388.2302174886068,0.012276908925009601,-0.025555517360168922,MSFT
2024-04-02,414.172119140625,421.44000244140625,422.3800048828125,417.8399963378906,420.1099853515625,17912000,-0.0073723760074134725,415.7628391810826,407.6840321858724,388.7182824028863,0.012305252389444507,-0.01157918687800219,MSFT
2024-04-03,413.19921875,420.45001220703125,423.260009765625,419.0899963378906,419.7300109863281,16502300,-0.002349024344380557,414.59896414620533,408.2625457763672,389.2431667751736,0.012295820851108495,0.008070334140046764,MSFT
2024-04-04,410.673583984375,417.8800048828125,428.6700134277344,417.57000732421875,424.989990234375,19370900,-0.006112389982888877,413.8998107910156,408.7768544514974,389.6878902859158,0.012363218369931034,0.009259377606459562,MSFT
2024-04-05,418.18182373046875,425.5199890136719,426.510009765625,418.32000732421875,420.010009765625,16554800,0.01828274337309077,414.44313267299106,409.23121541341146,390.22061598036026,0.01207125556494624,-0.010697671499532047,MSFT
2024-04-08,417.26788330078125,424.5899963378906,427.2799987792969,423.29998779296875,425.1700134277344,14272400,-0.002185509694167309,414.88677978515625,409.6980255126953,390.730325656467,0.012060213117885518,0.003573310795541129,MSFT
2024-04-09,418.9287109375,426.2799987792969,427.739990234375,421.6199951171875,426.44000244140625,12496900,0.003980243155981222,415.6673671177455,410.3119181315104,391.21391126844617,0.01197308156508913,0.00829010123944296,MSFT
2024-04-10,415.9607849121094,423.260009765625,424.0299987792969,419.70001220703125,422.19000244140625,16216600,-0.007084561043211535,415.4834463936942,410.82884826660154,391.70648125542533,0.0120739376491501,0.018987244724088193,MSFT
2024-04-11,420.55023193359375,427.92999267578125,429.3699951171875,422.3599853515625,425.82000732421875,17966400,0.011033364653483257,416.3946053641183,411.4908966064453,392.2493916829427,0.012201509140792294,-0.0003734237793882045,MSFT
2024-04-12,414.624267578125,421.8999938964844,425.17999267578125,419.7699890136719,424.04998779296875,19253800,-0.014090978688140354,416.59818376813615,411.7614817301432,392.7744150797526,0.012281666377134813,0.02141706623266426,MSFT
2024-04-15,406.5067138671875,413.6400146484375,426.82000732421875,413.42999267578125,426.6000061035156,20273500,-0.01957809599122884,416.00291660853793,411.70055236816404,393.2677730984158,0.012802690406427642,0.04220132230144236,MSFT
2024-04-16,407.4304504394531,414.5799865722656,418.3999938964844,413.7300109863281,414.57000732421875,16765600,0.0022723771607064958,414.46700613839283,411.689414469401,393.7345547146267,0.01280711000452346,0.03705960767094951,MSFT
2024-04-17,404.7377624511719,411.8399963378906,418.8800048828125,410.3299865722656,417.25,15855500,-0.006608951258741058,412.67698887416293,411.99046630859374,394.2119635687934,0.011605374451343688,0.00868768787539742,MSFT
2024-04-18,397.29827880859375,404.2699890136719,411.8900146484375,403.95001220703125,410.6300048828125,21029900,-0.018380997111619002,409.58692714146207,412.06187947591144,394.5832780626085,0.01211999913796168,0.028715452500140293,MSFT
2024-04-19,392.23712158203125,399.1199951171875,405.4800109863281,397.7699890136719,404.0299987792969,30565800,-0.012738935697732545,406.1978323800223,411.7336395263672,394.86260748969187,0.0118895047963468,0.03794799680630545,MSFT
2024-04-22,394.04534912109375,400.9599914550781,402.8500061035156,395.75,400.0799865722656,20286900,0.0046100367343338,402.4114205496652,411.561328125,395.1939639621311,0.011865591989476685,0.03955629759981316,MSFT
2024-04-23,400.5413818359375,407.57000732421875,408.20001220703125,403.05999755859375,404.239990234375,15734500,0.01648549520843967,400.3995797293527,411.66124267578124,395.56392754448785,0.01223074131562615,0.042212992973682084,MSFT
2024-04-24,402.00567626953125,409.05999755859375,412.4700012207031,406.7799987792969,409.55999755859375,15065300,0.0036557881407457415,399.75657435825894,411.4574829101563,395.9502705891927,0.011205322611257056,0.039665914669501534,MSFT
2024-04-25,392.1584777832031,399.0400085449219,399.8900146484375,388.0299987792969,394.0299987792969,40586500,-0.024495172749068095,397.57486397879467,410.93138224283854,396.3191904703776,0.01203509749023272,0.06409019778527258,MSFT
2024-04-26,399.3129577636719,406.32000732421875,413.0,405.760009765625,412.1700134277344,29694700,0.018243848815692187,396.79989188058033,410.31224772135414,396.71528795030383,0.011629935845163067,0.05493627780320609,MSFT
2024-04-29,395.3130798339844,402.25,406.32000732421875,399.19000244140625,405.25,19582100,-0.010016899907502541,396.5162920270647,409.8480590820312,397.0460164388021,0.011175087335506255,0.07758974538312424,MSFT
2024-04-30,382.6158752441406,389.3299865722656,402.1600036621094,389.1700134277344,401.489990234375,28781400,-0.03211936370831969,395.14182826450894,408.9311482747396,397.229015774197,0.01250444997710573,0.13491272661811227,MSFT
2024-05-01,388.1291198730469,394.94000244140625,401.7200012207031,390.30999755859375,392.6099853515625,23562500,0.014409346254617317,394.2966526576451,408.06402893066405,397.5020477294922,0.012684432194516877,0.12011080171234712,MSFT
2024-05-02,390.9791259765625,397.8399963378906,399.92999267578125,394.6499938964844,397.6600036621094,17709400,0.0073429329508898356,392.9306161063058,407.1667724609375,397.77491997612844,0.012636058737467308,0.11443875411697091,MSFT
2024-05-03,399.6470642089844,406.6600036621094,407.1499938964844,401.8599853515625,402.2799987792969,17446700,0.022169823544343048,392.5936715262277,406.4228271484375,398.13276740180123,0.013229003955325383,0.10455598373045683,MSFT
2024-05-06,406.4084167480469,413.5400085449219,413.92999267578125,406.3699951171875,408.760009765625,16996600,0.016918309039614998,394.62937709263394,405.9248962402344,398.5648688422309,0.01366019130261479,0.08126195681957249,MSFT
2024-05-07,402.2808532714844,409.3399963378906,414.6700134277344,409.0899963378906,414.6600036621094,20018200,-0.010156195852413674,395.05336216517856,405.4820027669271,398.9575391981337,0.013562077648199642,0.09078990579458757,MSFT
2024-05-08,403.46014404296875,410.5400085449219,412.2300109863281,406.7099914550781,408.1700134277344,11792300,0.0029315110622192275,396.2172284807478,405.11805521647136,399.3501241048177,0.013575796970576998,0.09755750541088126,MSFT
2024-05-09,405.20947265625,412.32000732421875,412.7200012207031,409.1000061035156,410.57000732421875,14689700,0.004335815170618096,399.44488525390625,404.8196258544922,399.7538628472222,0.01360816342416091,0.08769283163969255,MSFT
2024-05-10,407.5877380371094,414.739990234375,415.3800048828125,411.79998779296875,412.94000244140625,13402300,0.005869224540258733,402.2246878487723,404.62373046875,400.24037679036456,0.013657930978150287,0.08926884766096621,MSFT
2024-05-13,406.5852355957031,413.7200012207031,418.3500061035156,410.82000732421875,418.010009765625,15440200,-0.002459599119036704,404.4541320800781,404.26829732259114,400.71869472927517,0.013542361179468733,0.0948845923042021,MSFT
2024-05-14,409.3763427734375,416.55999755859375,417.489990234375,411.54998779296875,412.0199890136719,15109300,0.0068647529063494694,405.84402901785717,404.1084381103516,401.25701666937937,0.013552598792768876,0.08907905538239236,MSFT
2024-05-15,416.53387451171875,423.0799865722656,423.80999755859375,417.2699890136719,417.8999938964844,22239500,0.01748398964578768,407.29052298409596,404.21959330240884,401.87693752712676,0.013927691342692656,0.05641951905277631,MSFT
2024-05-16,414.4761657714844,420.989990234375,425.4200134277344,420.3500061035156,421.79998779296875,17530100,-0.004940075384376685,409.03271048409596,404.3463460286458,402.3983540852865,0.013910533483998304,0.0848951390323125,MSFT
2024-05-17,413.708251953125,420.2099914550781,422.9200134277344,418.0299987792969,422.5400085449219,15352200,-0.0018527333578518546,410.4967258998326,404.197226969401,402.8992485894097,0.01349763584206033,0.09297724645318617,MSFT
2024-05-20,418.7589111328125,425.3399963378906,426.7699890136719,419.989990234375,420.2099914550781,16272100,0.012208263083569815,412.43235996791293,404.24692789713544,403.3801845974392,0.013681767426043445,0.08329798835320967,MSFT
2024-05-21,422.40167236328125,429.0400085449219,432.9700012207031,424.8500061035156,426.8299865722656,21453300,0.008698946180307976,414.5486363002232,404.36269327799477,403.8813225640191,0.01375354455306056,0.08978179584543544,MSFT
2024-05-22,423.8587341308594,430.5199890136719,432.4100036621094,427.1300048828125,430.0899963378906,18073700,0.003449469694156493,417.0162789481027,404.62595825195314,404.35679626464844,0.01369106901723589,0.08296945432296332,MSFT
2024-05-23,420.3931884765625,427.0,433.6000061035156,425.4200134277344,432.9700012207031,17211700,-0.008176180824498336,418.5901140485491,404.6207234700521,404.7741455078125,0.013641116876815648,0.07620610994462318,MSFT
2024-05-24,423.5043029785156,430.1600036621094,431.05999755859375,424.4100036621094,427.19000244140625,11855300,0.00740048741804622,419.5858895438058,404.9167246500651,405.23478224012587,0.013434118773500942,0.08389899569724535,MSFT
2024-05-28,423.6618347167969,430.32000732421875,430.82000732421875,426.6000061035156,429.6300048828125,15718000,0.0003719719898318541,420.8981279645647,405.4885620117187,405.64921230740015,0.012872947099073485,0.05665550949533693,MSFT
2024-05-29,422.5296630859375,429.1700134277344,430.94000244140625,425.69000244140625,425.69000244140625,15517100,-0.002672347466974867,422.15832955496654,405.9918690999349,405.9987457275391,0.012893815791420285,0.056807101711088936,MSFT
2024-05-30,408.2539978027344,414.6700134277344,424.29998779296875,414.239990234375,424.29998779296875,28394500,-0.03378618480638984,420.65762765066967,406.10907694498695,406.21320292154945,0.01434167967431144,0.09474992911693803,MSFT
2024-05-31,408.7068786621094,415.1300048828125,416.75,404.510009765625,416.75,47995300,0.0011093115114915175,418.7012285505022,406.48936360677084,406.4066433376736,0.013896653305253564,0.0828414724741231,MSFT
2024-06-03,407.1217346191406,413.5199890136719,416.42999267578125,408.9200134277344,415.5299987792969,17484700,-0.003878437397867307,416.3102286202567,406.9855173746745,406.5425791422526,0.01368631249636809,0.07254797679108793,MSFT
2024-06-04,409.63232421875,416.07000732421875,416.44000244140625,409.67999267578125,412.42999267578125,14348900,0.006166680346746833,414.77296229771207,407.505083211263,406.6812327067057,0.013702104536403255,0.05840369603076301,MSFT
2024-06-05,417.4494323730469,424.010009765625,424.0799865722656,416.29998779296875,417.80999755859375,16988000,0.01908323072210094,413.9079807826451,408.0686848958333,406.9169884575738,0.013808615070122458,0.030895644800494226,MSFT
2024-06-06,417.95159912109375,424.5199890136719,425.30999755859375,420.5799865722656,424.010009765625,14861300,0.0012029403063078536,413.0922328404018,408.6002156575521,407.095216539171,0.01380249933890167,0.043390069014222155,MSFT
2024-06-07,417.2919921875,423.8500061035156,426.2799987792969,423.0,426.20001220703125,13621700,-0.0015781897592468397,412.343994140625,409.43799947102866,407.27843187120226,0.012926864107442924,0.049545686707683334,MSFT
2024-06-10,421.2497253417969,427.8699951171875,428.0799865722656,423.8900146484375,424.70001220703125,13982900,0.009484325672174831,414.20052664620533,410.1692250569661,407.62562459309896,0.01264680164827192,0.0024073585336368275,MSFT
2024-06-11,425.9853210449219,432.67999267578125,432.82000732421875,425.25,425.4800109863281,14551100,0.01124177754485789,416.6688755580357,411.19163309733074,407.9578582763672,0.012553480748601903,-0.03300353392837019,MSFT
2024-06-12,434.2356262207031,441.05999755859375,443.3999938964844,433.25,435.32000732421875,22366200,0.01936758091932278,420.5422886439732,412.91229146321615,408.3006710476345,0.011080377255773922,-0.03580004347449328,MSFT
2024-06-13,434.74761962890625,441.5799865722656,443.3900146484375,439.3699951171875,440.8500061035156,15960600,0.0011790681770151856,424.13018798828125,414.46624145507815,408.7098826090495,0.010925817847532757,-0.03362918640638901,MSFT
2024-06-14,435.7222900390625,442.57000732421875,443.1400146484375,436.7200012207031,438.2799987792969,13582000,0.0022419223617329287,426.74059622628346,415.9576802571615,409.1316670735677,0.010909200030985819,-0.04439957898122304,MSFT
2024-06-17,441.43255615234375,448.3699951171875,450.94000244140625,440.7200012207031,442.5899963378906,20790000,0.01310528803281863,430.0950186593192,417.35052998860675,409.52360093858505,0.010497059506055019,-0.06695362873147359,MSFT
2024-06-18,439.4339599609375,446.3399963378906,450.1400146484375,444.8900146484375,449.7099914550781,17112500,-0.0045275233182314745,433.2581569126674,418.4513814290365,409.892674085829,0.010270659923823575,-0.06548827268300317,MSFT
2024-06-20,438.80389404296875,445.70001220703125,446.5299987792969,441.2699890136719,446.29998779296875,19877400,-0.0014338125301576188,435.7658952985491,419.6688161214193,410.18455505371094,0.010015666353538663,-0.0834866732977595,MSFT
2024-06-21,442.8207092285156,449.7799987792969,450.5799865722656,446.510009765625,447.3800048828125,34187100,0.009154009889332348,438.1709507533482,420.9808349609375,410.57872382269966,0.010079504446889499,-0.12145931155756484,MSFT
2024-06-24,440.7434387207031,447.6700134277344,452.75,446.4100036621094,449.79998779296875,15913700,-0.004690996749974752,439.1006382533482,422.16530049641926,411.04725240071616,0.010177364359722956,-0.10735603330249566,MSFT
2024-06-25,443.9726257324219,450.95001220703125,451.4200134277344,446.75,448.25,16413400,0.007326681983268468,440.41849626813615,423.378130086263,411.5088565402561,0.010195704956911512,-0.1164651454365675,MSFT
2024-06-26,445.1639099121094,452.1600036621094,453.6000061035156,448.19000244140625,449.0,16507000,0.002683237908468472,441.76729910714283,424.6640858968099,412.0156914605035,0.010145510408137316,-0.10940814886765604,MSFT
2024-06-27,445.84320068359375,452.8500061035156,456.1700134277344,451.7699890136719,452.17999267578125,14806300,0.0015259340579034664,442.3973911830357,425.87964782714846,412.5573727077908,0.010123565324282614,-0.1034115729677968,MSFT
2024-06-28,440.0345153808594,446.95001220703125,455.3800048828125,446.4100036621094,453.07000732421875,28362300,-0.013028538494762598,442.4831848144531,426.6630025227865,413.0483805338542,0.010140390321292042,-0.08980868435793732,MSFT
2024-07-01,449.6631774902344,456.7300109863281,457.3699951171875,445.6600036621094,448.6600036621094,17662800,0.021881606494075,444.03451102120533,427.8359029134115,413.6530344645182,0.010685962661919561,-0.09353436542366411,MSFT
2024-07-02,452.1737060546875,459.2799987792969,459.5899963378906,453.1099853515625,453.20001220703125,13979800,0.0055831313083394285,445.3706534249442,429.1180847167969,414.1821756998698,0.01066112321317317,-0.09236187394494966,MSFT
2024-07-03,453.64068603515625,460.7699890136719,461.0199890136719,457.8800048828125,458.19000244140625,9932800,0.0032442841342290585,447.21311732700894,430.280810546875,414.7419213189019,0.010519490217649998,-0.08459997505532835,MSFT
2024-07-05,460.3256530761719,467.55999755859375,468.3500061035156,458.9700012207031,459.6099853515625,16000300,0.014736259878809888,449.5492640904018,431.54494323730466,415.4065182156033,0.010694030075147486,-0.10337875003704267,MSFT
2024-07-08,459.02606201171875,466.239990234375,467.70001220703125,464.4599914550781,466.54998779296875,12962300,-0.0028231993063355665,451.5295715332031,432.7171875,416.0573313395182,0.010744635202723188,-0.09426524160106198,MSFT
2024-07-09,452.4297180175781,459.5400085449219,467.3299865722656,458.0,467.0,17207200,-0.014370303867348166,452.4705025809152,433.7850718180338,416.6322306315104,0.011017224082855385,-0.07393112694404402,MSFT
2024-07-10,459.035888671875,466.25,466.4599914550781,458.8599853515625,461.2200012207031,18196100,0.014601540065147134,455.1849844796317,434.9694580078125,417.21588812934027,0.011204305579987812,-0.08867661661377368,MSFT
2024-07-11,447.66461181640625,454.70001220703125,464.7799987792969,451.54998779296875,462.9800109863281,23111200,-0.024772086749838218,454.89947509765625,435.76955057779946,417.65288831922743,0.01227739113011538,-0.08445352446923371,MSFT
2024-07-12,446.5323486328125,453.54998779296875,456.3599853515625,450.6499938964844,454.3299865722656,16324300,-0.002529266673547359,454.09356689453125,436.56964009602865,418.0836412217882,0.012275576548371036,-0.07939305788720752,MSFT
2024-07-15,446.93603515625,453.9599914550781,457.260009765625,451.42999267578125,453.29998779296875,14429400,0.0009040476567341305,453.13575962611606,437.8590413411458,418.6528615315755,0.010265813760840532,-0.08750710130281592,MSFT
2024-07-16,442.56475830078125,449.5199890136719,454.29998779296875,446.6600036621094,454.2200012207031,17175700,-0.009780542430284367,450.5984889439174,438.9876373291016,419.17962680392793,0.010526855501196733,-0.07771424307966057,MSFT
2024-07-17,436.6575927734375,443.5199890136719,444.8500061035156,439.17999267578125,442.5899963378906,21778000,-0.013347573245606315,447.40299333844865,439.9721659342448,419.5637742784288,0.010867661074055162,-0.07255572182933712,MSFT
2024-07-18,433.5563659667969,440.3699951171875,444.6499938964844,434.3999938964844,444.3399963378906,20794800,-0.00710219370501064,444.70680018833707,440.76963399251304,419.94534844292536,0.010978288377797367,-0.06018895914097322,MSFT
2024-07-19,430.3468017578125,437.1099853515625,441.1400146484375,432.0,433.1000061035156,20940400,-0.007402876444513318,440.60835920061385,441.1995463053385,420.30982462565106,0.010611992514987772,-0.04396634595610538,MSFT
2024-07-22,436.0865478515625,442.94000244140625,444.6000061035156,438.9100036621094,441.7900085449219,15808800,0.01333748983448979,438.95435006277904,441.8040445963542,420.6205810546875,0.010845945601373138,-0.07396482665396942,MSFT
2024-07-23,437.9670104980469,444.8500061035156,448.3900146484375,443.1000061035156,443.8999938964844,13107100,0.004312131744830694,437.73073032924106,442.4932118733724,420.9541978624132,0.010842107641655203,-0.07915699361932504,MSFT
2024-07-24,422.2638244628906,428.8999938964844,441.4800109863281,427.5899963378906,440.45001220703125,26805800,-0.035854723435217006,434.2061288016183,442.5270151774088,421.0028293185764,0.012713707093218797,-0.04610377544827937,MSFT
2024-07-25,411.9263000488281,418.3999938964844,429.79998779296875,417.510009765625,428.79998779296875,29943800,-0.02448119828216777,429.82920619419644,442.0583811442057,421.0326911078559,0.013299296844272708,-0.03818357992416799,MSFT
2024-07-26,418.6899719238281,425.2699890136719,428.9200134277344,417.2699890136719,418.20001220703125,23583800,0.0164196165046957,427.2624032156808,441.5401926676432,421.127877468533,0.013153462651240679,-0.04425118368691061,MSFT
2024-07-29,420.1274108886719,426.7300109863281,432.1499938964844,424.70001220703125,431.5799865722656,15125800,0.0034331822141306922,425.34398106166293,441.0528523763021,421.19437425401475,0.013173532202931144,-0.02761337383192164,MSFT
2024-07-30,416.37640380859375,422.9200134277344,429.04998779296875,417.3599853515625,427.7200012207031,32687600,-0.008928260767712914,423.3482099260603,440.4079895019531,421.17748074001736,0.01323484517726511,0.002086365535991286,MSFT
2024-07-31,411.8770446777344,418.3500061035156,421.7799987792969,412.2099914550781,420.5,42891400,-0.010805989699953611,419.88970947265625,439.4228057861328,421.06538764105903,0.013048145679446514,0.022516100049591037,MSFT
2024-08-01,410.65618896484375,417.1099853515625,427.4599914550781,413.0899963378906,420.7900085449219,30296400,-0.002964126621443186,415.98816353934154,438.4635467529297,420.94660814073353,0.013041751018364404,0.03417835492482313,MSFT
2024-08-02,402.16961669921875,408.489990234375,415.0,404.3399963378906,412.489990234375,29437900,-0.02066588180983564,413.1175624302455,437.2424041748047,420.79774102105034,0.013469844235077072,0.05784094663542949,MSFT
2024-08-05,389.0360107421875,395.1499938964844,401.0400085449219,385.5799865722656,389.1700134277344,40709200,-0.03265688259800548,409.84752110072543,435.4495808919271,420.516157023112,0.014324803676610742,0.1032121131490189,MSFT
2024-08-06,393.4269714355469,399.6099853515625,405.6700134277344,398.5,400.0,24946500,0.011286771846602317,406.23852103097096,433.8723653157552,420.2857638888889,0.014600565580828118,0.08001922149829177,MSFT
2024-08-07,392.2652893066406,398.42999267578125,410.0799865722656,397.4700012207031,408.6400146484375,20650900,-0.0029527262065116577,402.25821794782365,432.14878743489584,420.05021599663627,0.014453361162504256,0.10303103009090964,MSFT
2024-08-08,396.4593505859375,402.69000244140625,405.8599853515625,399.94000244140625,402.44000244140625,20203000,0.010691900083003025,399.41292463030135,430.5253021240234,419.81922844780814,0.01465395583432536,0.08285405944648594,MSFT
2024-08-09,399.73785400390625,406.0199890136719,408.04998779296875,402.260009765625,404.0299987792969,19276700,0.0082694566621353,397.6787545340402,428.98845723470055,419.65884772406685,0.014788781929519755,0.06963044170335642,MSFT
2024-08-12,400.5155944824219,406.80999755859375,408.760009765625,404.239990234375,407.05999755859375,16762900,0.001945626291644631,396.23009817940846,427.67115987141926,419.5179185655382,0.014709468338258534,0.056865787698123116,MSFT
2024-08-13,407.6042175292969,414.010009765625,414.95001220703125,409.57000732421875,409.5899963378906,19414300,0.017698744180074888,397.0064697265625,426.269194539388,419.4838144938151,0.014483314116108521,0.045599947590569956,MSFT
2024-08-14,410.41009521484375,416.8599853515625,417.7200012207031,412.45001220703125,414.79998779296875,18267000,0.006883828883211152,400.0599103655134,424.8770741780599,419.3974619547526,0.014512325395591141,0.036528806055894814,MSFT
2024-08-15,415.2626953125,421.0299987792969,421.1099853515625,417.6600036621094,419.79998779296875,20752100,0.01182378346496571,403.1792994907924,423.597807820638,419.37518208821615,0.014725090887079855,0.01660208381836603,MSFT
2024-08-16,412.7377624511719,418.4700012207031,421.3399963378906,417.29998779296875,420.6000061035156,22775600,-0.006080326718074236,406.1039385114397,422.0115447998047,419.3063937717014,0.014354260540552829,0.028269616434241973,MSFT
2024-08-19,415.755859375,421.5299987792969,421.75,416.4599914550781,418.9599914550781,15234000,0.007312383790385901,408.86058262416293,420.56920471191404,419.3041168212891,0.014490114635116187,-0.0019926614975548373,MSFT
2024-08-20,418.9810791015625,424.79998779296875,425.8599853515625,421.6400146484375,421.70001220703125,16387600,0.007757484720506191,411.60961478097096,419.4542500813802,419.28668178982207,0.014464672785229657,-0.018055640937414186,MSFT
2024-08-21,418.33013916015625,424.1400146484375,426.3999938964844,421.7200012207031,424.0799865722656,16067300,-0.0015536261035989929,414.154549734933,418.09739176432294,419.3278581407335,0.014104006355948091,-0.017918721269183036,MSFT
2024-08-22,409.8577575683594,415.54998779296875,426.7900085449219,414.6099853515625,424.3599853515625,19361900,-0.02025285964048895,414.4764840262277,416.837163289388,419.36509195963544,0.013885819836374826,0.0012273813256507005,MSFT
2024-08-23,411.0807800292969,416.7900085449219,419.260009765625,412.0899963378906,416.9800109863281,18493800,0.002984016865249961,414.5722961425781,415.6554443359375,419.40565117730034,0.013926535763668736,-0.01739479350674944,MSFT
2024-08-26,407.8259582519531,413.489990234375,417.2799987792969,411.3399963378906,416.3699951171875,13152800,-0.007917718208844016,413.50990513392856,414.3517751057943,419.4399644639757,0.013941835629975512,0.0029505431940293203,MSFT
2024-08-27,408.1711730957031,413.8399963378906,414.3599853515625,410.25,412.8599853515625,13492900,0.00084647589680098,412.8575352260045,413.205322265625,419.56077440049916,0.01389731510102977,0.008747320457873853,MSFT
2024-08-28,404.9755859375,410.6000061035156,415.0,407.30999755859375,414.8800048828125,14882700,-0.007829036857176286,411.3174961635045,412.1492553710938,419.70231289333765,0.013786212226757867,0.012761713427940968,MSFT
2024-08-29,407.4610595703125,413.1199951171875,422.04998779296875,410.6000061035156,414.94000244140625,17045200,0.006137341901879756,409.6717790876116,411.2794118245443,419.85137634277345,0.013842781962363252,0.007745989195070857,MSFT
2024-08-30,411.426025390625,417.1400146484375,417.489990234375,412.1300048828125,415.6000061035156,24308300,0.00973090735221116,408.6854771205357,410.6487192789713,419.9723168267144,0.013963976280285118,0.004794531928238754,MSFT
2024-09-03,403.83148193359375,409.44000244140625,419.8800048828125,407.0299987792969,417.9100036621094,20313600,-0.018459074021437205,407.82458060128346,409.57355041503905,419.9926035563151,0.014013233866557801,0.022713872777767374,MSFT
2024-09-04,403.2988586425781,408.8999938964844,411.239990234375,404.3699951171875,405.9100036621094,15135800,-0.0013189246377359742,406.71287754603793,408.4179453531901,420.1163855658637,0.013956964005878592,0.017657113570735516,MSFT
2024-09-05,402.7958679199219,408.3900146484375,413.1000061035156,406.1300048828125,407.6199951171875,14195500,-0.0012471910392933827,405.9942932128906,407.7690134684245,420.15508456759983,0.012468718938986207,0.02039713413666311,MSFT
2024-09-06,396.1974792480469,401.70001220703125,410.6499938964844,400.79998779296875,409.05999755859375,19609500,-0.01638147060929329,404.2837655203683,407.2447194417318,420.1649112277561,0.012033971014280187,0.04097592477438461,MSFT
2024-09-09,400.1624450683594,405.7200012207031,408.6499938964844,402.1499938964844,407.239990234375,15295100,0.010007549335845578,403.59617396763394,406.62713521321615,420.3598731146918,0.011763658648872416,0.03218953362369703,MSFT
2024-09-10,408.5262756347656,414.20001220703125,416.3299865722656,407.70001220703125,408.20001220703125,19594300,0.020901088219254182,403.7483476911272,406.2404307047526,420.5865081787109,0.01242680234406761,0.03213417547965358,MSFT
2024-09-11,417.2451171875,423.0400085449219,423.989990234375,409.5799865722656,415.5,19266900,0.021342180595818716,404.5796465192522,406.26938781738284,420.8783525254991,0.012966144351070642,0.0036877514575468506,MSFT
2024-09-12,421.1509094238281,427.0,427.3699951171875,419.75,423.30999755859375,17395700,0.009360905797186181,407.05385044642856,406.5785166422526,421.1172841389974,0.012901097322181703,-0.005316126717203384,MSFT
2024-09-13,424.6917419433594,430.5899963378906,431.8299865722656,425.4599914550781,425.8299865722656,15874600,0.008407514836844099,410.1099766322545,407.04636840820314,421.3204321967231,0.012952932137425998,-0.005666736536776074,MSFT
2024-09-16,425.4314880371094,431.3399963378906,433.5299987792969,428.2200012207031,430.6000061035156,13834700,0.0017418424252022557,413.3436366489955,407.82176411946614,421.5776614718967,0.012276845453609395,-0.011012271476734115,MSFT
2024-09-17,429.1892395019531,435.1499938964844,441.8500061035156,432.2699890136719,440.2300109863281,18874200,0.008832800510798045,418.05674525669644,409.160205078125,421.8635403103299,0.01044413601007948,-0.007353768819852391,MSFT
2024-09-18,424.90869140625,430.80999755859375,436.0299987792969,430.4100036621094,435.0,18898000,-0.009973568071441896,421.59192330496654,410.2095957438151,422.0824205186632,0.010605831221898936,0.003992556994666829,MSFT
2024-09-19,432.6807861328125,438.69000244140625,441.5,436.8999938964844,441.2300109863281,21706600,0.018291211462021284,425.04256766183033,411.55677897135416,422.361232164171,0.010925072879335489,-0.07371948141935114,MSFT
2024-09-20,429.3076171875,435.2699890136719,439.239990234375,434.2200012207031,437.2200012207031,55167100,-0.0077959758173248295,426.76578194754467,412.65172119140624,422.6137030707465,0.011016635248472462,-0.05720583083680797,MSFT
2024-09-23,427.57177734375,433.510009765625,436.4599914550781,430.3900146484375,434.2799987792969,15128900,-0.004043347413963727,427.6830487932478,413.5795186360677,422.8158745659722,0.011031934362555323,-0.0577842376154406,MSFT
2024-09-24,423.2912292480469,429.1700134277344,433.3500061035156,426.1000061035156,433.0,17015800,-0.010011297102665795,427.4829755510603,414.3387064615885,422.89095628526474,0.01125902269361142,-0.041265768192670915,MSFT
2024-09-25,426.1909484863281,432.1099853515625,433.1199951171875,428.57000732421875,429.8299865722656,13396400,0.00685041181560142,427.59146990094865,414.95826416015626,423.0211205376519,0.010902905409715585,-0.02760875519362993,MSFT
2024-09-26,425.4018859863281,431.30999755859375,435.29998779296875,429.1300048828125,435.0899963378906,14492000,-0.0018514295125282576,427.05041939871654,415.45799051920574,423.1510498046875,0.010872005537050361,-0.01363291791876775,MSFT
2024-09-27,422.15692138671875,428.0199890136719,431.8500061035156,427.4700012207031,431.5199890136719,14896100,-0.007627997680559551,426.65730939592635,415.68779805501305,423.18880547417535,0.01079968308857407,-0.012803003895400344,MSFT
2024-09-30,424.40570068359375,430.29998779296875,430.4200134277344,425.3699951171875,428.2099914550781,16807300,0.005326880084041141,425.4751543317522,416.0767293294271,423.2110724555122,0.010756904370057954,-0.028561452041953816,MSFT
2024-10-01,414.9273986816406,420.69000244140625,428.4800109863281,418.80999755859375,428.45001220703125,19092900,-0.02233311660679005,423.42083740234375,416.0491139729818,423.1118353949653,0.011492211588329103,0.005562158230659309,MSFT
2024-10-02,411.4161071777344,417.1300048828125,422.82000732421875,416.7099914550781,422.5799865722656,16582300,-0.008462423824174503,421.1128845214844,415.7969482421875,423.0120900472005,0.011496081873929804,0.019346452411094672,MSFT
2024-10-03,410.8341979980469,416.5400085449219,419.54998779296875,414.2900085449219,417.6300048828125,13686400,-0.0014144054390075045,419.3333086286272,415.5470835367839,422.8713111029731,0.011495688044609978,0.024847619801050547,MSFT
2024-10-04,410.3608093261719,416.05999755859375,419.75,414.9700012207031,418.239990234375,19169700,-0.0011522620905994874,417.07186017717635,415.56385192871096,422.72352193196616,0.01087854392834114,-0.0025478364473432435,MSFT
2024-10-07,403.93011474609375,409.5400085449219,417.1099853515625,409.0,416.0,20919800,-0.015670830239948086,414.0044642857143,415.32549641927085,422.51686028374564,0.011235209393503497,0.015187766196720354,MSFT
2024-10-08,409.0292663574219,414.7099914550781,415.6600036621094,408.1700134277344,410.8999938964844,19229300,0.012623846118859916,412.1290849958147,415.3656066894531,422.52547437879775,0.011393876038407367,0.00742688000384395,MSFT
2024-10-09,411.7415771484375,417.4599914550781,420.3800048828125,414.29998779296875,415.8599853515625,14974300,0.006631092232519009,410.3199244907924,415.4846201578776,422.5591932508681,0.01145466218201617,-0.004718962747262245,MSFT
2024-10-10,410.1437683105469,415.8399963378906,417.3500061035156,413.1499938964844,415.2300109863281,13848400,-0.0038806108650878413,409.6365487234933,415.6568929036458,422.5927714029948,0.011379838853624792,-0.00515476996286568,MSFT
2024-10-11,410.61724853515625,416.32000732421875,417.1300048828125,413.25,416.1400146484375,14144900,0.0011544250118920019,409.52242606026783,415.76209920247396,422.6037150065104,0.011330758594055473,0.0036382470714091397,MSFT
2024-10-14,413.39862060546875,419.1400146484375,424.0400085449219,417.5199890136719,417.7699890136719,16653100,0.006773636714567655,409.8887721470424,415.8278523763021,422.5587059868707,0.011258690376163935,0.0011648983784879885,MSFT
2024-10-15,413.0040588378906,418.739990234375,422.4800109863281,415.260009765625,422.17999267578125,18900200,-0.000954434165746032,410.2663792201451,416.13360493977865,422.5037333170573,0.010696789494458618,0.02413591582906105,MSFT
2024-10-16,410.4199523925781,416.1199951171875,416.3599853515625,410.4800109863281,415.1700134277344,15508900,-0.006256854842016879,411.19349888392856,416.3709747314453,422.42737731933596,0.010768337939724768,0.01854432726697075,MSFT
2024-10-17,411.0117492675781,416.7200012207031,422.5,415.5899963378906,422.3599853515625,14820000,0.0014419300805188495,411.4767107282366,416.64483744303385,422.3136220296224,0.010763281505891502,0.018207855594057465,MSFT
2024-10-18,412.4320373535156,418.1600036621094,419.6499938964844,416.260009765625,417.1400146484375,17145300,0.003455589988530683,411.5753479003906,417.1859893798828,422.16302998860675,0.01027406865502716,0.032721048604347214,MSFT
2024-10-21,413.0434875488281,418.7799987792969,418.9599914550781,413.75,416.1199951171875,14206100,0.0014825477652899988,411.9895935058594,417.6153574625651,421.9275617811415,0.010144592849523387,0.03171861115455932,MSFT
2024-10-22,421.6539306640625,427.510009765625,430.5799865722656,418.0400085449219,418.489990234375,25482200,0.020846335494435042,413.5662623814174,418.0529459635417,421.78207634819876,0.010140913072575898,0.025228859798928305,MSFT
2024-10-23,418.7838134765625,424.6000061035156,431.0799865722656,422.5299987792969,430.8599853515625,19654400,-0.006806807618228161,414.33557564871654,418.10423583984374,421.5938710530599,0.009484865535179698,0.044526488503580985,MSFT
2024-10-24,418.9120178222656,424.7300109863281,425.9800109863281,422.3999938964844,425.3299865722656,13581600,0.0003061349115640599,415.17956978934154,418.02960611979165,421.3436428493924,0.009324904216851998,0.046447965816630576,MSFT
2024-10-25,422.2851257324219,428.1499938964844,432.5199890136719,426.57000732421875,426.760009765625,16899100,0.008052067657766226,416.87459455217635,417.9493855794271,421.1531002468533,0.009313894278968558,0.04382292127900267,MSFT
2024-10-28,420.74652099609375,426.5899963378906,431.94000244140625,426.29998779296875,431.6600036621094,14882400,-0.0036435210301559717,418.26527622767856,417.7932200113932,420.9524627685547,0.009328111246130864,0.04132161390617939,MSFT
2024-10-29,426.0330810546875,431.95001220703125,433.1700134277344,425.79998779296875,428.0,17644100,0.012564714845598957,420.2082824707031,417.6880147298177,420.7659335666233,0.009478153179472192,0.04152976608158654,MSFT
2024-10-30,426.60516357421875,432.5299987792969,438.5,432.1000061035156,437.44000244140625,29749100,0.0013428124363370486,422.14566476004467,417.74456380208335,420.60884162055123,0.009299377226567438,0.041453543379861735,MSFT
2024-10-31,400.7837829589844,406.3500061035156,416.1600036621094,406.29998779296875,415.3599853515625,53971000,-0.06052758573969319,419.1642150878906,416.68133036295575,420.12896558973523,0.013967128195449964,0.10290451837574421,MSFT
2024-11-01,404.74871826171875,410.3699951171875,415.5,407.5,409.010009765625,24230400,0.009892953436043017,417.1592014857701,415.862700398763,419.6799079047309,0.014106459064974857,0.10264871551314259,MSFT
2024-11-04,402.8648681640625,408.4599914550781,410.4200134277344,405.57000732421875,409.79998779296875,19672300,-0.0046543695202960755,414.8667515345982,415.0391367594401,419.2023708767361,0.014110156227614756,0.11484518383198461,MSFT
2024-11-05,405.82379150390625,411.4599914550781,414.8999938964844,408.0799865722656,408.3699951171875,17626000,0.0073447043256171796,412.51513235909596,414.45688883463544,418.8222517225477,0.014121216103558232,0.06514729921731277,MSFT
2024-11-06,414.4243469238281,420.17999267578125,420.45001220703125,410.5199890136719,412.4200134277344,26681800,0.021192831962980385,411.6119646344866,414.0646687825521,418.43070916069877,0.014640090407603229,0.042183802082746524,MSFT
2024-11-07,419.6024169921875,425.42999267578125,426.8500061035156,419.8800048828125,421.2799987792969,19901800,0.01249460874293451,410.69329833984375,413.87135314941406,418.0688059488932,0.01483842295546195,0.028310054480399804,MSFT
2024-11-08,416.7520446777344,422.5400085449219,426.5,421.7799987792969,425.32000732421875,16891400,-0.006793031210080458,409.2857099260603,413.6911905924479,417.65893215603296,0.014825075342503925,0.03214175376612882,MSFT
2024-11-11,412.2840576171875,418.010009765625,424.80999755859375,416.0,422.5199890136719,24503300,-0.010720972140645157,410.92860630580356,413.2871358235677,417.12513665093314,0.0149035828430197,0.05310730256221374,MSFT
2024-11-12,417.23529052734375,423.0299987792969,424.44000244140625,417.20001220703125,418.25,19401200,0.012009275689125909,412.71240234375,413.3640655517578,416.66079474555124,0.01451075878581176,0.03772061750299849,MSFT
2024-11-13,419.37554931640625,425.20001220703125,429.3299865722656,418.2099914550781,421.6400146484375,21502200,0.005129620714387384,415.0710710797991,413.62938028971354,416.2935262044271,0.014440109723191576,0.014562041400083103,MSFT
2024-11-14,421.0424499511719,426.8900146484375,428.1700134277344,420.0,425.0,30246900,0.0039747205994309365,417.2451651436942,413.9696553548177,415.87137688530817,0.014445876833763987,-0.002833717204793418,MSFT
2024-11-15,409.3152770996094,415.0,422.79998779296875,413.6400146484375,419.82000732421875,28247600,-0.02785270903901138,416.51529802594865,413.93480428059894,415.44527316623265,0.015370955214465947,0.01769565768145287,MSFT
2024-11-18,410.0649108886719,415.760009765625,418.3999938964844,412.1000061035156,414.8699951171875,24727000,0.0018314336918336949,415.15279715401783,414.13929748535156,415.04007941351995,0.015083879226507118,0.008797941386798458,MSFT
2024-11-19,412.06707763671875,417.7900085449219,417.94000244140625,411.54998779296875,413.1099853515625,18133500,0.004882560528546298,414.48351614815846,414.2405578613281,414.65264655219187,0.014936859443596458,0.015336437818632698,MSFT
2024-11-20,409.798583984375,415.489990234375,417.2900085449219,410.5799865722656,416.8699951171875,19191700,-0.005505156260854349,414.1284484863281,414.17579142252606,414.2885779486762,0.014925420186873895,0.03180921160416683,MSFT
2024-11-21,408.0295715332031,412.8699951171875,419.7799987792969,410.2900085449219,419.5,20780200,-0.004316785172784554,412.8133457728795,414.1053181966146,413.9704888237847,0.014929494799553501,0.02300970814968961,MSFT
2024-11-22,412.1111755371094,417.0,417.3999938964844,411.05999755859375,411.3699951171875,24814600,0.010003206357248384,411.7755780901228,414.1551157633464,413.73220893012154,0.015041348633140956,0.018129437971205586,MSFT
2024-11-25,413.88018798828125,418.7900085449219,421.0799865722656,414.8500061035156,418.3800048828125,27691100,0.004292561221777902,410.7523978097098,414.1711680094401,413.5492465549045,0.015010935922084936,0.00038202256801445067,MSFT
2024-11-26,422.9722900390625,427.989990234375,429.0400085449219,418.8500061035156,419.5899963378906,23458900,0.02196795670499374,412.7033996582031,414.5034423828125,413.4035325792101,0.015527277261288493,-0.02523420709272095,MSFT
2024-11-27,418.0309143066406,422.989990234375,427.2300109863281,422.0199890136719,425.1099853515625,18332400,-0.011682504619783818,413.8414001464844,414.75714111328125,413.18202039930554,0.015644837471977414,-0.017305253300162637,MSFT
2024-11-29,418.4953918457031,423.4599914550781,424.8800048828125,417.79998779296875,420.0899963378906,16271900,0.0011111081098700293,414.75973074776783,415.0065958658854,413.14014892578126,0.015644437499465032,0.006730275674115882,MSFT
2024-12-02,425.92724609375,430.9800109863281,433.0,421.30999755859375,421.57000732421875,20207200,0.017758509156504454,417.06382533482144,415.45643615722656,413.29571499294707,0.015945642244255057,-0.014849910982358105,MSFT
2024-12-03,426.1446533203125,431.20001220703125,432.4700012207031,427.739990234375,429.8399963378906,18302000,0.0005104327759173355,419.65169416155135,415.8931416829427,413.3785447862413,0.01594603440503205,-0.0050324737172430245,MSFT
2024-12-04,432.2917785644531,437.4200134277344,439.6700134277344,432.6300048828125,433.0299987792969,26009400,0.014424973295441346,422.5346374511719,416.24773661295575,413.5137044270833,0.015714177035097424,-0.020392313998600975,MSFT
2024-12-05,437.4307861328125,442.6199951171875,444.6600036621094,436.1700134277344,437.9200134277344,21697800,0.011887821659308129,425.89900861467635,416.8693023681641,413.7476420084635,0.01576644112245806,0.008088263405510832,MSFT
2024-12-06,438.36962890625,443.57000732421875,446.1000061035156,441.7699890136719,442.29998779296875,18821000,0.0021462658852557936,428.09862845284596,417.51788940429685,414.042004055447,0.01576491005285798,0.0070789117836087545,MSFT
2024-12-09,440.7908935546875,446.0199890136719,448.3299865722656,440.5,442.6000061035156,19144400,0.005523340324644854,431.3500540597098,418.13474833170574,414.3768341064453,0.015736163175836357,-0.004394331256599715,MSFT
2024-12-10,438.1324462890625,443.3299865722656,449.6199951171875,441.6000061035156,444.3900146484375,18469500,-0.006031084817080479,434.1553475516183,418.7142791748047,414.77642110188805,0.015769353270314795,-0.019782019909277304,MSFT
2024-12-11,443.72613525390625,448.989990234375,450.3500061035156,444.04998779296875,444.04998779296875,19200200,0.012767118738230332,436.6980460030692,419.304047648112,415.38408915201825,0.01577430475414759,-0.003986721336933674,MSFT
2024-12-12,444.2894592285156,449.55999755859375,456.1600036621094,449.1099853515625,449.1099853515625,20834800,0.0012695307529879685,439.2901611328125,419.8935241699219,415.94922790527346,0.01577433242945601,-0.016082520170207393,MSFT
2024-12-13,442.0262451171875,447.2699890136719,451.42999267578125,445.5799865722656,448.44000244140625,20177800,-0.005094008116370952,440.68079921177457,421.2682729085287,416.5021274142795,0.010687018560421011,-0.07217116776518817,MSFT
2024-12-16,446.295654296875,451.5899963378906,452.17999267578125,445.2799987792969,447.2699890136719,23598800,0.009658723270052905,441.9472089494978,422.6531707763672,417.05586412217883,0.010682139537447845,-0.08089199448367013,MSFT
2024-12-17,449.1319580078125,454.4599914550781,455.2900085449219,449.57000732421875,451.010009765625,22733500,0.006355212477715089,443.4846845354353,424.1954071044922,417.6046875,0.010587512987367313,-0.09580594239811002,MSFT
2024-12-18,432.2621154785156,437.3900146484375,452.6499938964844,437.0199890136719,451.32000732421875,24444500,-0.037560993441939416,442.2662876674107,425.0766845703125,417.95742662217884,0.012960629393539749,-0.057203058520449046,MSFT
2024-12-19,431.9063415527344,437.0299987792969,443.17999267578125,436.32000732421875,441.6199951171875,22963700,-0.0008230513686988683,441.37684413364957,425.6594177246094,418.22745022243924,0.012461081062601173,-0.054321198057728504,MSFT
2024-12-20,431.48138427734375,436.6000061035156,443.739990234375,428.6300048828125,433.1099853515625,64263700,-0.0009839107105092948,439.6275939941406,426.0553833007813,418.461575656467,0.01229110864291183,-0.04759518889250858,MSFT
2024-12-23,430.1471862792969,435.25,437.6499938964844,432.8299865722656,436.739990234375,19152500,-0.0030921333959318398,437.6072692871094,426.50188802083335,418.6269588894314,0.012228559395114256,-0.0585869676495947,MSFT
2024-12-24,434.1793518066406,439.3299865722656,439.6000061035156,434.19000244140625,434.6499938964844,7164500,0.009373920499681443,436.4862845284598,427.2317311604818,418.8651987711589,0.012106891404202711,-0.061707621934311785,MSFT
2024-12-26,432.9736633300781,438.1099853515625,440.94000244140625,436.6300048828125,439.0799865722656,8194200,-0.0027769364700223065,434.58314296177457,427.7563435872396,419.0565077039931,0.011977127533580585,-0.06087513526699673,MSFT
2024-12-27,425.4825134277344,430.5299987792969,435.2200012207031,426.3500061035156,434.6000061035156,18117700,-0.017301629491105697,431.20465087890625,427.9599090576172,419.12874586317275,0.012422036114221284,-0.049915110307827026,MSFT
2024-12-30,419.8493347167969,424.8299865722656,427.54998779296875,421.8999938964844,426.05999755859375,13158700,-0.013239506990677441,429.431396484375,427.9201385498047,419.1456258138021,0.012654149297683546,-0.0336369880174795,MSFT
2024-12-31,416.5583801269531,421.5,426.7300109863281,420.6600036621094,426.1000061035156,13246500,-0.007838418017414805,427.23883056640625,428.1615753173828,419.22007717556426,0.011621433515832218,-0.031008327237388666,MSFT
2025-01-02,413.6726379394531,418.5799865722656,426.07000732421875,414.8500061035156,425.5299987792969,16896500,-0.006927581643227376,424.6947239467076,428.2818328857422,419.2488755967882,0.011700502849127327,-0.021357889669850527,MSFT
2025-01-03,418.38671875,423.3500061035156,424.0299987792969,419.5400085449219,421.0799865722656,16662900,0.01139567952579168,423.014657156808,428.49248758951825,419.36621738009984,0.011846849505767764,-0.020266970179353305,MSFT
2025-01-06,422.8339538574219,427.8500061035156,434.32000732421875,425.4800109863281,428.0,20573600,0.010629484417451707,421.39388602120533,428.9269999186198,419.5291371663412,0.0119272361183353,-0.025442456718932416,MSFT
2025-01-07,417.418212890625,422.3699951171875,430.6499938964844,420.79998779296875,429.0,18139100,-0.01280819791644039,419.1716788155692,429.2399546305339,419.66738857693144,0.012159051389281516,-0.03158723961760379,MSFT
2025-01-08,419.58251953125,424.55999755859375,426.9700012207031,421.5400085449219,423.4599914550781,15054600,0.005184983725643244,418.32882254464283,429.48899943033854,419.8020714653863,0.012065171904562527,-0.04651855278393591,MSFT
2025-01-10,414.0382995605469,418.95001220703125,424.7099914550781,415.0199890136719,424.6300048828125,20201100,-0.013213658130698636,417.49867466517856,429.4942698160807,419.83109673394097,0.012304887615624335,-0.048340310573871226,MSFT
2025-01-13,412.2989196777344,417.19000244140625,418.5,412.2900085449219,415.239990234375,17604800,-0.004201012043230423,416.8901803152902,429.13849080403645,419.92517937554254,0.011608036404089158,-0.03993016837412833,MSFT
2025-01-14,410.7967834472656,415.6700134277344,419.739990234375,410.7200012207031,417.80999755859375,16935900,-0.003643318376004623,416.4793439592634,428.89735310872396,420.00848965115017,0.011439380875082797,-0.05377576640171089,MSFT
2025-01-15,421.3119812011719,426.30999755859375,428.1499938964844,418.2699890136719,419.1300048828125,19637800,0.02559707908534814,416.8972385951451,428.9912394205729,420.21422424316404,0.012393378140312682,-0.06690902811485033,MSFT
2025-01-16,419.6022644042969,424.5799865722656,429.489990234375,424.3900146484375,428.70001220703125,15300000,-0.004058077797836512,416.4355686732701,428.78040669759116,420.47427741156685,0.011966231969923176,-0.083166933669791,MSFT
2025-01-17,424.0000915527344,429.0299987792969,434.4800109863281,428.1700134277344,434.0899963378906,26197500,0.01048094236259911,417.37583705357144,428.70892130533855,420.73914015028214,0.012130554794628136,-0.09239633832326821,MSFT
2025-01-21,423.4763488769531,428.5,430.8999938964844,425.6000061035156,430.20001220703125,26085700,-0.001235241893140282,417.9320983886719,428.4150736490885,420.90525207519534,0.011817003582905751,-0.062254291850674104,MSFT
2025-01-22,440.9688415527344,446.20001220703125,447.2699890136719,436.0,437.55999755859375,27803800,0.04130689405009469,421.7793186732701,428.5330088297526,421.1688490125868,0.013923552362811559,-0.10872748832204926,MSFT
2025-01-23,441.4728088378906,446.7099914550781,446.75,441.5,442.0,18389300,0.0011428637075165948,425.94701712472096,428.6364481608073,421.39464789496526,0.013920323287188148,-0.11777510595228968,MSFT
2025-01-24,438.8539123535156,444.05999755859375,446.6499938964844,441.3999938964844,445.1600036621094,15549500,-0.005932180718601576,429.9551783970424,428.57188212076824,421.55200534396704,0.013930026619897779,-0.14218290008633294,MSFT
2025-01-27,429.4653015136719,434.55999755859375,435.20001220703125,423.5,424.010009765625,35647800,-0.021393476452092886,431.1199384416853,428.28297729492186,421.5968254937066,0.014430722209214614,-0.1227612091167315,MSFT
2025-01-28,441.9571228027344,447.20001220703125,448.3800048828125,431.3800048828125,434.6000061035156,23491700,0.02908691632370397,434.31348964146207,428.22401021321616,421.7386908637153,0.01523579192536203,-0.1412377984306229,MSFT
2025-01-29,437.1441650390625,442.3299865722656,446.8800048828125,440.3999938964844,446.69000244140625,23581400,-0.010890101132774666,436.1912144252232,427.9858337402344,421.8746405707465,0.015361489743115714,-0.1419765936859918,MSFT
2025-01-30,410.12469482421875,414.989990234375,422.8599853515625,413.1600036621094,418.7699890136719,54586300,-0.06180906066178271,434.2838352748326,426.9224487304688,421.6240173339844,0.0190118630652481,-0.061810782168806755,MSFT
2025-01-31,410.19390869140625,415.05999755859375,420.69000244140625,414.9100036621094,418.9800109863281,34161900,0.00016876298369972176,429.88741629464283,425.71905721028645,421.4116427951389,0.018884250516333495,-0.06163117166176857,MSFT
2025-02-03,406.1024475097656,410.9200134277344,415.4100036621094,408.6600036621094,411.6000061035156,25679100,-0.009974456214362437,424.83450753348217,424.2847401936849,421.1730946858724,0.018851539660044412,-0.06480816913294452,MSFT
2025-02-04,407.535400390625,412.3699951171875,413.9200134277344,409.739990234375,412.69000244140625,20532100,0.00352855022087728,420.36043439592635,423.46051635742185,420.9980299207899,0.017726400092722406,-0.057648051687419266,MSFT
2025-02-05,408.4446716308594,413.2900085449219,413.8299865722656,410.3999938964844,412.3500061035156,16316700,0.0022311466423845516,417.3574872698103,422.6784606933594,420.80084906684027,0.017741017530171627,-0.06212188287208942,MSFT
2025-02-06,410.9449462890625,415.82000732421875,418.20001220703125,414.0,414.0,16309800,0.00612145250474172,412.9271763392857,421.99391276041666,420.64021640353735,0.017798331618993826,-0.05717718102185054,MSFT
2025-02-07,404.9461669921875,409.75,418.6499938964844,408.1000061035156,416.4800109863281,22886800,-0.014597525413186152,408.3274623325893,421.1538787841797,420.44898579915366,0.017957743774168308,-0.03875983889399848,MSFT
2025-02-10,407.3871765136719,412.2200012207031,415.4599914550781,410.9200134277344,413.7099914550781,20817900,0.006027985249534407,407.93638828822543,420.26080627441405,420.25989108615454,0.0178958952246559,-0.039463452027276746,MSFT
2025-02-11,406.6163330078125,411.44000244140625,412.489990234375,409.29998779296875,409.6400146484375,18140600,-0.0018921643839064917,407.42530604771207,419.3822285970052,420.1675459120009,0.017895239351395083,-0.050282107390541175,MSFT
2025-02-12,404.2445068359375,409.0400085449219,410.75,404.3699951171875,407.2099914550781,19121700,-0.005833081407060514,407.1598859514509,418.67429504394534,420.08786146375866,0.017676818861744797,-0.043215516140224675,MSFT
2025-02-13,405.72686767578125,410.5400085449219,411.0,406.3599853515625,407.0,23891700,0.003666990682066107,406.90152413504467,418.20354614257815,420.03111334906686,0.01756050390540895,-0.07546263374907802,MSFT
2025-02-14,403.6416015625,408.42999267578125,408.9100036621094,405.8800048828125,407.7900085449219,22758500,-0.005139581032004958,406.21537126813615,417.7729868570963,419.956455485026,0.017531094579092375,-0.07905211405442159,MSFT
2025-02-18,404.83746337890625,409.6400146484375,410.6000061035156,406.5,408.0,21423100,0.0029626822700561384,405.3428737095424,417.4784810384115,419.96653713650176,0.017506799838041893,-0.0651393509614333,MSFT
2025-02-19,409.90728759765625,414.7699890136719,415.489990234375,407.6499938964844,407.8800048828125,24114200,0.012523110327872233,406.0516052246094,417.1958333333333,419.9762929280599,0.017534558989964737,-0.07682267257163988,MSFT
2025-02-20,412.0760192871094,416.1300048828125,419.30999755859375,412.5400085449219,415.2900085449219,23508700,0.00529078588029841,406.72143990652904,416.8372355143229,419.9800089518229,0.01744423390130135,-0.10338129411688901,MSFT
2025-02-21,404.2331237792969,408.2099914550781,418.04998779296875,407.8900146484375,417.3399963378906,27524800,-0.019032642378415288,406.3809814453125,416.3977325439453,419.9143351236979,0.01762912849646316,-0.1184929447283769,MSFT
2025-02-24,400.06414794921875,404.0,409.3699951171875,399.32000732421875,408.510009765625,26443700,-0.010313295929589184,405.7837873186384,415.7471201578776,419.7970784505208,0.01767116653979187,-0.11420798758011674,MSFT
2025-02-25,394.0235595703125,397.8999938964844,401.9200134277344,396.70001220703125,401.1000061035156,29387400,-0.015099049514611829,404.1118861607143,415.0799621582031,419.5817999945747,0.01771779553612234,-0.1089217994318803,MSFT
2025-02-26,395.83575439453125,399.7300109863281,403.6000061035156,394.25,398.010009765625,19619000,0.004599204235896437,402.99676513671875,414.53118998209635,419.3910410563151,0.01774431189382257,-0.023115632670626662,MSFT
2025-02-27,388.70587158203125,392.5299987792969,405.739990234375,392.1700134277344,401.2699890136719,21127400,-0.01801222535696867,400.6922520228795,413.7948262532552,419.1497734917535,0.018004456459002362,-0.02848188372970517,MSFT
2025-02-28,393.1224060058594,396.989990234375,397.6300048828125,386.57000732421875,392.6600036621094,32845700,0.011362150012946381,398.2944117954799,412.8551737467448,418.9510030110677,0.01743943651767497,-0.0215117644341819,MSFT
2025-03-03,384.7052307128906,388.489990234375,398.82000732421875,386.1600036621094,398.82000732421875,23007700,-0.02141108002082004,394.3842991420201,411.6919392903646,418.6429273817274,0.01778894502398931,-0.0017502747298294707,MSFT
2025-03-04,384.82403564453125,388.6099853515625,392.5799865722656,381.0,383.3999938964844,29342900,0.0003088206817996042,391.611572265625,410.3860707600912,418.32937791612414,0.017624527427678328,-0.007410914935660928,MSFT
2025-03-05,397.1131286621094,401.0199890136719,401.6700134277344,388.80999755859375,389.3399963378906,23433100,0.0319343177122382,391.1899980817522,409.5072967529297,418.05670233832467,0.018748480017341952,-0.0733379785735414,MSFT
2025-03-06,393.0234069824219,396.8900146484375,402.1499938964844,392.67999267578125,394.2799987792969,23304600,-0.010298631257712243,391.047119140625,407.90911560058595,417.77047559950086,0.016919156315180584,-0.07334529064553719,MSFT
2025-03-07,389.4783020019531,393.30999755859375,394.79998779296875,385.5400085449219,392.32000732421875,22034100,-0.009020086125881344,390.13891165597096,406.17596537272135,417.44343431260853,0.016920816069570018,-0.08692893396043466,MSFT
2025-03-10,376.4563903808594,380.1600036621094,386.3999938964844,377.2200012207031,385.8399963378906,32840100,-0.03343424153325092,388.3889857700893,404.09604797363284,416.9342261420356,0.017752127868924664,-0.03509044423257557,MSFT
2025-03-11,376.7436218261719,380.45001220703125,386.0,376.9100036621094,379.0,30380200,0.0007629873011902877,386.04915945870533,402.3386586507161,416.44530504014756,0.017503349824982355,-0.015928460887629003,MSFT
2025-03-12,379.53607177734375,383.2699890136719,385.2200012207031,378.95001220703125,382.95001220703125,24253600,0.007412069612847461,385.31070818219865,400.25795694986977,415.92867160373265,0.016500313196345283,0.01051481919792141,MSFT
2025-03-13,375.0799255371094,378.7699890136719,385.32000732421875,377.45001220703125,383.1600036621094,20473000,-0.011741034835942021,383.918692452567,398.18914896647135,415.35616895887586,0.016511642151756215,0.03453284167380022,MSFT
2025-03-14,384.7745666503906,388.55999755859375,390.2300109863281,379.510009765625,379.7799987792969,19952800,0.025846867436050136,382.15604073660717,397.3441446940104,415.17828877766925,0.013603982021643035,0.006691468861010685,MSFT
2025-03-17,384.9131774902344,388.70001220703125,392.7099914550781,385.57000732421875,386.70001220703125,22474300,0.0003602390902559538,380.9974365234375,396.50145365397134,414.95789388020836,0.013605096498010392,0.01373814848128907,MSFT
2025-03-18,379.78369140625,383.5199890136719,387.3699951171875,381.1000061035156,387.07000732421875,19486900,-0.013326345742253776,379.6124921526228,395.62416178385416,414.70143636067706,0.013686122351381193,0.030611136324773636,MSFT
2025-03-19,384.0417785644531,387.82000732421875,389.67999267578125,384.0,385.5299987792969,19185500,0.011211874692239832,380.6961190359933,394.8410410563151,414.45941399468313,0.013866564442618957,0.09690056984582585,MSFT
2025-03-20,383.0713195800781,386.8399963378906,391.7900085449219,383.2799987792969,385.739990234375,18470500,-0.002526962009192224,381.6000758579799,393.9952626546224,414.11104702419703,0.013845064296409778,0.1252197872277201,MSFT
2025-03-21,387.4482727050781,391.260009765625,391.739990234375,382.79998779296875,383.2200012207031,39675900,0.011425948384227835,382.7303902762277,393.2120402018229,413.75377875434026,0.013986081072581553,0.11478291622377457,MSFT
2025-03-24,389.2505187988281,393.0799865722656,395.3999938964844,389.80999755859375,395.3999938964844,21004500,0.0046515785995562275,384.7547607421875,392.68885192871096,413.44820624457464,0.013822448087253539,0.1023455892965881,MSFT
2025-03-25,391.3102722167969,395.1600036621094,396.3599853515625,392.6400146484375,393.9200134277344,15775000,0.0052915881122646,385.6884329659598,392.1529551188151,413.2151641845703,0.013809772846558157,0.09664436334539683,MSFT
2025-03-26,386.1708068847656,389.9700012207031,395.30999755859375,388.57000732421875,395.0,16108400,-0.013133990331804624,385.8680943080357,391.4714375813802,412.87000325520836,0.013979310159960068,0.12359937079408212,MSFT
2025-03-27,386.7748718261719,390.5799865722656,392.239990234375,387.3999938964844,390.1300048828125,13766800,0.0015642428962439059,386.86683436802457,390.889116414388,412.50777350531683,0.013967736659666916,0.12327819534396789,MSFT
2025-03-28,375.1096496582031,378.79998779296875,389.1300048828125,376.92999267578125,388.0799865722656,21632000,-0.03016023795157885,385.59081595284596,389.86854248046876,411.9974090576172,0.01488196573935734,0.18600851817986497,MSFT
2025-03-31,371.7328796386719,375.3900146484375,377.07000732421875,367.239990234375,372.5400085449219,35184700,-0.009002087849801055,383.9710388183594,388.80491841634114,411.5798268636068,0.01492220099350099,0.1964623756962003,MSFT
2025-04-01,378.46661376953125,382.19000244140625,382.8500061035156,373.2300109863281,374.6499938964844,19689500,0.018114443192123852,382.6879446847098,387.92589009602864,411.2287346733941,0.015367897778898037,0.18511733249774176,MSFT
2025-04-02,378.4171142578125,382.1400146484375,385.0799865722656,376.6199951171875,377.9700012207031,16092600,-0.00013078963881574257,381.1403154645647,386.8762176513672,410.85484619140624,0.015123608820933505,0.18794647278235788,MSFT
2025-04-03,369.4750671386719,373.1099853515625,377.4800109863281,369.3500061035156,374.7900085449219,30198000,-0.023630134003528425,378.02100045340404,385.45618591308596,410.4068071153429,0.01552304791264097,0.21975823986849208,MSFT
2025-04-04,356.3343505859375,359.8399963378906,374.5899963378906,359.4800109863281,364.1300048828125,49209900,-0.035565908829789494,373.75864955357144,383.85956013997395,409.83241577148436,0.016363714357489595,0.277546760275716,MSFT
2025-04-07,354.3736267089844,357.8599853515625,371.0,344.7900085449219,350.8800048828125,50425000,-0.005502483478589726,369.12990025111606,382.3365427652995,409.1908874511719,0.016323898395097704,0.28265565747497323,MSFT
2025-04-08,351.1058044433594,354.55999755859375,373.6499938964844,350.25,368.260009765625,35868900,-0.009221403680552576,365.7007795061384,380.90595092773435,408.4933943006727,0.016219853248749288,0.2787703818371696,MSFT
2025-04-09,386.6857604980469,390.489990234375,393.2300109863281,353.1000061035156,353.5400085449219,50199700,0.10133684947503419,367.836905343192,380.6009511311849,408.0902106391059,0.025108797169169736,0.16698267899905295,MSFT
2025-04-10,377.6347961425781,381.3500061035156,383.8999938964844,367.79998779296875,382.05999755859375,38024400,-0.023406510609056852,367.7180742536272,380.23191528320314,407.64136488172744,0.025257519954642788,0.1826576244044429,MSFT
2025-04-11,384.6656494140625,388.45001220703125,390.04998779296875,378.8900146484375,380.6400146484375,23839200,0.01861812879348612,368.61072213309154,379.9500233968099,407.2654788547092,0.025410931799013423,0.18814699949003244,MSFT
2025-04-14,384.0318908691406,387.80999755859375,394.6499938964844,384.2099914550781,393.2200012207031,19251200,-0.0016475569000955481,370.69026838030135,379.9275787353516,406.79997490776907,0.025102345391501357,0.1815053881700326,MSFT
2025-04-15,381.9721374511719,385.7300109863281,391.8900146484375,384.1600036621094,388.510009765625,17199900,-0.005363495758925474,374.3528093610491,379.8325154622396,406.30916917588974,0.025123135026147964,0.19130492376320696,MSFT
2025-04-16,367.9896545410156,371.6099853515625,381.6099853515625,368.0,380.6700134277344,21967800,-0.036606028396360846,376.29795619419644,378.8617329915365,405.5947011311849,0.025239595681330742,0.2411000403457042,MSFT
2025-04-17,364.1969909667969,367.7799987792969,374.32000732421875,366.8900146484375,373.75,21120200,-0.010306440758366509,378.16812569754467,377.9008524576823,404.78099229600696,0.02523968173084352,0.25841027242568226,MSFT
2025-04-21,355.6213684082031,359.1199951171875,364.4800109863281,355.6700134277344,362.82000732421875,20807300,-0.023546659558688066,373.7303553989955,376.7722880045573,403.861567179362,0.02551216305410232,0.2915458429978681,MSFT
2025-04-22,363.2463684082031,366.82000732421875,367.7699890136719,359.8599853515625,363.3800048828125,19485000,0.021441343736261498,371.67486572265625,376.3319539388021,402.999961344401,0.025199531127439324,0.2668926460260759,MSFT
2025-04-23,370.74267578125,374.3900146484375,380.3900146484375,373.0199890136719,376.05999755859375,20545500,0.02063697816415,369.6858694893973,376.1319224039714,402.2511861165365,0.02550395043621851,0.2514716224954925,MSFT
2025-04-24,383.5268249511719,387.29998779296875,388.45001220703125,375.19000244140625,375.70001220703125,22232300,0.0344825400609261,369.6137172154018,376.26494750976565,401.5823048909505,0.026251591758229702,0.2167403347404917,MSFT
2025-04-25,388.0325012207031,391.8500061035156,392.1600036621094,384.6000061035156,387.0,18973200,0.011748008161110768,370.479483468192,376.6967000325521,400.9572275797526,0.026218861497385927,0.20867147267776942,MSFT
2025-04-28,387.3492736816406,391.1600036621094,392.739990234375,386.6400146484375,391.9599914550781,16579400,-0.0017607482283394926,373.2451433454241,376.7825236002604,400.3497056749132,0.025814598042259586,0.20611643216501263,MSFT
2025-04-29,390.201171875,394.0400085449219,395.1000061035156,390.3800048828125,391.29998779296875,14974000,0.00736260111256426,376.9600263323103,376.9587900797526,399.7264336480035,0.02584460440388405,0.20162329252238687,MSFT
2025-04-30,391.4093017578125,395.260009765625,396.6600036621094,384.44000244140625,390.29998779296875,36461100,0.0030961718464534993,382.0725882393973,377.3463104248047,399.08507080078124,0.025709339794265346,0.21375581839587698,MSFT
2025-05-01,421.2556457519531,425.3999938964844,436.989990234375,424.8999938964844,431.1099853515625,58938100,0.07625353781859867,390.359627859933,378.58677266438804,398.96277669270836,0.029092519698232497,0.11855186705308474,MSFT
2025-05-02,431.0394287109375,435.2799987792969,439.44000244140625,429.989990234375,431.739990234375,30757400,0.023225286254668687,398.97344970703125,380.1857096354167,398.95314432779946,0.029288317067520327,0.10278350077525955,MSFT
2025-05-05,431.92071533203125,436.1700134277344,439.5,432.1099853515625,432.8699951171875,20136100,0.002044561500393005,405.8868626185826,381.6681243896484,398.9580257839627,0.029260144238422013,0.09800682221335721,MSFT
2025-05-06,429.0885925292969,433.30999755859375,437.7300109863281,431.1700134277344,432.20001220703125,15104200,-0.006557043230856041,411.7520185198103,382.9960601806641,398.9462636311849,0.02932341897984907,0.11034051367762232,MSFT
2025-05-07,429.1282043457031,433.3500061035156,438.1199951171875,431.1099853515625,433.8399963378906,23295300,9.231617222149602e-05,417.7204371861049,384.25665791829425,398.8901397705078,0.0293287818602314,0.10367237241258564,MSFT
2025-05-08,433.9012756347656,438.1700134277344,443.6700134277344,435.6600036621094,437.92999267578125,23491300,0.0111227163368115,423.9633091517857,385.84767354329426,398.90044657389325,0.02918891933820817,0.11119471360297184,MSFT
2025-05-09,434.4557800292969,438.7300109863281,440.739990234375,435.8800048828125,440.0,15324200,0.0012779505976792116,430.11280604771207,387.4370371500651,399.0001495361328,0.029189888379164513,0.11916153182787581,MSFT
2025-05-12,444.88323974609375,449.260009765625,449.3699951171875,439.7799987792969,445.94000244140625,22821900,0.024001199192455802,433.48817661830356,389.7628234863281,399.27830403645834,0.028656278026319516,0.09774677262223852,MSFT
2025-05-13,444.764404296875,449.1400146484375,450.6700134277344,445.3599853515625,447.7799987792969,23618800,-0.00026711603989970634,435.44888741629467,392.19720764160155,399.591704305013,0.02854182549894482,0.10959431976308553,MSFT
2025-05-14,448.52734375,452.94000244140625,453.8999938964844,448.1400146484375,448.1400146484375,19902800,0.008460522957258299,437.8212629045759,394.5325653076172,399.9789788140191,0.028459242464283857,0.0969454753185337,MSFT
2025-05-15,449.5392761230469,453.1300048828125,456.19000244140625,450.42999267578125,450.7699890136719,21992300,0.002256121922437071,440.7427891322545,396.90330403645834,400.32511834038627,0.02844468159963144,0.09772035618878738,MSFT
2025-05-16,450.6702575683594,454.2699890136719,454.3599853515625,448.7300109863281,452.04998779296875,23849800,0.0025158679238583836,443.82022530691967,399.6098103841146,400.63441060384116,0.02789648421860794,0.08316632879778463,MSFT
2025-05-19,455.2337951660156,458.8699951171875,459.5899963378906,450.79998779296875,450.8800048828125,21336500,0.010126112209577265,446.8677280970982,402.9064585367839,401.05458374023436,0.026714229030574025,0.07021592198108739,MSFT
2025-05-20,454.5393371582031,458.1700134277344,458.3399963378906,454.32000732421875,455.5899963378906,15441800,-0.001525497481045357,449.736807686942,406.2453155517578,401.4429928249783,0.026651986170250167,0.08876617266486031,MSFT
2025-05-21,448.98370361328125,452.57000732421875,457.7799987792969,451.80999755859375,454.57000732421875,19216900,-0.012222558293097152,450.3225882393973,409.50791219075523,401.8312750922309,0.026726957281146272,0.0997636127272572,MSFT
2025-05-22,451.2555847167969,454.8599853515625,460.25,453.8999938964844,454.95001220703125,18025600,0.005060052481264288,451.2498997279576,411.6602396647135,402.26412692599826,0.020181829623797217,0.0918083853895344,MSFT
2025-05-23,446.6126708984375,450.17999267578125,453.69000244140625,448.9100036621094,449.9800109863281,16883500,-0.010288878355429576,450.9763750348772,413.9595021565755,402.66208123101126,0.019672915717214755,0.1184637452438071,MSFT
2025-05-27,457.0393371582031,460.69000244140625,460.95001220703125,456.1199951171875,456.4800109863281,20974300,0.023346104889479857,452.04781232561385,416.37195841471356,403.05905185275606,0.019797758600780105,0.08854116830865366,MSFT
2025-05-28,453.7357482910156,457.3599853515625,462.5199890136719,456.92999267578125,461.2200012207031,17086300,-0.007228237481107569,452.4857395717076,418.69542032877604,403.4383127848307,0.019897561300019722,0.10048975609585487,MSFT
2025-05-29,455.0452880859375,458.67999267578125,461.7200012207031,455.30999755859375,461.54998779296875,13974800,0.0028861287651551493,452.4588099888393,421.1311920166016,403.78325941297743,0.01979523745579223,0.0966687242185662,MSFT
2025-05-30,456.71197509765625,460.3599853515625,461.67999267578125,455.5400085449219,459.7200012207031,34770500,0.0036626838148996477,452.7691868373326,424.08860270182294,404.152544148763,0.018096297149037613,0.09874880542216391,MSFT
2025-06-02,458.3092346191406,461.9700012207031,462.1099853515625,456.8900146484375,457.1400146484375,16626500,0.0034973016005170887,454.10140555245533,427.2256774902344,404.3452151828342,0.01780422352655832,0.09448659088098799,MSFT
2025-06-03,459.3013000488281,462.9700012207031,464.1400146484375,460.8599853515625,461.4700012207031,15743800,0.002164620205638901,455.25079345703125,430.6816752115885,404.5433095296224,0.016833642261602833,0.10525518117975063,MSFT
