Date,Adj Close,Close,High,Low,Open,Volume,daily_return,ma_7,ma_30,ma_90,volatility_30,target_30d_return,ticker
,NVDA,NVDA,NVDA,NVDA,NVDA,NVDA,,,,,,,
2022-05-11,16.599777221679688,16.6299991607666,17.753000259399414,16.56800079345703,17.347000122070312,670167000,-0.054845183302539735,18.342319216047013,21.37285474141439,23.75839474995931,0.04174883601670256,0.030043327269568598,NVDA
2022-05-12,16.14560890197754,16.174999237060547,16.788000106811523,15.567000389099121,16.2189998626709,708728000,-0.02735990451179038,17.853637967790878,20.989718945821128,23.603777737087675,0.0416778862470157,0.04312583572564943,NVDA
2022-05-13,17.67381477355957,17.70599937438965,17.92799949645996,16.593000411987305,16.788000106811523,670437000,0.09465148579158589,17.478891100202286,20.67096576690674,23.47535578409831,0.04639330477921452,-0.09717694551005918,NVDA
2022-05-16,17.232627868652344,17.263999938964844,17.788000106811523,17.106000900268555,17.509000778198242,521446000,-0.02496274350273564,17.25358772277832,20.35660483042399,23.360727818806968,0.04642149459694091,-0.09955500140566653,NVDA
2022-05-17,18.143964767456055,18.177000045776367,18.371000289916992,17.634000778198242,18.073999404907227,585830000,0.0528843833772743,17.182573590959823,20.051060930887857,23.24986080593533,0.04750388917185423,-0.16585760475273859,NVDA
2022-05-18,16.907215118408203,16.937999725341797,18.118000030517578,16.86400032043457,17.704999923706055,545161000,-0.06816314211908903,17.18086188180106,19.75183900197347,23.13557597266303,0.04804993035317015,-0.14239749555799985,NVDA
2022-05-19,17.092878341674805,17.124000549316406,17.687000274658203,16.733999252319336,16.937000274658203,621310000,0.01098130129452568,17.113698141915457,19.509513346354165,23.021657456292047,0.047441490073843226,-0.1259539740209077,NVDA
2022-05-20,16.66366195678711,16.694000244140625,17.40999984741211,15.755000114440918,17.332000732421875,739105000,-0.02511083132448244,17.12282453264509,19.25950196584066,22.898345735337998,0.04751163228575962,-0.09349477219747182,NVDA
2022-05-23,16.86728858947754,16.898000717163086,16.915000915527344,16.179000854492188,16.27400016784668,639889000,0.012219800978829465,17.225921630859375,19.05251210530599,22.77527830335829,0.047257014311178444,-0.061347399397759905,NVDA
2022-05-24,16.1246395111084,16.15399932861328,16.597000122070312,15.779999732971191,16.510000228881836,588550000,-0.04402895429396003,17.004610879080637,18.86076113382975,22.659750027126737,0.047030852859578025,-0.019354018326333655,NVDA
2022-05-25,16.944150924682617,16.975000381469727,17.111000061035156,16.0,16.020000457763672,781132000,0.05082354945111489,16.96339988708496,18.71006882985433,22.54925774468316,0.048235028234150934,-0.10720455580301491,NVDA
2022-05-26,17.81855583190918,17.85099983215332,18.091999053955078,16.02199935913086,16.035999298095703,996575000,0.05160511796155065,16.91691289629255,18.565265719095866,22.460002581278484,0.04889225876398306,-0.15493866178265914,NVDA
2022-05-27,18.776811599731445,18.81100082397461,18.881000518798828,18.100000381469727,18.18600082397461,738379000,0.05377853159716994,17.183998107910156,18.483847173055015,22.390665139092338,0.04957318997757306,-0.193705401933291,NVDA
2022-05-31,18.6380672454834,18.672000885009766,19.200000762939453,18.350000381469727,18.979999542236328,664100000,-0.007389132788126362,17.404739379882812,18.38033561706543,22.32995471954346,0.04930316440923326,-0.1765612279932438,NVDA
2022-06-01,18.28670310974121,18.31999969482422,19.05299949645996,18.121999740600586,18.724000930786133,544514000,-0.01885196201485617,17.6366024017334,18.251303736368815,22.27394529978434,0.04917898771325842,-0.13944679420566297,NVDA
2022-06-02,19.556392669677734,19.591999053955078,19.618999481201172,18.197999954223633,18.29199981689453,648656000,0.06943239316113625,18.020760127476283,18.18841807047526,22.23206573062473,0.05073053516702266,-0.1780109823467485,NVDA
2022-06-03,18.685983657836914,18.719999313354492,19.332000732421875,18.52199935913086,19.082000732421875,598779000,-0.04450764650427541,18.386666434151785,18.139740180969238,22.192136255900063,0.0501748816520747,-0.09211585331061445,NVDA
2022-06-06,18.751859664916992,18.785999298095703,19.336999893188477,18.56399917602539,19.138999938964844,422406000,0.0035254235627273367,18.644910539899552,18.115484364827473,22.147970877753362,0.04981854122197684,-0.051913084385449615,NVDA
2022-06-07,18.8916072845459,18.926000595092773,19.0,18.187999725341797,18.472000122070312,388914000,0.0074524672286429006,18.79820360456194,18.083010164896645,22.114539930555555,0.04969916652287379,-0.04608414457744714,NVDA
2022-06-08,18.61804962158203,18.648000717163086,19.18000030517578,18.53499984741211,18.798999786376953,363252000,-0.014480380564953266,18.775523321969168,18.078483390808106,22.068133735656737,0.04866820141758639,-0.07126793577032375,NVDA
2022-06-09,18.019010543823242,18.04800033569336,18.933000564575195,18.041000366210938,18.481000900268555,395574000,-0.03217517892230681,18.68708665030343,18.06639919281006,21.99681898752848,0.04890085507549691,-0.056737634446617835,NVDA
2022-06-10,16.94673728942871,16.974000930786133,17.69700050354004,16.868999481201172,17.600000381469727,465248000,-0.0595078876160654,18.495662961687362,17.973088773091636,21.91190456814236,0.048035030293524586,-0.02598083887949665,NVDA
2022-06-13,15.621867179870605,15.647000312805176,16.312000274658203,15.605999946594238,16.0,604153000,-0.07817847689092061,17.933587891714915,17.876707808176675,21.805571545494928,0.04877630034632505,0.1369592841338123,NVDA
2022-06-14,15.810564041137695,15.836000442504883,16.06599998474121,15.411999702453613,15.730999946594238,469680000,0.012079020970696241,17.522813660757883,17.75380983352661,21.715684371524386,0.04766590331171397,0.13563998070280814,NVDA
2022-06-15,16.500450134277344,16.527000427246094,16.868000030517578,15.925999641418457,16.094999313354492,563936000,0.04363450230773713,17.20118372780936,17.65161225001017,21.629348638322618,0.04849352220479361,0.09898973388935461,NVDA
2022-06-16,15.57593822479248,15.60099983215332,15.942000389099121,15.401000022888184,15.859999656677246,545749000,-0.0560294962841239,16.727516719273158,17.494242095947264,21.528205108642577,0.048709713149931694,0.18203991965739585,NVDA
2022-06-17,15.85448932647705,15.880000114440918,15.994999885559082,15.32800006866455,15.64799976348877,630334000,0.01788342362845241,16.332722391401017,17.39573335647583,21.425942770640056,0.04729659393681409,0.16662469081279796,NVDA
2022-06-21,16.53938865661621,16.56599998474121,17.007999420166016,16.406999588012695,16.475000381469727,483089000,0.04319907857236216,16.12134783608573,17.32567752202352,21.313581244150797,0.04808281645554401,0.14046861851536607,NVDA
2022-06-22,16.33371925354004,16.360000610351562,16.66200065612793,16.18000030517578,16.22599983215332,437135000,-0.012435127279864622,16.033773830958776,17.30616159439087,21.208703878190782,0.04507207663162014,0.17451115323008293,NVDA
2022-06-23,16.198936462402344,16.225000381469727,16.584999084472656,15.852999687194824,16.518999099731445,463680000,-0.008251812648762402,16.11621229989188,17.260691992441814,21.123120890723335,0.04450644328196724,0.17035448870987424,NVDA
2022-06-24,17.09848976135254,17.125999450683594,17.139999389648438,16.309999465942383,16.5,472153000,0.05553162709404136,16.300201688494003,17.27731574376424,21.044006633758546,0.044527064370732776,0.03894670252203869,NVDA
2022-06-27,16.841901779174805,16.868999481201172,17.329999923706055,16.625999450683594,17.312000274658203,427968000,-0.015006470498797886,16.348980494907924,17.300525506337483,20.93733506732517,0.04430330229041604,0.012863862961830064,NVDA
2022-06-28,15.956327438354492,15.982000350952148,17.20199966430664,15.944999694824219,16.899999618530273,461149000,-0.05258161176995668,16.403321811131068,17.243275928497315,20.820646296607123,0.041811166801296006,0.132336151703065,NVDA
2022-06-29,15.517033576965332,15.541999816894531,15.819999694824219,15.170000076293945,15.814000129699707,482352000,-0.027531013203779042,16.35511384691511,17.186089452107748,20.721298938327365,0.041861229776367935,0.1544202312500027,NVDA
2022-06-30,15.134650230407715,15.159000396728516,15.567000389099121,14.862000465393066,15.361000061035156,686070000,-0.024642812343027787,16.154436928885325,17.08577896753947,20.627294890085857,0.040692005340415206,0.23418440939919272,NVDA
2022-07-01,14.499670028686523,14.52299976348877,15.062999725341797,14.392000198364258,14.89900016784668,577610000,-0.041955393223784165,15.892429896763392,17.005527464548745,20.529029920366074,0.03955978207863219,0.31047291088940643,NVDA
2022-07-05,14.939962387084961,14.96399974822998,14.970999717712402,14.055000305175781,14.175000190734863,651397000,0.030365681255321686,15.712576457432338,16.933763599395753,20.446779410044353,0.03997496723957877,0.261628121487945,NVDA
2022-07-06,15.105696678161621,15.130000114440918,15.319000244140625,14.788999557495117,15.010000228881836,529066000,0.01109335397122102,15.427891731262207,16.881831423441568,20.351278241475423,0.03985274305655021,0.21183062237368921,NVDA
2022-07-07,15.832524299621582,15.857999801635742,15.944999694824219,15.388999938964844,15.456000328063965,492903000,0.04811612711055813,15.28369494846889,16.84733928044637,20.259317535824245,0.04083659278525434,0.18381915483472833,NVDA
2022-07-08,15.812562942504883,15.838000297546387,16.03700065612793,15.388999938964844,15.430000305175781,467972000,-0.001260781713575243,15.263157163347516,16.836936728159586,20.164606698354085,0.04003212232059347,0.1269727635921194,NVDA
2022-07-11,15.127660751342773,15.152000427246094,15.527000427246094,15.038000106811523,15.526000022888184,437321000,-0.04331380015070563,15.207532473972865,16.776387055714924,20.07235468758477,0.03960827675547346,0.12420802216447324,NVDA
2022-07-12,15.057772636413574,15.081999778747559,15.430999755859375,14.876999855041504,15.267999649047852,458483000,-0.004619889094419016,15.19654996054513,16.684360949198403,19.97104123433431,0.03824137243678912,0.1391726215210518,NVDA
2022-07-13,15.139641761779785,15.163999557495117,15.375,14.46500015258789,14.59000015258789,521918000,0.005437001032160049,15.28797449384417,16.563121954600017,19.876249451107448,0.0366703217654556,0.13571604273746285,NVDA
2022-07-14,15.347307205200195,15.371999740600586,15.472999572753906,14.727999687194824,15.107999801635742,456235000,0.013716668246712693,15.346166610717773,16.453429953257242,19.79239377975464,0.0368546507331429,0.16530044644760156,NVDA
2022-07-15,15.73668098449707,15.76200008392334,15.781999588012695,15.444999694824219,15.659000396728516,385935000,0.025370820697779628,15.436307225908552,16.368429215749106,19.730432520972357,0.03719722228403523,0.03159497308847059,NVDA
2022-07-18,16.07513999938965,16.10099983215332,16.89699935913086,16.00200080871582,16.302000045776367,670517000,0.021507649244844496,15.470966611589704,16.252387460072836,19.670435174306235,0.034877287944749084,-0.018632646428815902,NVDA
2022-07-19,16.96470832824707,16.992000579833984,17.110000610351562,16.172000885009766,16.486000061035156,702366000,0.055338138821260596,15.635558809552874,16.195011615753174,19.603685495588515,0.03581915538563425,-0.0896893132561154,NVDA
2022-07-20,17.778392791748047,17.80699920654297,17.933000564575195,16.801000595092773,16.94700050354004,760538000,0.047963362986096936,16.014234815325057,16.162562719980876,19.549925157758924,0.03698080646941466,-0.1523556812264094,NVDA
2022-07-21,18.02100372314453,18.049999237060547,18.143999099731445,17.545000076293945,17.885000228881836,557049000,0.013646392800427565,16.437553542000906,16.133542601267497,19.505049228668213,0.03704748586892529,-0.22786683299118693,NVDA
2022-07-22,17.291179656982422,17.319000244140625,17.966999053955078,17.136999130249023,17.89299964904785,536671000,-0.040498524797749735,16.744916098458425,16.08931360244751,19.460604169633655,0.037675506680654565,-0.2120213670245119,NVDA
2022-07-25,16.996654510498047,17.02400016784668,17.124000549316406,16.64900016784668,17.018999099731445,480748000,-0.017033259287514313,16.980537142072404,16.055235068003338,19.39466420279609,0.03735418795359452,-0.20905782895166525,NVDA
2022-07-26,16.506446838378906,16.533000946044922,16.91900062561035,16.47800064086914,16.888999938964844,397865000,-0.028841421223003705,17.090503692626953,16.04055871963501,19.3063860045539,0.03610407862130889,-0.17026109608681728,NVDA
2022-07-27,17.76142692565918,17.790000915527344,17.93600082397461,16.913000106811523,17.031999588012695,569776000,0.07602969309920393,17.331401824951172,16.111877377827962,19.2290574921502,0.03559960085817935,-0.21336957935280565,NVDA
2022-07-28,17.955108642578125,17.983999252319336,18.139999389648438,17.440000534057617,17.975000381469727,474646000,0.010904625947543822,17.472887584141322,16.183362197875976,19.135170650482177,0.0355920758886188,-0.199773191009479,NVDA
2022-07-29,18.133825302124023,18.163000106811523,18.243999481201172,17.691999435424805,17.812999725341797,435460000,0.009953527049237465,17.523663657052175,16.2378080368042,19.040152963002523,0.034850224578639476,-0.20116127033125009,NVDA
2022-08-01,18.411380767822266,18.44099998474121,18.84600067138672,17.989999771118164,18.18199920654297,476469000,0.015305952333495298,17.579431806291854,16.332322788238525,18.95054833094279,0.03301726095402395,-0.2877338191579578,NVDA
2022-08-02,18.496238708496094,18.525999069213867,18.937999725341797,18.091999053955078,18.121999740600586,489527000,0.004608993847008858,17.751583099365234,16.420381100972495,18.871757496727838,0.032942945795760174,-0.2911635913954278,NVDA
2022-08-03,18.862653732299805,18.89299964904785,18.968000411987305,18.136999130249023,18.18400001525879,418146000,0.019810245184357367,18.018154416765487,16.49782327016195,18.769133154551188,0.03229454903505279,-0.31546930303495746,NVDA
2022-08-04,19.18413543701172,19.21500015258789,19.27400016784668,18.760000228881836,18.849000930786133,409652000,0.01704329143048522,18.400681359427317,16.592837142944337,18.675160439809165,0.032197515785678504,-0.3129366916643169,NVDA
2022-08-05,18.958498001098633,18.98900032043457,19.229000091552734,18.666000366210938,18.809999465942383,386068000,-0.01176166821037794,18.571691513061523,16.684822527567544,18.572835784488255,0.032256934588963435,-0.2950667187271906,NVDA
2022-08-08,17.764419555664062,17.792999267578125,18.23900032043457,17.242000579833984,17.50200080871582,981859000,-0.06298381049835144,18.544450214930944,16.70702018737793,18.452396890852185,0.0331944464572266,-0.2592640153099658,NVDA
2022-08-09,17.05855369567871,17.086000442504883,17.44700050354004,16.724000930786133,17.25200080871582,668263000,-0.03973481136119028,18.390839985438756,16.71424191792806,18.33482879002889,0.03392530617402479,-0.22363697148629824,NVDA
2022-08-10,18.06792640686035,18.097000122070312,18.118000030517578,17.316999435424805,17.697999954223633,597422000,0.05917106040691689,18.34177507672991,16.78462855021159,18.232956748538548,0.03397643064133208,-0.3057007344293349,NVDA
2022-08-11,17.913177490234375,17.941999435424805,18.707000732421875,17.875999450683594,18.131000518798828,509327000,-0.008564840986247213,18.258480616978236,16.86450001398722,18.13573143217299,0.03352940289448374,-0.3022115676199659,NVDA
2022-08-12,18.6789493560791,18.708999633789062,18.718000411987305,17.952999114990234,18.15999984741211,478094000,0.04274908046114079,18.232237134660995,16.98264331817627,18.039827738867867,0.03370849374781656,-0.34621672763275635,NVDA
2022-08-15,19.00142478942871,19.031999588012695,19.163999557495117,18.613000869750977,18.701000213623047,457666000,0.01726410983841875,18.206135613577707,17.13270181020101,17.963356092241074,0.03241652255339097,-0.3475887751513995,NVDA
2022-08-16,18.848676681518555,18.878999710083008,19.142000198364258,18.500999450683594,18.920000076293945,451240000,-0.008038771281779655,18.190446853637695,17.262992286682127,17.902089744144014,0.032324715894587804,-0.32518757333309045,NVDA
2022-08-17,18.305545806884766,18.334999084472656,18.687999725341797,18.145000457763672,18.523000717163086,446799000,-0.02881533190955199,18.267750603812082,17.369653924306235,17.836995771196154,0.033018663423589036,-0.3333169226011521,NVDA
2022-08-18,18.74284553527832,18.773000717163086,18.864999771118164,18.183000564575195,18.301000595092773,415447000,0.02388892049474345,18.508363723754883,17.466664632161457,17.78883867263794,0.032264742644775586,-0.3531878466402941,NVDA
2022-08-19,17.820327758789062,17.849000930786133,18.520000457763672,17.770000457763672,18.4060001373291,441588000,-0.049219728922850536,18.472992488316127,17.5335901260376,17.743762662675646,0.03379593452775057,-0.2987999872417635,NVDA
2022-08-22,17.006637573242188,17.034000396728516,17.558000564575195,16.965999603271484,17.489999771118164,409593000,-0.04566078674650409,18.343486785888672,17.59622268676758,17.694226190778945,0.03391304947165741,-0.2267868133869635,NVDA
2022-08-23,17.15340232849121,17.180999755859375,17.46500015258789,16.969999313354492,16.98900032043457,369986000,0.008629851410483447,18.12555149623326,17.666077009836833,17.638567892710366,0.033876918950677154,-0.2309572334942268,NVDA
2022-08-24,17.194334030151367,17.222000122070312,17.4060001373291,16.895000457763672,17.011999130249023,522661000,0.0023862147506543696,17.867395673479354,17.734566752115885,17.593845293256972,0.0338798495245098,-0.23737642936052927,NVDA
2022-08-25,17.88422393798828,17.913000106811523,17.94700050354004,16.83300018310547,16.8439998626709,770691000,0.04012309558643845,17.729616710117885,17.819130643208823,17.5509654045105,0.03445747699988776,-0.32565234473817695,NVDA
2022-08-26,16.2338809967041,16.260000228881836,17.923999786376953,16.23699951171875,17.85700035095215,769127000,-0.09227925947508686,17.43366459437779,17.835703976949056,17.485145643022324,0.03858721943677904,-0.2820745394114058,NVDA
2022-08-29,15.775617599487305,15.800999641418457,16.33799934387207,15.767000198364258,16.020000457763672,496132000,-0.028228825707779737,17.009774889264786,17.82571989695231,17.422175142500137,0.038777632824994315,-0.266537334751789,NVDA
2022-08-30,15.443155288696289,15.468000411987305,16.038999557495117,15.182000160217285,15.960000038146973,530181000,-0.021074440267987993,16.670178822108678,17.77500146230062,17.369917753007677,0.03751354108408943,-0.25630868082534264,NVDA
2022-08-31,15.069753646850586,15.093999862670898,15.539999961853027,14.958999633789062,15.383999824523926,573710000,-0.0241791029660251,16.39348111833845,17.684713490804036,17.320920191870794,0.036468710166526606,-0.20739673538085768,NVDA
2022-09-01,13.9146146774292,13.937000274658203,14.380000114440918,13.270000457763672,14.208999633789062,1178865000,-0.07665281042353322,15.930797168186732,17.54783385594686,17.254795540703668,0.038556439365504395,-0.19420711967234094,NVDA
2022-09-02,13.625080108642578,13.647000312805176,14.170999526977539,13.590999603271484,14.100000381469727,743157000,-0.02080794729129465,15.420903750828334,17.425630537668862,17.197809176974825,0.038147034332130084,-0.12863405523313198,NVDA
2022-09-06,13.443370819091797,13.46500015258789,13.779000282287598,13.35099983215332,13.730999946594238,535751000,-0.013336383206695501,14.78649616241455,17.30718774795532,17.14294066958957,0.038120136446871844,-0.11098716295995092,NVDA
2022-09-07,13.696041107177734,13.71399974822998,13.838000297546387,13.345999717712402,13.562999725341797,512657000,0.01879515870581394,14.423947606767927,17.213507556915282,17.075718349880642,0.03817439132882487,-0.12126291836277114,NVDA
2022-09-08,13.971678733825684,13.989999771118164,14.008000373840332,13.369000434875488,13.458999633789062,624873000,0.020125350419946786,14.166242054530553,17.0871826171875,17.02525593439738,0.035315252170313165,-0.12837753484264247,NVDA
2022-09-09,14.368159294128418,14.38700008392334,14.473999977111816,14.12600040435791,14.156999588012695,486612000,0.028377446107664017,14.012671198163714,16.967617638905843,16.968263223436143,0.035767919791540904,-0.1335235439387229,NVDA
2022-09-12,14.486001968383789,14.505000114440918,14.54699993133545,14.197999954223633,14.369000434875488,484159000,0.008201654216314802,13.929278101239886,16.846023527781167,16.91181460486518,0.03574109464423712,-0.13140282010002324,NVDA
2022-09-13,13.11380386352539,13.130999565124512,13.92199993133545,13.098999977111816,13.802000045776367,714956000,-0.09472579859185914,13.814876556396484,16.669437630971274,16.83200083838569,0.0388976383295751,0.009899991418693466,NVDA
2022-09-14,13.110807418823242,13.128000259399414,13.289999961853027,12.913000106811523,13.253999710083008,588507000,-0.00022849546427050615,13.741409029279437,16.489923254648843,16.768679237365724,0.03884284843100128,-0.017672293459302768,NVDA
2022-09-15,12.912065505981445,12.928999900817871,13.232999801635742,12.789999961853027,13.015000343322754,523625000,-0.015158632606902755,13.665508270263672,16.291570313771565,16.705023701985677,0.03841939608112819,0.01910455812944889,NVDA
2022-09-16,13.180715560913086,13.197999954223633,13.211999893188477,12.616999626159668,12.741999626159668,670751000,0.020806125465146597,13.591890335083008,16.09145631790161,16.66348501841227,0.03852288907771699,0.04818912288576893,NVDA
2022-09-19,13.364476203918457,13.381999969482422,13.463000297546387,13.010000228881836,13.01200008392334,569685000,0.013941628749679191,13.505147116524833,15.904988924662272,16.61683448155721,0.03880620714798902,0.008593395491216516,NVDA
2022-09-20,13.158744812011719,13.175999641418457,13.482999801635742,13.057000160217285,13.21500015258789,524818000,-0.015393898628546121,13.33237361907959,15.751466433207193,16.578600788116454,0.037553682410917166,0.027853570068120392,NVDA
2022-09-21,13.243630409240723,13.26099967956543,14.031000137329102,13.109999656677246,13.213000297546387,807679000,0.0064508886251459785,13.154891967773438,15.624302323659261,16.5463565826416,0.037206142717105276,-0.0031669294192901987,NVDA
2022-09-22,12.544548034667969,12.560999870300293,13.14900016784668,12.428000450134277,13.069999694824219,759162000,-0.05278630956697272,13.073569706508092,15.440189711252849,16.48936472998725,0.03585624749231738,0.06846601984261413,NVDA
2022-09-23,12.499608039855957,12.515999794006348,12.611000061035156,12.256999969482422,12.420000076293945,663309000,-0.003582432359286014,12.986255509512764,15.259737396240235,16.436775620778402,0.03588158770817791,0.13103224596047136,NVDA
2022-09-26,12.211984634399414,12.227999687194824,12.659000396728516,12.21399974822998,12.491000175476074,547343000,-0.023010593975381743,12.886243956429619,15.044171905517578,16.370864730411107,0.03444703757899319,0.16952886461540517,NVDA
2022-09-27,12.396742820739746,12.413000106811523,12.736000061035156,12.258000373840332,12.506999969482422,553854000,0.01512925145843158,12.77424785069057,14.824015839894612,16.320748371548124,0.03438349675055174,0.1763474785264969,NVDA
2022-09-28,12.719321250915527,12.736000061035156,12.822999954223633,12.354000091552734,12.40999984741211,542414000,0.026021224674928956,12.682082857404437,14.619703992207844,16.27215329276191,0.03512586218394998,0.0816581472463247,NVDA
2022-09-29,12.203997611999512,12.220000267028809,12.5,11.946000099182129,12.447999954223633,532763000,-0.04051502660795858,12.545690400259835,14.416319052378336,16.222601466708714,0.035378340626557245,0.28887069513134467,NVDA
2022-09-30,12.123100280761719,12.138999938964844,12.633000373840332,12.074999809265137,12.086999893188477,565638000,-0.006628756724620377,12.385614667619977,14.195660877227784,16.169888263278537,0.034719675221961614,0.3450036784164119,NVDA
2022-10-03,12.495614051818848,12.51200008392334,12.678000450134277,12.104999542236328,12.347000122070312,547478000,0.03072759957684057,12.378624098641533,14.018170420328776,16.12956575817532,0.03497579579192765,0.30234951060480286,NVDA
2022-10-04,13.14975643157959,13.166999816894531,13.220000267028809,12.878999710083008,12.878999710083008,584182000,0.052349758647157074,12.471502440316337,13.88960771560669,16.087405819363063,0.036197317193438425,0.2657401422154184,NVDA
2022-10-05,13.191699981689453,13.208999633789062,13.321000099182129,12.621000289916992,12.91100025177002,507131000,0.0031896826628008412,12.611461775643486,13.757550970713298,16.03599630991618,0.03612528905790358,0.2044817639616845,NVDA
2022-10-06,13.112804412841797,13.130000114440918,13.656000137329102,13.102999687194824,13.220000267028809,644157000,-0.0059806976323875105,12.713756288800921,13.621499983469645,15.973062896728516,0.03607407804164047,0.19398328932290654,NVDA
2022-10-07,12.060184478759766,12.076000213623047,12.670000076293945,12.022000312805176,12.505000114440918,672478000,-0.0802742038195251,12.619593892778669,13.427365334828695,15.899975310431586,0.037176401788405436,0.2760019357869117,NVDA
2022-10-10,11.654716491699219,11.670000076293945,12.12399959564209,11.407999992370605,12.036999702453613,698699000,-0.03362038016704072,12.541125161307198,13.274726517995198,15.82628657023112,0.034255831993936135,0.3125107602937143,NVDA
2022-10-11,11.570826530456543,11.586000442504883,11.845999717712402,11.282999992370605,11.560999870300293,667482000,-0.00719794096256432,12.462228911263603,13.134566815694173,15.737558057573107,0.03409324855967784,0.38425689310156996,NVDA
2022-10-12,11.484940528869629,11.5,11.734999656677246,11.345000267028809,11.579000473022461,492590000,-0.007422633237206155,12.317846979413714,13.002626323699952,15.657546467251247,0.03402725535144841,0.4364344336585917,NVDA
2022-10-13,11.9443359375,11.960000038146973,12.07800006866455,10.812999725341797,10.970999717712402,850103000,0.03999980735429953,12.145644051688057,12.898445733388265,15.581907314724392,0.035057907844444944,0.3603680900478292,NVDA
2022-10-14,11.212297439575195,11.22700023651123,12.111000061035156,11.204000473022461,12.057000160217285,713432000,-0.06128750076649492,11.86287225995745,12.808368492126466,15.496581649780273,0.03410616519689116,0.4097263864272236,NVDA
2022-10-17,11.872430801391602,11.887999534606934,11.947999954223633,11.517000198364258,11.517999649047852,580774000,0.05887583391128959,11.68567602975028,12.749946848551433,15.421630329555935,0.03601073330352249,0.3155283101346871,NVDA
2022-10-18,11.951329231262207,11.967000007629395,12.491999626159668,11.618000030517578,12.343999862670898,659362000,0.006645516086003056,11.67012528010777,12.700212128957112,15.354211648305258,0.036015710564959176,0.4145004774623946,NVDA
2022-10-19,12.035219192504883,12.050999641418457,12.350000381469727,11.833999633789062,11.878999710083008,523131000,0.007019299662772038,11.724482808794294,12.644851398468017,15.299639225006104,0.03583060094394166,0.4222371405283838,NVDA
2022-10-20,12.17802906036377,12.194000244140625,12.769000053405762,12.104999542236328,12.11299991607666,652398000,0.011865996420557412,11.81122602735247,12.585063076019287,15.261374357011583,0.03567288301980561,0.3843136219967611,NVDA
2022-10-21,12.449671745300293,12.465999603271484,12.498000144958496,11.88700008392334,12.097999572753906,609494000,0.02230596458507783,11.94904477255685,12.52111349105835,15.224031109280057,0.035500015923420995,0.3327653523207108,NVDA
2022-10-24,12.582500457763672,12.598999977111816,12.710000038146973,12.064000129699707,12.508000373840332,517457000,0.01066925419246667,12.040211132594518,12.457663440704346,15.180498335096571,0.03553244804806191,0.26923477463651624,NVDA
2022-10-25,13.243630409240723,13.26099967956543,13.300000190734863,12.663999557495117,12.694000244140625,505482000,0.05254360639177391,12.33040155683245,12.46199099222819,15.154583803812663,0.032629044377606234,0.21590603784717932,NVDA
2022-10-26,12.879109382629395,12.895999908447266,13.387999534606934,12.708000183105469,12.869000434875488,532953000,-0.02752425244040213,12.474212782723564,12.454267724355061,15.1215240266588,0.033038116711854255,0.33168383658312184,NVDA
2022-10-27,13.158744812011719,13.175999641418457,13.838000297546387,13.121999740600586,13.630000114440918,583113000,0.021712326611611932,12.646700722830635,12.462490367889405,15.083961317274305,0.03314276861397238,0.290630546116146,NVDA
2022-10-28,13.815882682800293,13.833999633789062,13.850000381469727,13.060999870300293,13.104000091552734,521040000,0.049939251818966746,12.901081221444267,12.483662605285645,15.055985355377198,0.03414954892264466,0.267853537408669,NVDA
2022-10-31,13.47932243347168,13.496999740600586,13.838000297546387,13.29699993133545,13.777999877929688,486341000,-0.024360387031051256,13.086980274745397,12.487490812937418,15.025767421722412,0.03440807508065759,0.3393072099279939,NVDA
2022-11-01,13.525262832641602,13.543000221252441,13.925000190734863,13.519000053405762,13.810999870300293,432817000,0.00340821279383019,13.240636144365583,12.499708080291748,14.986064900292291,0.03427273871898056,0.30536220375502765,NVDA
2022-11-02,13.201688766479492,13.218999862670898,14.210000038146973,13.211000442504883,13.850000381469727,672628000,-0.02392368046121829,13.329091617039271,12.49831002553304,14.94561808904012,0.03456847909627852,0.2827240735986356,NVDA
2022-11-03,13.403423309326172,13.420999526977539,13.781000137329102,12.956000328063965,13.043000221252441,500065000,0.015280964914042405,13.351919174194336,12.526939201354981,14.917252487606472,0.03315702048359669,0.2350226703062106,NVDA
2022-11-04,14.137459754943848,14.156000137329102,14.229000091552734,13.696999549865723,13.986000061035156,612576000,0.05476484840308893,13.5316835130964,12.581534258524577,14.901923889584012,0.034458761242253215,0.14849953801894622,NVDA
2022-11-07,14.282268524169922,14.300999641418457,14.411999702453613,13.954000473022461,14.227999687194824,410061000,0.0102429129232664,13.692186900547572,12.650543721516927,14.892452981736925,0.03406961809677413,0.12503448841362919,NVDA
2022-11-08,14.582877159118652,14.60200023651123,14.890999794006348,14.215999603271484,14.800999641418457,595292000,0.021047681216748604,13.801757540021624,12.723414866129557,14.893377505408393,0.03414256829076365,0.130339661460096,NVDA
2022-11-09,13.757957458496094,13.776000022888184,14.211000442504883,13.758999824523926,14.161999702453613,454414000,-0.05656769179508159,13.84156254359654,12.75803607304891,14.88024411731296,0.035763371862078834,0.1137431007778591,NVDA
2022-11-10,15.729374885559082,15.75,15.77299976348877,14.54699993133545,14.800000190734863,700819000,0.1432928858088276,14.156435694013323,12.87554864883423,14.887173875172932,0.04301748976825255,-0.03429271446929372,NVDA
2022-11-11,16.305614471435547,16.32699966430664,16.388999938964844,15.482000350952148,15.807000160217285,655487000,0.03663461453929129,14.599853651864189,13.014965788523357,14.892430432637532,0.04318750461213202,-0.13489219236579286,NVDA
2022-11-14,16.273656845092773,16.295000076293945,16.540000915527344,15.92199993133545,16.218000411987305,527852000,-0.001959915487929509,15.00988701411656,13.140900548299154,14.897553698221843,0.04307992720633661,-0.13841098357810167,NVDA
2022-11-15,16.644174575805664,16.666000366210938,16.99799919128418,16.381999969482422,16.722000122070312,545876000,0.02276794541262661,15.367989131382533,13.257381153106689,14.914403851826986,0.04240382349352135,-0.12356072264423312,NVDA
2022-11-16,15.889162063598633,15.90999984741211,16.36199951171875,15.873000144958496,16.16200065612793,649547000,-0.045361967862589836,15.597545351300921,13.347296555836996,14.923641512129041,0.043534259170354625,-0.08122306508243149,NVDA
2022-11-17,15.656469345092773,15.677000045776367,16.266000747680664,15.53499984741211,15.71500015258789,710894000,-0.014644744485233008,15.750915663582939,13.432085386912028,14.92938404083252,0.043652726897173186,-0.08664543907479305,NVDA
2022-11-18,15.388818740844727,15.409000396728516,16.00200080871582,15.119999885559082,15.965999603271484,492072000,-0.017095208271329487,15.9838958467756,13.54303986231486,14.929845280117458,0.04073192272411948,-0.04258715077130848,NVDA
2022-11-21,15.296940803527832,15.317000389099121,15.47700023651123,15.079999923706055,15.147000312805176,404739000,-0.005970434694446913,15.922119549342565,13.664447339375814,14.924959278106689,0.04004278867090694,-0.0684436819065829,NVDA
2022-11-22,16.016996383666992,16.038000106811523,16.058000564575195,15.121999740600586,15.32800006866455,472866000,0.047071868119741955,15.880888393947057,13.812653001149496,14.924313237931994,0.04046934071706081,-0.07327580920031262,NVDA
2022-11-23,16.497364044189453,16.518999099731445,16.527000427246094,16.04800033569336,16.097999572753906,427241000,0.029991119996275017,15.912846565246582,13.97973378499349,14.919120523664686,0.04043728950174304,-0.05369576050047575,NVDA
2022-11-25,16.248693466186523,16.270000457763672,16.48699951171875,16.172000885009766,16.31800079345703,167934000,-0.015073352163221143,15.856349263872419,14.12321236928304,14.90212386449178,0.04041529009773451,-0.021937916385676992,NVDA
2022-11-28,15.80627155303955,15.82699966430664,16.35700035095215,15.725000381469727,16.025999069213867,303741000,-0.0272281530861328,15.844507762363978,14.276344839731852,14.877515729268392,0.03875674274937769,0.011252511980003543,NVDA
2022-11-29,15.618518829345703,15.638999938964844,15.932000160217285,15.520000457763672,15.82699966430664,298384000,-0.011878368852757282,15.839086260114398,14.401214440663656,14.858930608961318,0.03796390180933111,0.05602800087243209,NVDA
2022-11-30,16.905160903930664,16.92300033569336,16.93000030517578,15.597000122070312,15.696999549865723,565298000,0.0823792632735112,16.055706569126674,14.566342163085938,14.85791401333279,0.04019561211368838,-0.0014183408131602793,NVDA
2022-12-01,17.11693572998047,17.135000228881836,17.264999389648438,16.635000228881836,16.999000549316406,470977000,0.01252722924397398,16.315705844334193,14.735732714335123,14.864697223239475,0.040182867124081985,0.03309039999536445,NVDA
2022-12-02,16.858211517333984,16.875999450683594,16.933000564575195,16.44499969482422,16.659000396728516,371389000,-0.015115101016201504,16.435879434858048,14.891738796234131,14.854661496480306,0.04049967604649744,0.029687082440370993,NVDA
2022-12-05,16.592491149902344,16.610000610351562,16.9950008392334,16.472000122070312,16.679000854492188,352255000,-0.015762073406091814,16.449469021388463,15.029832776387533,14.839521302117241,0.04075029569151846,0.009331730435426344,NVDA
2022-12-06,15.970147132873535,15.987000465393066,16.572999954223633,15.819000244140625,16.530000686645508,352694000,-0.03750756962329138,16.409676688058035,15.142754332224529,14.815480433570015,0.04167778398516553,0.115843967420588,NVDA
2022-12-07,16.103010177612305,16.1200008392334,16.18600082397461,15.666999816894531,15.772000312805176,372388000,0.008319462784740272,16.452067920139857,15.238066991170248,14.78983187145657,0.0408506710850663,0.19063276011046337,NVDA
2022-12-08,17.150901794433594,17.16900062561035,17.179000854492188,15.958999633789062,16.273000717163086,515456000,0.06507426905052527,16.670979772295272,15.380460071563721,14.774883683522543,0.04161869074745036,0.12208057551524609,NVDA
2022-12-09,16.983078002929688,17.000999450683594,17.58300018310547,16.975000381469727,17.15999984741211,465338000,-0.009785129290307837,16.68211078643799,15.50793784459432,14.753999508751763,0.041720647851400984,0.13658026977465476,NVDA
2022-12-12,17.516515731811523,17.53499984741211,17.538000106811523,16.797000885009766,17.03700065612793,457328000,0.0314099557683134,16.739193643842423,15.631292279561361,14.735470400916206,0.04123334851406888,0.12928439836715033,NVDA
2022-12-13,18.052953720092773,18.07200050354004,18.790000915527344,17.711000442504883,18.5310001373291,656589000,0.030624697085564367,16.909871101379395,15.783746655782064,14.725408797793918,0.040932583764679065,0.1268811119597395,NVDA
2022-12-14,17.655366897583008,17.673999786376953,18.25200080871582,17.420000076293945,17.98699951171875,496888000,-0.022023366850337345,17.061710493905203,15.92141679128011,14.724197101593017,0.041347169297446335,0.08419167639766956,NVDA
2022-12-15,16.934123992919922,16.95199966430664,17.31999969482422,16.700000762939453,17.145999908447266,478542000,-0.04085119889305855,17.19942147391183,16.045831298828126,14.722814549340143,0.041933438950767184,0.15248968334009505,NVDA
2022-12-16,16.553531646728516,16.570999145507812,17.041000366210938,16.40999984741211,16.86400032043457,478232000,-0.022474876548118417,17.263781683785574,16.15083491007487,14.705987940894232,0.04230809756628272,0.26383431476498287,NVDA
2022-12-19,16.236865997314453,16.253999710083008,16.608999252319336,16.145000457763672,16.57200050354004,354039000,-0.019129793941986106,17.13320514133998,16.22081511815389,14.687362257639567,0.041630898408188774,0.33560943680770383,NVDA
2022-12-20,16.068044662475586,16.084999084472656,16.309999465942383,15.85200023651123,16.06399917602539,403260000,-0.01039740888831564,17.002486092703684,16.280340989430744,14.658352205488416,0.041719108732302,0.31178095512698234,NVDA
2022-12-21,16.483604431152344,16.500999450683594,16.62700080871582,16.101999282836914,16.11400032043457,325025000,0.02586249773422855,16.85492733546666,16.3436985651652,14.63037642372979,0.04179318822044336,0.278043927927244,NVDA
2022-12-22,15.322830200195312,15.33899974822998,16.13800048828125,14.881999969482422,16.0939998626709,565045000,-0.07041992761991334,16.46490968976702,16.395860989888508,14.591200351715088,0.042565156800292554,0.4455311059483349,NVDA
2022-12-23,15.189971923828125,15.206000328063965,15.33899974822998,14.883000373840332,15.196000099182129,349326000,-0.008670609452129385,16.112710407802037,16.377880891164143,14.55658286412557,0.03356145553716908,0.46027873208168835,NVDA
2022-12-27,14.106114387512207,14.121000289916992,15.100000381469727,14.055999755859375,15.074000358581543,464902000,-0.0713534917477825,15.708709035600934,16.304564221700033,14.50506362915039,0.03517971235829633,0.5818284937537408,NVDA
2022-12-28,14.021203994750977,14.03600025177002,14.26200008392334,13.883999824523926,13.927000045776367,351066000,-0.006019403389809441,15.346947942461286,16.229482460021973,14.4628511428833,0.0351785167160658,0.5150326840062689,NVDA
2022-12-29,14.587608337402344,14.602999687194824,14.682999610900879,14.22700023651123,14.402000427246094,354923000,0.04039627002527091,15.111339705330986,16.160930252075197,14.435973040262859,0.03578916956499092,0.4920219484348285,NVDA
2022-12-30,14.59859561920166,14.61400032043457,14.628999710083008,14.232999801635742,14.333999633789062,310490000,0.0007531928157917811,14.90141841343471,16.117911370595298,14.40758629904853,0.03492098108959749,0.5718487977680828,NVDA
2023-01-03,14.299907684326172,14.3149995803833,14.996000289916992,14.095999717712402,14.85099983215332,401277000,-0.02046004579252958,14.589461735316686,16.072692648569742,14.375426006317138,0.03500828427932635,0.5902204402402476,NVDA
2023-01-04,14.733452796936035,14.74899959564209,14.852999687194824,14.241000175476074,14.567000389099121,431324000,0.03031803576501857,14.505264963422503,16.05084711710612,14.340417438083225,0.03539138440976063,0.4917622949360627,NVDA
2023-01-05,14.249961853027344,14.265000343322754,14.564000129699707,14.14799976348877,14.491000175476074,389168000,-0.03281586133083736,14.370977810450963,16.015947818756104,14.318373892042372,0.03586166909144493,0.4993342331581334,NVDA
2023-01-06,14.843338012695312,14.859000205993652,15.010000228881836,14.034000396728516,14.473999977111816,405044000,0.041640543728326485,14.476295471191406,15.976825873057047,14.308015229966905,0.03561963623198815,0.39006659313118264,NVDA
2023-01-09,15.611525535583496,15.628000259399414,16.055999755859375,15.140999794006348,15.284000396728516,504231000,0.05175301689088818,14.70348426273891,15.947297922770183,14.309886010487874,0.036502613802629924,0.3280011797282947,NVDA
2023-01-10,15.892230987548828,15.909000396728516,15.961999893188477,15.472000122070312,15.506999969482422,384101000,0.01798065482617428,14.88985892704555,15.935415840148925,14.319024647606744,0.03656811690541557,0.4874595930488643,NVDA
2023-01-11,15.984131813049316,16.000999450683594,16.027999877929688,15.562999725341797,15.84000015258789,353285000,0.0057827516836679305,15.087792669023786,15.941344515482585,14.342019282446968,0.03621849939876522,0.4552841468405293,NVDA
2023-01-12,16.493593215942383,16.51099967956543,16.636999130249023,15.491999626159668,16.100000381469727,551409000,0.0318729480494615,15.40117631639753,15.970513661702475,14.373891650305854,0.0365610647214526,0.42335429880427555,NVDA
2023-01-13,16.881183624267578,16.89900016784668,16.922000885009766,16.165000915527344,16.277999877929688,447287000,0.023499452378306307,15.707995006016322,15.969714419047039,14.412089570363362,0.03358215278544291,0.37380937477473286,NVDA
2023-01-17,17.68334197998047,17.70199966430664,17.72800064086914,16.89900016784668,16.89900016784668,511102000,0.04751789765261161,16.19847788129534,15.98859462738037,14.456392913394504,0.034606266898401454,0.28222788422252054,NVDA
2023-01-18,17.35868263244629,17.37700080871582,17.87299919128418,17.281999588012695,17.66699981689453,439624000,-0.018359614822906822,16.55781282697405,16.005276997884113,14.494026290045845,0.03466554244590407,0.3416584358400425,NVDA
2023-01-19,16.74732780456543,16.764999389648438,17.19700050354004,16.731000900268555,17.035999298095703,452932000,-0.035218964527765184,16.72007029397147,16.010438219706217,14.520461495717367,0.035178991610556154,0.4249926227927743,NVDA
2023-01-20,17.820192337036133,17.839000701904297,17.856000900268555,16.825000762939453,17.01099967956543,564967000,0.06406183392303544,16.99549334389823,16.072106393178306,14.557508055369059,0.0362260736442338,0.3203657146331129,NVDA
2023-01-23,19.172771453857422,19.19300079345703,19.2450008392334,17.81800079345703,18.06399917602539,655163000,0.07590148811189823,17.4510132925851,16.17443176905314,14.62482991748386,0.03851394829775627,0.21356490922153815,NVDA
2023-01-24,19.244693756103516,19.264999389648438,19.4950008392334,18.81999969482422,18.82699966430664,496204000,0.003751273122886145,17.84402765546526,16.24422483444214,14.692984210120308,0.036893916541144205,0.255390662336733,NVDA
2023-01-25,19.302631378173828,19.322999954223633,19.3700008392334,18.579999923706055,18.913000106811523,449537000,0.003010576463547965,18.189948763166154,16.32154328028361,14.763990497589111,0.03679685228636625,0.21306112624155915,NVDA
2023-01-26,19.7811279296875,19.802000045776367,20.166000366210938,19.277999877929688,19.701000213623047,489535000,0.02478918765732252,18.48963247026716,16.397030353546143,14.837328412797715,0.0366521386216018,0.15992823455540672,NVDA
2023-01-27,20.34353256225586,20.364999771118164,20.628000259399414,19.405000686645508,19.461999893188477,542142000,0.028431373305275676,18.916039603097097,16.473382981618247,14.91487348344591,0.036600816625668275,0.12791070958112183,NVDA
2023-01-30,19.141801834106445,19.16200065612793,20.139999389648438,19.149999618530273,19.950000762939453,488611000,-0.05907188068108837,19.258107321602957,16.522930812835693,14.981351894802517,0.03812471020181537,0.25597985694637515,NVDA
2023-01-31,19.516403198242188,19.53700065612793,19.687000274658203,18.950000762939453,19.170000076293945,498017000,0.019569806822902436,19.500423158918107,16.609006786346434,15.051049370235868,0.03729315113249813,0.24031930131263834,NVDA
2023-02-01,20.920921325683594,20.94300079345703,21.191999435424805,19.611000061035156,19.69099998474121,660477000,0.0719660335551946,19.750158854893275,16.754586442311606,15.144120184580485,0.038812620554251526,0.2197556330860453,NVDA
2023-02-02,21.686111450195312,21.708999633789062,21.948999404907227,20.700000762939453,21.0,564276000,0.03657535500467324,20.098932811192103,16.936227957407635,15.246192444695367,0.0387744757711607,0.18519392831938175,NVDA
2023-02-03,21.077754974365234,21.100000381469727,21.7450008392334,20.788999557495117,21.0,429366000,-0.02805281514979019,20.352521896362305,17.10321830113729,15.34470100402832,0.03923263816043119,0.22769680133970227,NVDA
2023-02-06,21.066770553588867,21.089000701904297,21.56999969482422,20.785999298095703,20.805999755859375,452197000,-0.0005211380808689547,20.536185128348215,17.255990505218506,15.441034645504422,0.039156564585450776,0.2425173075190663,NVDA
2023-02-07,22.149627685546875,22.17300033569336,22.259000778198242,21.149999618530273,21.381999969482422,664150000,0.051401192660425865,20.794198717389786,17.48355042139689,15.545815828111436,0.03689258507505379,0.19390690466644345,NVDA
2023-02-08,22.18159294128418,22.204999923706055,22.878000259399414,22.007999420166016,22.386999130249023,559651000,0.0014431509274606125,21.22845458984375,17.716604455312094,15.656677998436821,0.036733461547191676,0.22475190985578708,NVDA
2023-02-09,22.313453674316406,22.336999893188477,23.020000457763672,22.1200008392334,22.606000900268555,523876000,0.005944601606443278,21.628033229282924,17.9901824315389,15.769904147254096,0.033120386452256574,0.1990664584607693,NVDA
2023-02-10,21.242582321166992,21.264999389648438,22.077999114990234,20.81100082397461,21.690000534057617,550737000,-0.04799218304703878,21.67398480006627,18.230895042419434,15.867092683580186,0.034917251934190825,0.24784912874663378,NVDA
2023-02-13,21.765031814575195,21.788000106811523,22.04800033569336,20.961999893188477,21.538000106811523,474919000,0.024594443627864004,21.685259137834823,18.470142491658528,15.962817965613471,0.03463160419767323,0.21234082995177084,NVDA
2023-02-14,22.94678497314453,22.97100067138672,23.048999786376953,21.365999221801758,21.577999114990234,675474000,0.054295953648823225,21.95226342337472,18.74841547012329,16.071207798851862,0.03529852036426401,0.1748980360616701,NVDA
2023-02-15,22.740005493164062,22.763999938964844,22.854999542236328,22.106000900268555,22.548999786376953,420575000,-0.00901126150013909,22.191296986171178,19.02975206375122,16.17817669974433,0.034953327333106014,0.20311236612495964,NVDA
2023-02-16,21.978809356689453,22.00200080871582,22.549999237060547,21.927000045776367,22.132999420166016,412026000,-0.03347387654340872,22.166894367762975,19.271263949076335,16.28838364283244,0.035987947713746714,0.2626904132575374,NVDA
2023-02-17,21.365455627441406,21.38800048828125,21.739999771118164,20.975000381469727,21.631000518798828,465888000,-0.027906594906669357,22.050303322928293,19.508447074890135,16.396280744340686,0.03577807996700299,0.307730770425648,NVDA
2023-02-21,20.633228302001953,20.655000686645508,21.493999481201172,20.618000030517578,21.0,410015000,-0.03427155208892407,21.81027112688337,19.701443417867026,16.496974097357857,0.03644900338040974,0.3293469235850621,NVDA
2023-02-22,20.73212432861328,20.753999710083008,21.104000091552734,20.42099952697754,20.707000732421875,513184000,0.004793046689728797,21.737348556518555,19.87213004430135,16.599720584021675,0.035668498853568285,0.29544010986968794,NVDA
2023-02-23,23.63905143737793,23.663999557495117,23.88800048828125,23.024999618530273,23.440000534057617,1117995000,0.14021366371764787,22.005065645490372,20.130357392628987,16.729661867353652,0.042855801818771744,0.14273139895354658,NVDA
2023-02-24,23.26145362854004,23.285999298095703,23.474000930786133,22.94700050354004,23.225000381469727,589716000,-0.015973475494064693,22.050018310546875,20.372934786478677,16.86354138056437,0.0431856899725295,0.18456101867371144,NVDA
2023-02-27,23.476226806640625,23.500999450683594,23.8799991607666,23.45400047302246,23.670000076293945,452994000,0.00923300759833312,22.15519278390067,20.605689239501952,16.992472447289362,0.0430504217909358,0.15627490188737614,NVDA
2023-02-28,23.1915283203125,23.215999603271484,23.825000762939453,23.20599937438965,23.371999740600586,455963000,-0.012127097283264998,22.328438350132533,20.81603406270345,17.11736354827881,0.0432333708775345,0.14143262954970126,NVDA
2023-03-01,22.674074172973633,22.697999954223633,23.256000518798828,22.507999420166016,23.191999435424805,460026000,-0.02231220556886071,22.515383856637136,20.982391802469888,17.235573048061795,0.04310789647494792,0.16607161408660764,NVDA
2023-03-02,23.2894229888916,23.31399917602539,23.3799991607666,22.43199920654297,22.488000869750977,389415000,0.02713887284762584,22.894840240478516,21.180083147684734,17.359032980600993,0.04290513151438401,0.1479172817520198,NVDA
2023-03-03,23.864818572998047,23.889999389648438,23.899999618530273,23.1299991607666,23.31999969482422,412393000,0.024706304848380878,23.34236798967634,21.41733283996582,17.48586794535319,0.04208032411308847,0.13045572591771215,NVDA
2023-03-06,23.529170989990234,23.554000854492188,24.24799919128418,23.48699951171875,23.891000747680664,437429000,-0.014064535289934343,23.326670782906668,21.607632128397622,17.607497617933486,0.04120062734199411,0.17481972772186127,NVDA
2023-03-07,23.26740264892578,23.288000106811523,24.125,23.240999221801758,23.600000381469727,515154000,-0.011125268339280403,23.327520642961776,21.7441198348999,17.718872865041096,0.039433649291399996,0.19937297213992822,NVDA
2023-03-08,24.159608840942383,24.180999755859375,24.200000762939453,23.423999786376953,23.48699951171875,513573000,0.03834575803233431,23.425146647862025,21.907950337727865,17.844211747911242,0.03983316340206124,0.12088033459352476,NVDA
2023-03-09,23.415271759033203,23.43600082397461,24.45400047302246,23.382999420166016,24.174999237060547,501257000,-0.030809152863757405,23.457109996250697,22.045038350423177,17.958173158433702,0.04046312051163533,0.15715124027947724,NVDA
2023-03-10,22.94468879699707,22.96500015258789,23.62700080871582,22.72599983215332,23.409000396728516,474866000,-0.02009726672741219,23.495769228254044,22.150490379333498,18.059604337480334,0.040620803915305356,0.17753097041678356,NVDA
2023-03-13,22.945688247680664,22.965999603271484,23.29800033569336,22.297000885009766,22.75200080871582,421890000,4.3559130064263485e-05,23.446664265223912,22.23722890218099,18.16478617986043,0.040403761062881814,0.14260180817378076,NVDA
2023-03-14,24.041717529296875,24.062999725341797,24.2189998626709,23.459999084472656,23.496000289916992,474910000,0.04776624129925566,23.471935544695175,22.400559425354004,18.281635676489937,0.039274164680088285,0.1202260982814145,NVDA
2023-03-15,24.206571578979492,24.22800064086914,24.285999298095703,23.360000610351562,23.76099967956543,524486000,0.00685699969154574,23.568707057407924,22.55689837137858,18.40391215218438,0.03921739688249801,0.12374118632455611,NVDA
2023-03-16,25.51841163635254,25.541000366210938,25.58799934387207,23.893999099731445,24.027000427246094,583253000,0.05419355042050733,23.89027976989746,22.710148048400878,18.538523133595785,0.038340991253824924,0.08644923083546541,NVDA
2023-03-17,25.702247619628906,25.725000381469727,26.39900016784668,25.667999267578125,25.98200035095215,848547000,0.0072040527402763566,24.11065673828125,22.844019254048664,18.66702077653673,0.03794129059885507,0.12380934712045222,NVDA
2023-03-20,25.877092361450195,25.899999618530273,26.02400016784668,25.1299991607666,25.614999771118164,432747000,0.00680270240987646,24.462345395769393,23.003997166951496,18.79585215250651,0.037381079279035695,0.08918910811039304,NVDA
2023-03-21,26.175827026367188,26.198999404907227,26.392000198364258,25.381000518798828,26.18000030517578,547408000,0.011544367533425914,24.923936571393693,23.174299049377442,18.92466270658705,0.037356594206568436,0.061185592310862624,NVDA
2023-03-22,26.44459342956543,26.468000411987305,27.589000701904297,26.23699951171875,26.424999237060547,797295000,0.01026773300906636,25.423780168805802,23.31746457417806,19.06562532848782,0.03644919536806469,0.04133279738741513,NVDA
2023-03-23,27.166948318481445,27.19099998474121,27.499000549316406,26.690000534057617,27.114999771118164,564889000,0.027315787283324733,25.870241710117885,23.483643086751304,19.192709477742515,0.03663005794179895,0.05476081569551439,NVDA
2023-03-24,26.755313873291016,26.77899932861328,27.16699981689453,26.354999542236328,27.0310001373291,454920000,-0.015152031077056871,26.23434775216239,23.63170509338379,19.30881724887424,0.03686080470926595,0.08857685872526022,NVDA
2023-03-27,26.507537841796875,26.5310001373291,27.0,26.364999771118164,26.836999893188477,361026000,-0.009260815726833571,26.375651495797293,23.807203610738117,19.422527037726507,0.035533548383188306,0.07689091859419594,NVDA
2023-03-28,26.38663673400879,26.40999984741211,26.51300048828125,25.850000381469727,26.44700050354004,356104000,-0.0045610085896944375,26.473421369280135,23.96125710805257,19.5307766172621,0.03546241547619452,0.09371458278351819,NVDA
2023-03-29,26.960132598876953,26.983999252319336,27.077999114990234,26.597000122070312,26.825000762939453,393694000,0.021734329791602613,26.628141403198242,24.095035362243653,19.65378740098741,0.03444936558502722,0.05907212190218325,NVDA
2023-03-30,27.358781814575195,27.382999420166016,27.499000549316406,27.101999282836914,27.229000091552734,364516000,0.014786619251080602,26.797134944370814,24.248994572957358,19.783813095092775,0.03436725823709997,0.03494877014107978,NVDA
2023-03-31,27.752431869506836,27.777000427246094,27.833999633789062,27.104999542236328,27.139999389648438,433933000,0.014388435040697756,26.98396900721959,24.441448656717935,19.92118657430013,0.03353760952739813,0.04233709250833684,NVDA
2023-04-03,27.940263748168945,27.96500015258789,28.0,27.336000442504883,27.509000778198242,398716000,0.006768123224130562,27.09444264003209,24.660608927408855,20.061667940351697,0.0328361446559188,0.044627167719828664,NVDA
2023-04-04,27.42871856689453,27.452999114990234,28.0,27.30699920654297,27.965999603271484,368592000,-0.018308530867319983,27.190643310546875,24.88712526957194,20.188464853498672,0.03222642106647544,0.09926047324483034,NVDA
2023-04-05,26.85722541809082,26.881000518798828,26.99799919128418,26.395000457763672,26.82900047302246,515015000,-0.020835575946062668,27.240598678588867,25.091295305887858,20.303574424319798,0.032705626994429124,0.17845317078335987,NVDA
2023-04-06,27.013086318969727,27.03700065612793,27.079999923706055,26.427000045776367,26.583999633789062,397654000,0.005803313575866165,27.33009147644043,25.20376313527425,20.42317878935072,0.02137758719605154,0.15634143556740177,NVDA
2023-04-10,27.554611206054688,27.57900047302246,27.621000289916992,26.66900062561035,26.822999954223633,395279000,0.020046761065753538,27.415016991751536,25.346868387858073,20.553715896606445,0.021188532988402176,0.13042510074376223,NVDA
2023-04-11,27.14497184753418,27.16900062561035,27.790000915527344,27.125999450683594,27.724000930786133,314378000,-0.014866453946934866,27.384472710745676,25.469159889221192,20.68178759680854,0.02151126836907252,0.12952242175137152,NVDA
2023-04-12,26.471567153930664,26.4950008392334,27.468000411987305,26.447999954223633,27.3700008392334,446259000,-0.024807713833185918,27.201492037091935,25.578494517008462,20.788080999586317,0.021980369089294634,0.15259463675517737,NVDA
2023-04-13,26.439594268798828,26.46299934387207,26.886999130249023,26.32900047302246,26.733999252319336,353615000,-0.001207819882590111,26.987110682896205,25.70401185353597,20.891666094462078,0.02141820924586561,0.43521140802434743,NVDA
2023-04-14,26.734331130981445,26.757999420166016,26.882999420166016,26.219999313354492,26.503999710083008,395660000,0.011147556168455752,26.887912477765763,25.818842124938964,21.001400756835938,0.021053223709519266,0.4554903157274264,NVDA
2023-04-17,26.978120803833008,27.00200080871582,27.006000518798828,26.433000564575195,26.565000534057617,321471000,0.0091189740883042,26.905183247157506,25.922618865966797,21.11679664187961,0.020735487568984426,0.48548224886270486,NVDA
2023-04-18,27.642534255981445,27.66699981689453,28.110000610351562,27.35700035095215,27.533000946044922,604812000,0.024627862592046856,26.995104381016322,26.05973097483317,21.246489832136366,0.020757064063339173,0.36747753982036,NVDA
2023-04-19,27.906293869018555,27.930999755859375,28.0,27.23200035095215,27.361000061035156,358660000,0.009541802882274908,27.045344761439733,26.214360682169595,21.377637428707548,0.020524797171786326,0.4238662122413912,NVDA
2023-04-20,27.08003044128418,27.104000091552734,28.030000686645508,27.0,27.67099952697754,427713000,-0.029608497338003303,27.036067417689733,26.311708068847658,21.48796108033922,0.020613511394344374,0.45096650979892217,NVDA
2023-04-21,27.09501075744629,27.118999481201172,27.183000564575195,26.722000122070312,26.95199966430664,345103000,0.0005531868287440567,27.125130789620535,26.434366035461426,21.600315888722736,0.019554589756390146,0.44441191421207527,NVDA
2023-04-24,27.018081665039062,27.04199981689453,27.365999221801758,26.67099952697754,27.01300048828125,339282000,-0.0028392346139255453,27.207771846226283,26.57014579772949,21.70588884353638,0.0190359479360019,0.42940642936491935,NVDA
2023-04-25,26.217784881591797,26.240999221801758,27.246999740600586,26.225000381469727,27.077999114990234,378527000,-0.029620784827326774,27.133979524884904,26.67921568552653,21.796609189775253,0.020078341430307033,0.42825660735344284,NVDA
2023-04-26,26.932159423828125,26.95599937438965,27.329999923706055,26.704999923706055,27.00200080871582,406337000,0.027247707823627287,27.127413613455637,26.775563748677573,21.89968466228909,0.018872100938820014,0.4287722957055591,NVDA
2023-04-27,27.201921463012695,27.22599983215332,27.4950008392334,26.625,27.363000869750977,377161000,0.010016353866741934,27.064468928745814,26.875408744812013,22.013771300845676,0.018897606648913705,0.42415364403016453,NVDA
2023-04-28,27.724458694458008,27.749000549316406,27.757999420166016,27.070999145507812,27.225000381469727,292216000,0.019209570623745176,27.038492475237167,26.948943646748862,22.137892712487115,0.016642663005275556,0.42297315398241886,NVDA
2023-05-01,28.88442611694336,28.90999984741211,29.058000564575195,27.780000686645508,27.84000015258789,570329000,0.04183913688880159,27.29626328604562,27.05501626332601,22.27842115826077,0.018089797892201595,0.4191023126492117,NVDA
2023-05-02,28.185047149658203,28.209999084472656,28.836000442504883,28.08300018310547,28.68000030517578,402730000,-0.024213012384376453,27.451982770647323,27.13194808959961,22.413054519229465,0.01879979294768549,0.5243336945683863,NVDA
2023-05-03,27.77741050720215,27.802000045776367,28.367000579833984,27.472000122070312,27.84000015258789,383387000,-0.014462868920941174,27.56045831952776,27.18533420562744,22.538541253407796,0.018991927717221954,0.534329124392491,NVDA
2023-05-04,27.537622451782227,27.562000274658203,27.858999252319336,27.239999771118164,27.650999069213867,321850000,-0.008632484131584128,27.749006543840682,27.221768506368,22.674261167314317,0.019027000922808415,0.54910458042153,NVDA
2023-05-05,28.654632568359375,28.68000030517578,28.7549991607666,27.731000900268555,27.826000213623047,361494000,0.04056305581692854,27.995074135916575,27.27135798136393,22.82386850780911,0.01978480353508185,0.5276335127881528,NVDA
2023-05-08,29.125215530395508,29.150999069213867,29.219999313354492,28.350000381469727,28.52199935913086,344979000,0.01642257882433129,28.269830431256974,27.350354703267417,22.9907474093967,0.01968228084996585,0.4767747559414044,NVDA
2023-05-09,28.545726776123047,28.570999145507812,28.972999572753906,28.450000762939453,28.89900016784668,314869000,-0.019896462351246758,28.38715444292341,27.41829433441162,23.152130995856393,0.02000425968594636,0.5060535813342375,NVDA
2023-05-10,28.85944938659668,28.885000228881836,29.113000869750977,28.461000442504883,29.0049991607666,369350000,0.010990177722013605,28.38358633858817,27.500721422831216,23.310707007514107,0.02001203838653452,0.4614288878154249,NVDA
2023-05-11,28.552724838256836,28.577999114990234,28.950000762939453,28.246000289916992,28.895999908447266,322149000,-0.010628219001374895,28.43611172267369,27.55380783081055,23.46575288772583,0.0198491641995795,0.4219398710114082,NVDA
2023-05-12,28.314937591552734,28.34000015258789,28.780000686645508,28.04599952697754,28.52899932861328,274222000,-0.008328005402325034,28.512901306152344,27.585679690043133,23.62147544225057,0.01978844572527384,0.4777814108308003,NVDA
2023-05-15,28.92738914489746,28.952999114990234,28.9689998626709,28.152000427246094,28.507999420166016,293926000,0.021629980690031303,28.711439405168807,27.62484493255615,23.779185846116807,0.01999625067276081,0.42027627995600514,NVDA
2023-05-16,29.187158584594727,29.21299934387207,29.8700008392334,28.832000732421875,28.840999603271484,449405000,0.00898005134151858,28.787514550345286,27.666408093770347,23.94515469868978,0.020020120342380654,0.39753622893862217,NVDA
2023-05-17,30.15130615234375,30.17799949645996,30.198999404907227,29.43000030517578,29.583999633789062,432535000,0.033033279514159686,28.934098924909318,27.75716101328532,24.115243233574763,0.020445143409469218,0.4018947912850026,NVDA
2023-05-18,31.649982452392578,31.67799949645996,31.827999114990234,30.31999969482422,30.40999984741211,748725000,0.049705186650175426,29.37756402151925,27.916919581095378,24.293448310428197,0.02159069298492489,0.3390172153224844,NVDA
2023-05-19,31.236351013183594,31.263999938964844,31.579999923706055,30.916000366210938,31.535999298095703,473908000,-0.013068931075433055,29.717121396745956,28.057695070902508,24.46393853293525,0.02186118582884937,0.3536775461743422,NVDA
2023-05-22,31.14842414855957,31.176000595092773,31.520000457763672,30.68000030517578,30.900999069213867,372000000,-0.0028148891202725013,30.087935583932058,28.17748883565267,24.632430669996474,0.021719589736460605,0.35063378921169863,NVDA
2023-05-23,30.66085433959961,30.687999725341797,31.288000106811523,30.631000518798828,31.0,356253000,-0.01565311319232532,30.423066547938756,28.29468491872152,24.789844682481554,0.02174401464161434,0.38514728165603507,NVDA
2023-05-24,30.510986328125,30.538000106811523,30.60700035095215,29.805999755859375,30.209999084472656,721419000,-0.004887926794689745,30.649294716971262,28.429332224527993,24.941286934746635,0.021119856652827906,0.38137300156833875,NVDA
2023-05-25,37.946407318115234,37.97999954223633,39.47999954223633,36.6349983215332,38.52299880981445,1543911000,0.24369651344690446,31.90061596461705,28.81289265950521,25.166432105170355,0.04838559063863444,0.1166241749245005,NVDA
2023-05-26,38.91156005859375,38.94599914550781,39.16999816894531,37.54999923706055,37.88999938964844,714397000,0.025434627641752083,33.152080808367046,29.21880029042562,25.40590852101644,0.04843576844430522,0.12736950748752607,NVDA
2023-05-30,40.07551956176758,40.111000061035156,41.9379997253418,39.94900131225586,40.595001220703125,923401000,0.02991294878491413,34.35572896684919,29.655380249023438,25.665110651652018,0.048518168487972746,0.1463629201193235,NVDA
2023-05-31,37.80054473876953,37.83399963378906,40.29499816894531,37.821998596191406,39.487998962402344,1002580000,-0.056767194733225446,35.293470927647185,29.993980598449706,25.887114567226835,0.05016801139242611,0.20192677784027868,NVDA
2023-06-01,39.73482894897461,39.77000045776367,40.04999923706055,38.34000015258789,38.48899841308594,635873000,0.05117080252606021,36.52010018484933,30.388265101114907,26.115581872728136,0.05068281672744028,0.16836313501398337,NVDA
2023-06-02,39.29221725463867,39.32699966430664,40.5,39.05799865722656,40.09700012207031,482731000,-0.01113913677354228,37.75315202985491,30.79533799489339,26.33833213382297,0.05025822433913115,0.2077939313717505,NVDA
2023-06-05,39.136356353759766,39.17100143432617,39.564998626708984,38.707000732421875,38.909000396728516,396094000,-0.003966711775739928,38.985347747802734,31.196716181437175,26.558706855773927,0.05030538069759989,0.20195741235735842,NVDA
2023-06-06,38.61981964111328,38.65399932861328,39.15999984741211,38.14799880981445,38.83000183105469,388729000,-0.013198385357528597,39.08154950823103,31.58344078063965,26.768025652567545,0.05045624158099379,0.1777489309018987,NVDA
2023-06-07,37.44572448730469,37.474998474121094,39.499000549316406,37.35599899291992,38.915000915527344,511998000,-0.03040136294574236,38.872144426618306,31.95770543416341,26.95805000729031,0.050479219949740424,0.18236161713547805,NVDA
2023-06-08,38.479923248291016,38.5099983215332,38.86399841308594,37.505001068115234,37.7239990234375,417772000,0.02761860733491628,38.64420209612165,32.34263089497884,27.172918023003472,0.05048285995588657,0.15845221323764047,NVDA
2023-06-09,38.739715576171875,38.77000045776367,39.71099853515625,38.56700134277344,39.0369987487793,427717000,0.006751373338365507,38.7783693586077,32.727224032084145,27.386510382758246,0.050493193207743106,0.17820478280289542,NVDA
2023-06-12,39.4511604309082,39.481998443603516,39.529998779296875,38.61800003051758,39.20000076293945,388701000,0.01836474130372623,38.737845284598215,33.11811408996582,27.592401928371853,0.05048982490182639,0.15120821784423244,NVDA
2023-06-13,40.98995590209961,41.02199935913086,41.10100173950195,39.7400016784668,40.18600082397461,613208000,0.03900507499358197,38.98037937709263,33.52163174947103,27.80688908894857,0.05043650255653183,0.11891193809816425,NVDA
2023-06-14,42.963417053222656,42.99700164794922,43.0,40.551998138427734,40.82400131225586,740465000,0.04814499327192401,39.52710233415876,34.014244079589844,28.050063112046985,0.050333467008787186,0.08728515843852058,NVDA
2023-06-15,42.61968994140625,42.65299987792969,43.28900146484375,42.14699935913086,42.60200119018555,568622000,-0.008000460284399602,40.09851237705776,34.508986727396646,28.289539994133843,0.05021559815065684,0.09556172586680711,NVDA
2023-06-16,42.65865707397461,42.69200134277344,43.72100067138672,42.6609992980957,43.45000076293945,655709000,0.0009142988281221065,40.843217032296316,35.01302121480306,28.517418098449706,0.05008768897750091,0.08936097874656701,NVDA
2023-06-20,43.77377700805664,43.80799865722656,43.9900016784668,42.67399978637695,42.99800109863281,451153000,0.02614053068169242,41.599481855119976,35.5169926961263,28.75733125474718,0.04991057810638204,0.010523455575247587,NVDA
2023-06-21,43.011383056640625,43.04499816894531,43.6150016784668,42.08000183105469,43.500999450683594,551603000,-0.01741668193895385,42.20972006661551,35.97986494700114,28.987308247884116,0.05026558149295942,0.034150154285840006,NVDA
2023-06-22,42.99139404296875,43.025001525878906,43.42599868774414,42.23400115966797,42.25299835205078,417737000,-0.00046473775664346295,42.715467725481304,36.46138718922933,29.22896171145969,0.04993547723173931,0.03846614568175011,NVDA
2023-06-23,42.17603302001953,42.20899963378906,42.808998107910156,42.01499938964844,42.4640007019043,358140000,-0.01896568001805865,42.88490731375558,36.905273310343425,29.455750613742403,0.05031288720911519,0.07600273656558487,NVDA
2023-06-26,40.600257873535156,40.63199996948242,42.763999938964844,40.099998474121094,42.46099853515625,594322000,-0.03736186249988016,42.54731314522879,37.3068577448527,29.651900312635632,0.0509931083672959,0.09923232993652054,NVDA
2023-06-27,41.84328842163086,41.875999450683594,41.939998626708984,40.448001861572266,40.79899978637695,462175000,0.03061632150139526,42.43639864240374,37.75780277252197,29.86415901184082,0.05092879672932822,0.01619085917570917,NVDA
2023-06-28,41.08488464355469,41.117000579833984,41.845001220703125,40.518001556396484,40.65999984741211,582639000,-0.018124860800474596,42.211574009486604,38.16305262247722,30.076448737250434,0.05124593204845165,0.03091171567059936,NVDA
2023-06-29,40.79011154174805,40.821998596191406,41.599998474121094,40.599998474121094,41.55799865722656,380514000,-0.00717473358788856,41.78533608572824,38.54981772104899,30.292278247409396,0.051373355472506474,0.000808388158740625,NVDA
2023-06-30,42.268959045410156,42.301998138427734,42.54999923706055,41.500999450683594,41.68000030517578,501148000,0.036255049269687145,41.67927551269531,38.95373948415121,30.53267525566949,0.051421384865297806,0.034300992531600905,NVDA
2023-07-03,42.3798713684082,42.41299819946289,42.89799880981445,42.20199966430664,42.516998291015625,198209000,0.0026239662746103676,41.591915130615234,39.31140244801839,30.773205778333875,0.05096242949195085,0.03600327247651558,NVDA
2023-07-05,42.2839469909668,42.31700134277344,43.176998138427734,42.084999084472656,42.1349983215332,323618000,-0.0022634419205177503,41.60733141217913,39.67965564727783,30.980371284484864,0.05082512506084267,0.027624653310397873,NVDA
2023-07-06,42.07011413574219,42.10300064086914,42.17900085449219,41.34600067138672,41.84400177001953,303582000,-0.005057069418573645,41.81731087820871,40.04371198018392,31.189356401231553,0.05084819212480048,0.02947527970441488,NVDA
2023-07-07,42.46979904174805,42.50299835205078,43.2140007019043,42.18000030517578,42.321998596191406,355881000,0.009500447389238165,41.906812395368306,40.437343470255534,31.40039609273275,0.050597006134838675,0.01872812343401975,NVDA
2023-07-10,42.14705276489258,42.18000030517578,42.81100082397461,41.64899826049805,42.65700149536133,353908000,-0.007599430280755715,42.058550698416575,40.82521235148112,31.61101303100586,0.05063068373563029,0.11348988473378108,NVDA
2023-07-11,42.37187576293945,42.404998779296875,42.757999420166016,42.06700134277344,42.48099899291992,298244000,0.005334251941671919,42.284517015729634,40.9727279663086,31.82987749311659,0.02544768681723142,0.07694840969637462,NVDA
2023-07-12,43.867706298828125,43.902000427246094,43.935001373291016,42.777000427246094,43.03300094604492,481277000,0.03530243844425218,42.51290948050363,41.137932840983076,32.05852508544922,0.025795740476179132,0.0732087116345046,NVDA
2023-07-13,45.94108963012695,45.97700119018555,46.154998779296875,44.492000579833984,44.518001556396484,478204000,0.04726445730202711,43.02165494646345,41.33345184326172,32.30381698608399,0.026572087947597946,0.025795427304463825,NVDA
2023-07-14,45.43348693847656,45.46900177001953,48.0880012512207,45.060001373291016,46.58300018310547,772075000,-0.01104899112618174,43.47158922467913,41.58788324991862,32.5471982744005,0.024110187871405352,0.012074189705625127,NVDA
2023-07-17,46.42470932006836,46.46099853515625,46.49599838256836,45.262001037597656,46.28900146484375,510488000,0.02181699993518116,44.09367425101144,41.81087926228841,32.80450168185764,0.02279131969286218,0.008049739526649224,NVDA
2023-07-18,47.45690155029297,47.49399948120117,47.895999908447266,45.73400115966797,46.70100021362305,569164000,0.022233682134837007,44.806117466517854,42.083035405476885,33.06336048973931,0.022768185435774607,0.027161356796191027,NVDA
2023-07-19,47.04023361206055,47.07699966430664,47.81800079345703,46.742000579833984,47.4640007019043,427502000,-0.0087799229326182,45.505143301827566,42.34649798075358,33.32586006588406,0.02286169877534967,0.046455710522357085,NVDA
2023-07-20,45.48445129394531,45.52000045776367,47.08700180053711,45.0620002746582,46.50699996948242,537865000,-0.033073439450699293,45.949796949114116,42.57531903584798,33.576301871405704,0.02372107207240012,0.08424850270172901,NVDA
2023-07-21,44.27438735961914,44.308998107910156,45.86600112915039,44.099998474121094,45.78799819946289,963769000,-0.026603903090004932,46.00789424351284,42.802941131591794,33.81328741709391,0.02353094024321255,0.0947890643544671,NVDA
2023-07-24,44.577152252197266,44.61199951171875,45.10900115966797,44.040000915527344,44.73099899291992,382516000,0.0068383756531493756,45.81304604666574,43.00618209838867,34.04145891401503,0.023171613284320856,0.08822748412516468,NVDA
2023-07-25,45.64331817626953,45.67900085449219,46.18299865722656,44.92300033569336,44.941001892089844,348081000,0.023917317957871775,45.84302193777902,43.23630218505859,34.27964498731825,0.02342253771546759,0.030339515134070405,NVDA
2023-07-26,45.416500091552734,45.45199966430664,46.053001403808594,44.630001068115234,46.020999908447266,364237000,-0.004969360111831689,45.69899204799107,43.43514684041341,34.500734859042694,0.023376391076057802,0.01744287571385139,NVDA
2023-07-27,45.86415100097656,45.900001525878906,47.39500045776367,45.75,46.51900100708008,455976000,0.009856569936508297,45.47145625523159,43.59762001037598,34.72475600772434,0.02250225883025313,-0.0070642032129719645,NVDA
2023-07-28,46.71348571777344,46.75,47.027000427246094,46.38100051879883,46.667999267578125,331194000,0.018518487713395038,45.42477798461914,43.722622299194335,34.956271489461265,0.021104551047708905,-0.033546170643313666,NVDA
2023-07-31,46.692501068115234,46.729000091552734,47.130001068115234,46.50600051879883,46.75400161743164,251055000,-0.00044922037685191096,45.597356523786274,43.85838267008464,35.18423453436957,0.021013568169544333,-0.039703487511886126,NVDA
2023-08-01,46.47067642211914,46.50699996948242,46.900001525878906,46.027000427246094,46.459999084472656,237858000,-0.004750755280221397,45.91111210414341,43.985449981689456,35.406746567620175,0.021060769124836162,-0.021894582412473995,NVDA
2023-08-02,44.23442840576172,44.26900100708008,45.84000015258789,43.387001037597656,45.83100128173828,530142000,-0.04812170143693051,45.86215155465262,44.00080502827962,35.59638523525662,0.02256615469464839,0.029721821454165687,NVDA
2023-08-03,44.480228424072266,44.51499938964844,45.11800003051758,43.79999923706055,43.79999923706055,324176000,0.005556758099275694,45.6959958757673,44.049766540527344,35.7933287302653,0.022322333472146468,-0.013734297580020982,NVDA
2023-08-04,44.64510726928711,44.68000030517578,45.641998291015625,44.393001556396484,44.98500061035156,362666000,0.0037067895345073154,45.58579690115793,44.10489031473796,35.99485727945964,0.022323561885017308,-0.01589941835084996,NVDA
2023-08-07,45.381526947021484,45.41699981689453,45.540000915527344,44.5629997253418,45.111000061035156,322154000,0.016494969388078484,45.51685060773577,44.21174011230469,36.20591161515978,0.022140613834969788,-0.041689590085146944,NVDA
2023-08-08,44.62911605834961,44.66400146484375,45.242000579833984,44.055999755859375,44.85300064086914,353843000,-0.016579673256702954,45.21908351353237,44.346035385131835,36.40223365359836,0.02114735138106698,-0.05421635822110038,NVDA
2023-08-09,42.52076721191406,42.55400085449219,44.3120002746582,42.13399887084961,44.27399826049805,586449000,-0.04724155512466388,44.623121534075054,44.36861801147461,36.57070015801324,0.022427613929419735,-0.036039626202298725,NVDA
2023-08-10,42.354888916015625,42.38800048828125,43.57400131225586,41.834999084472656,42.15999984741211,492705000,-0.0039011124863231883,44.03515189034598,44.41095148722331,36.73294968075223,0.022162977781797936,-0.018273398012083164,NVDA
2023-08-11,40.82308578491211,40.85499954223633,42.018001556396484,40.638999938964844,41.750999450683594,533085000,-0.036165910720268646,43.54781723022461,44.41205062866211,36.87609214782715,0.023153083698273617,0.033545025864065936,NVDA
2023-08-14,43.71882629394531,43.75299835205078,43.79999923706055,40.31100082397461,40.486000061035156,690286000,0.07093389569544617,43.43904549734933,44.46037953694661,37.05709334479438,0.025732762839313715,-0.04202090845283524,NVDA
2023-08-15,43.90568542480469,43.939998626708984,45.268001556396484,43.709999084472656,44.560001373291016,676512000,0.00427411133142086,43.333413805280415,44.511240005493164,37.24652067820231,0.02573713721573012,-0.0334207617076927,NVDA
2023-08-16,43.4520263671875,43.486000061035156,44.67499923706055,43.40599822998047,44.52000045776367,527451000,-0.010332581150433229,43.05777086530413,44.55017598470052,37.429175567626956,0.025819835167920458,-0.009047653662360045,NVDA
2023-08-17,43.310142517089844,43.34400177001953,44.0620002746582,43.000999450683594,43.970001220703125,452395000,-0.003265298812503703,42.86934607369559,44.59151026407878,37.60423702663846,0.025806861694309038,0.0036587855685659143,NVDA
2023-08-18,43.26517868041992,43.29899978637695,43.577999114990234,41.65999984741211,42.6349983215332,583768000,-0.0010381826070459121,42.97569056919643,44.61802291870117,37.78335043589274,0.025762919560373597,0.034335307727487496,NVDA
2023-08-21,46.93031692504883,46.96699905395508,47.064998626708984,44.22200012207031,44.49399948120117,692573000,0.08471335046832018,43.62932314191546,44.77746505737305,38.01066987779405,0.029890347184932088,-0.0733795510360048,NVDA
2023-08-22,45.63232421875,45.667999267578125,48.1870002746582,45.33300018310547,48.1349983215332,755293000,-0.027657872167618613,44.3163572038923,44.88614667256673,38.223922432793515,0.03044196309217533,-0.03554710489005408,NVDA
2023-08-23,47.07920455932617,47.11600112915039,47.20000076293945,45.20800018310547,45.86600112915039,779046000,0.03170735581295814,44.79641124180385,44.99319661458333,38.44997658199734,0.030316891188057766,-0.05145439411042274,NVDA
2023-08-24,47.12615966796875,47.16299819946289,50.26599884033203,47.159000396728516,50.215999603271484,1156044000,0.0009973641033678149,45.25647899082729,45.03269894917806,38.673843680487735,0.029130300697439198,-0.029625525342727443,NVDA
2023-08-25,45.982059478759766,46.018001556396484,47.80500030517578,45.02399826049805,47.012001037597656,925341000,-0.024277390673669075,45.61791229248047,45.050984700520836,38.87761618296305,0.02942159888183829,-0.016108534310122047,NVDA
2023-08-28,46.79841613769531,46.834999084472656,46.97999954223633,44.88800048828125,46.481998443603516,685192000,0.01775380807622673,46.116237095424104,45.063441594441734,39.08752865261502,0.029330781736831832,-0.022060945274848476,NVDA
2023-08-29,48.74589538574219,48.784000396728516,49.08100128173828,46.39099884033203,46.66600036621094,701397000,0.04161421280405708,46.89919662475586,45.10640805562337,39.32826048533122,0.030027121120328563,-0.04046713355710596,NVDA
2023-08-30,49.225521087646484,49.263999938964844,49.926998138427734,48.42499923706055,49.04399871826172,735206000,0.009839304378529867,47.227082933698384,45.179250971476236,39.57415504455567,0.03000352429277096,-0.046994402974231186,NVDA
2023-08-31,49.31644821166992,49.35499954223633,49.74399948120117,48.95800018310547,49.380001068115234,528570000,0.0018471541187250473,47.75338636125837,45.306984202067056,39.82191467285156,0.029266511135653088,-0.07882194716573188,NVDA
2023-09-01,48.47111511230469,48.50899887084961,49.79999923706055,48.141998291015625,49.762001037597656,463830000,-0.017140997172728323,47.952230725969585,45.446875127156574,40.06917389763726,0.02898488722734952,-0.0496857806908827,NVDA
2023-09-05,48.51008224487305,48.54800033569336,48.85100173950195,47.86000061035156,48.222999572753906,382653000,0.0008039248215783168,48.14993395124163,45.5779727935791,40.30892859564887,0.0289813038082367,-0.09488294340944337,NVDA
2023-09-06,47.028114318847656,47.06100082397461,48.54899978637695,46.58000183105469,48.441001892089844,468670000,-0.030549689001651115,48.299370356968474,45.62413266499837,40.52921962738037,0.02934388644596551,-0.10337651963337857,NVDA
2023-09-07,46.20869445800781,46.24100112915039,46.34400177001953,45.152000427246094,45.525001525878906,433330000,-0.017424042462860112,48.2151244027274,45.65053914388021,40.73460002475315,0.029524740316975332,-0.08953102251304601,NVDA
2023-09-08,45.540157318115234,45.571998596191406,46.60599899291992,45.270999908447266,45.94200134277344,473069000,-0.014467778147251309,47.75716182163784,45.6397393544515,40.919663704766165,0.02960675517448681,-0.09183269770622227,NVDA
2023-09-11,45.146427154541016,45.178001403808594,46.16299819946289,44.3120002746582,46.14799880981445,473966000,-0.008645779609935622,47.17443411690848,45.587504069010414,41.1081234825982,0.029441486188885865,-0.04876253341292869,NVDA
2023-09-12,44.838645935058594,44.869998931884766,45.67300033569336,44.53099822998047,44.737998962402344,349256000,-0.006817399269024138,46.53474807739258,45.52570889790853,41.29769276512994,0.029462374967421105,-0.026899872743164965,NVDA
2023-09-13,45.45322036743164,45.48500061035156,45.93000030517578,44.50299835205078,44.599998474121094,398355000,0.013706355746405885,46.10362025669643,45.491793696085615,41.49675496419271,0.02957251326361587,-0.08147741947341769,NVDA
2023-09-14,45.549156188964844,45.58100128173828,45.98699951171875,45.13100051879883,45.95000076293945,370097000,0.0021106496032115007,45.68063082013811,45.535617955525716,41.684471893310544,0.028161191407487428,-0.11528940563151868,NVDA
2023-09-15,43.86932373046875,43.900001525878906,45.5989990234375,43.80799865722656,45.340999603271484,506831000,-0.03687955165463774,45.22937502179827,45.515254465738934,41.848295317755806,0.02899610972974054,-0.07744876557380476,NVDA
2023-09-18,43.93527603149414,43.965999603271484,44.242000579833984,42.0,42.74800109863281,500271000,0.0015033808460462872,44.90460096086775,45.49159342447917,42.01929030948215,0.028989022086859186,-0.0637992930503486,NVDA
2023-09-19,43.48958969116211,43.52000045776367,43.965999603271484,43.00199890136719,43.83300018310547,373064000,-0.010144157055313574,44.61166272844587,45.42852884928386,42.181847423977324,0.02886977246437998,-0.0629595014619928,NVDA
2023-09-20,42.20948791503906,42.23899841308594,43.90299987792969,42.222999572753906,43.599998474121094,367108000,-0.029434671267620338,44.19209997994559,45.347874577840166,42.33358923594157,0.029202104607116006,0.0020359758965324826,NVDA
2023-09-21,40.98833465576172,41.016998291015625,42.099998474121094,40.97999954223633,41.58300018310547,450736000,-0.02893077645801645,43.64205551147461,45.29679349263509,42.47440475887723,0.028392186547797273,0.06068230293854371,NVDA
2023-09-22,41.5809211730957,41.61000061035156,42.1150016784668,41.23099899291992,41.571998596191406,479236000,0.014457443131339343,43.08886991228376,45.27099456787109,42.61499955919054,0.02852153564879763,0.08159097057858355,NVDA
2023-09-25,42.19249725341797,42.22200012207031,42.5359992980957,41.176998138427734,41.590999603271484,419091000,0.014708093593606586,42.60934720720564,45.316641616821286,42.759503322177466,0.027814892947683828,0.08358186014930591,NVDA
2023-09-26,41.88172149658203,41.9109992980957,42.81999969482422,41.654998779296875,42.000999450683594,402282000,-0.00736566397028704,42.325404030936106,45.255404790242515,42.88984127044678,0.02455405479080328,0.09648993054220933,NVDA
2023-09-27,42.438323974609375,42.46799850463867,42.87200164794922,41.62900161743164,42.33000183105469,444935000,0.01328986627430706,42.11155373709543,45.20649274190267,43.00971173180474,0.024677524960487664,0.09668464187530867,NVDA
2023-09-28,43.05888748168945,43.0890007019043,43.44599914550781,42.1150016784668,42.459999084472656,424663000,0.014622714776657109,42.0500248500279,45.19338811238607,43.14107324812147,0.024767089807502987,0.08960535467634512,NVDA
2023-09-29,43.468605041503906,43.499000549316406,44.14400100708008,43.30699920654297,43.82699966430664,397830000,0.00951528438789051,42.22989872523716,45.1986701965332,43.277964146931964,0.02481906764616263,0.11117509609887954,NVDA
2023-10-02,44.750701904296875,44.78200149536133,45.17499923706055,43.861000061035156,44.029998779296875,433298000,0.029494778163891455,42.76737976074219,45.2481876373291,43.434518008761934,0.025377231438245232,0.08570403459923037,NVDA
2023-10-03,43.48659133911133,43.516998291015625,45.130001068115234,43.24599838256836,44.80799865722656,470850000,-0.028247837718589408,43.03961835588728,45.133396784464516,43.57869139777289,0.02050718968139301,0.1410711762162482,NVDA
2023-10-04,44.01022720336914,44.04100036621094,44.143001556396484,43.29199981689453,43.742000579833984,361821000,0.012041317751820602,43.29929406302316,45.07932688395182,43.646067174275714,0.020093398902804996,0.11005661168740577,NVDA
2023-10-05,44.65677261352539,44.6879997253418,44.900001525878906,43.88800048828125,44.04999923706055,393483000,0.014690799190119952,43.69572993687221,44.99857915242513,43.70990286933051,0.019364933544938328,0.10723243188295739,NVDA
2023-10-06,45.73002243041992,45.762001037597656,45.78900146484375,44.0260009765625,44.19300079345703,434436000,0.024033304560156843,44.165972573416575,44.95204124450684,43.77273067898221,0.019919337651562636,0.0772693954904844,NVDA
2023-10-09,45.241355895996094,45.27299880981445,45.60499954223633,44.36800003051758,44.84199905395508,409675000,-0.010685901918534024,44.47775377546038,44.92735112508138,43.85540635850695,0.019517694645545293,0.1134453087122409,NVDA
2023-10-10,45.76599884033203,45.79800033569336,46.25899887084961,45.0880012512207,45.310001373291016,368582000,0.011596534496932875,44.805952889578684,44.89293721516927,43.9224193572998,0.01935235613554572,0.09052800459304033,NVDA
2023-10-11,46.77328872680664,46.805999755859375,46.85900115966797,46.04999923706055,46.19599914550781,378137000,0.022009568500598764,45.09489386422293,44.827183659871416,44.00554237365723,0.018174185432866655,0.04080680597882602,NVDA
2023-10-12,46.91219711303711,46.94499969482422,47.60900115966797,46.33000183105469,46.777000427246094,481325000,0.0029698229483456906,45.5842661176409,44.75007286071777,44.091940604315866,0.018073094182734135,0.01770161064409259,NVDA
2023-10-13,45.429229736328125,45.46099853515625,47.11600112915039,45.279998779296875,46.959999084472656,474115000,-0.03161155238872537,45.78698076520647,44.62049891153971,44.16760071648492,0.018877435041861637,0.06117339827021584,NVDA
2023-10-16,46.06278991699219,46.095001220703125,46.224998474121094,44.9119987487793,45.0629997253418,375099000,0.013946091191535892,45.987840379987446,44.5402214050293,44.26334588792589,0.018902640204217294,0.03744437719853533,NVDA
2023-10-17,43.90730285644531,43.9379997253418,44.75400161743164,42.47999954223633,44.0,812333000,-0.04679453989719662,45.727451869419646,44.38679542541504,44.32365010579427,0.020620139543640382,0.09563454015261108,NVDA
2023-10-18,42.16651153564453,42.19599914550781,43.21900177001953,41.82500076293945,42.590999603271484,627294000,-0.0396469654829924,45.28818838936942,44.22474199930827,44.361725616455075,0.021098918994237246,0.10839901723387046,NVDA
2023-10-19,42.07158279418945,42.10100173950195,43.297000885009766,41.88199996948242,42.81100082397461,501233000,-0.00225128278337261,44.76041466849191,44.08683827718099,44.39084142049153,0.02093268715541671,0.11078127809402516,NVDA
2023-10-20,41.35808181762695,41.387001037597656,42.470001220703125,41.077999114990234,41.88999938964844,477266000,-0.016959214015143775,43.98681368146624,43.947435760498045,44.39493170844184,0.02098500910631163,0.09962051409857042,NVDA
2023-10-23,42.94497299194336,42.974998474121094,43.24800109863281,40.94499969482422,41.229000091552734,478530000,0.038369554499988245,43.42006737845285,43.874053955078125,44.394726774427625,0.02226467093419704,0.08365548869504935,NVDA
2023-10-24,43.63249206542969,43.66299819946289,43.696998596191406,42.691001892089844,43.07699966430664,401463000,0.01600930273294865,43.163390568324495,43.833848826090495,44.40598013136122,0.022463142103710948,0.04223239805294554,NVDA
2023-10-25,41.74980926513672,41.77899932861328,43.650001525878906,41.55500030517578,43.39799880981445,398379000,-0.043148642471985466,42.54725047520229,43.71040178934733,44.39588182237413,0.02357968141835204,0.11539516515293302,NVDA
2023-10-26,40.297821044921875,40.32600021362305,42.25600051879883,39.880001068115234,41.85300064086914,541001000,-0.034778319847974304,42.03161021641323,43.535357284545896,44.35726008945041,0.02427930281426521,0.1781524923910187,NVDA
2023-10-27,40.47169876098633,40.5,41.20600128173828,40.01499938964844,41.130001068115234,416784000,0.004314816820260026,41.78949410574777,43.42210311889649,44.32904137505425,0.02349544285720722,0.1513852839926204,NVDA
2023-10-30,41.13223648071289,41.1609992980957,41.76599884033203,40.48099899291992,41.08700180053711,388028000,0.016320978361385352,41.65530177525112,43.32866846720378,44.308384068806966,0.023735162929711437,0.1579211781533696,NVDA
2023-10-31,40.75150680541992,40.779998779296875,40.87900161743164,39.22999954223633,40.45000076293945,517969000,-0.009256235689287018,41.568648202078684,43.23739903767903,44.29255599975586,0.023725105778735694,0.17930913566087714,NVDA
2023-11-01,42.29542541503906,42.32500076293945,42.38100051879883,40.86899948120117,40.88399887084961,437593000,0.03788617233200808,41.475855691092356,43.24026362101237,44.31139119466146,0.0242088609652322,0.14245115126125918,NVDA
2023-11-02,43.47560119628906,43.50600051879883,43.88399887084961,42.89400100708008,43.327999114990234,409172000,0.02790315429314405,41.45344270978655,43.32317250569661,44.32952800326877,0.024061533955737683,0.12385183367921782,NVDA
2023-11-03,44.973548889160156,45.005001068115234,45.308998107910156,43.722999572753906,44.02000045776367,424610000,0.0344549046281839,41.9139769417899,43.4362600962321,44.3727353837755,0.024680480959371455,0.1127965402569362,NVDA
2023-11-06,45.719024658203125,45.750999450683594,45.935001373291016,44.89899826049805,45.28499984741211,400733000,0.016575871539073583,42.68843460083008,43.55381100972493,44.427501085069444,0.024713591484136883,0.08431219841387971,NVDA
2023-11-07,45.92288589477539,45.95500183105469,46.21799850463867,45.15800094604492,45.71900177001953,343165000,0.0044590023102273335,43.4671756199428,43.688516489664714,44.468100272284616,0.024637132274814042,0.047007623681833755,NVDA
2023-11-08,46.54145812988281,46.57400131225586,46.867000579833984,45.96799850463867,46.099998474121094,346719000,0.013469803194093188,44.23992156982422,43.825287628173825,44.51434012518989,0.024639652114523534,0.05196685989270655,NVDA
2023-11-09,46.91719436645508,46.95000076293945,48.22999954223633,46.75,47.46699905395508,540496000,0.008073151372346432,45.12073407854353,43.953897857666014,44.565820651584204,0.024565476297062135,0.04013403950106431,NVDA
2023-11-10,48.301231384277344,48.334999084472656,48.47200012207031,47.28300094604492,47.5,421245000,0.029499569113446977,45.97870635986328,44.11498540242513,44.63505528767904,0.025010720925838333,0.01961975940693783,NVDA
2023-11-13,48.58601760864258,48.619998931884766,49.11600112915039,48.0989990234375,48.31999969482422,384136000,0.005896044804728051,46.708765847342356,44.24282925923665,44.703013271755644,0.02454223536235339,0.016481957845200013,NVDA
2023-11-14,49.62129592895508,49.65599822998047,49.83399963378906,49.040000915527344,49.68000030517578,416954000,0.021308153482584302,47.3727297101702,44.447319412231444,44.786060418023006,0.024026175076661414,-0.0026107161595719797,NVDA
2023-11-15,48.853843688964844,48.88800048828125,49.959999084472656,48.20000076293945,49.935001373291016,475497000,-0.015466186959103734,47.82056100027902,44.60877329508464,44.85808228386773,0.02425969752497488,0.013057419287434646,NVDA
2023-11-16,49.44542694091797,49.47999954223633,49.525001525878906,48.33000183105469,48.67900085449219,339756000,0.012109246832644915,48.32378114972796,44.76839510599772,44.92005695766873,0.024224187780704395,-0.026430234885188253,NVDA
2023-11-17,49.263553619384766,49.29800033569336,49.71699905395508,49.00699996948242,49.52399826049805,325205000,-0.00367826375026592,48.712651933942524,44.886179478963214,44.956973224216036,0.023948361996764898,-0.03498752724241516,NVDA
2023-11-20,50.373775482177734,50.409000396728516,50.54800033569336,49.180999755859375,49.3120002746582,414120000,0.0225363738753126,49.20644923618862,45.05726013183594,45.011865319146054,0.02407281314778816,-0.047744964988368555,NVDA
2023-11-21,49.90910339355469,49.944000244140625,50.516998291015625,49.22200012207031,50.125999450683594,565747000,-0.009224484052966164,49.43614523751395,45.19536361694336,45.05058080885146,0.02414242853677249,-0.01687263803245831,NVDA
2023-11-22,48.68195724487305,48.715999603271484,50.334999084472656,47.689998626708984,49.85200119018555,899420000,-0.024587621600914544,49.44985089983259,45.258985900878905,45.06419253879123,0.02438670989863022,0.07269879685931713,NVDA
2023-11-24,47.742618560791016,47.7760009765625,48.92100143432617,47.744998931884766,48.470001220703125,294645000,-0.019295417383428215,49.18146841866629,45.28666661580404,45.07199681599935,0.024681342561683153,0.1123716695240704,NVDA
2023-11-27,48.208290100097656,48.242000579833984,48.529998779296875,47.652000427246094,47.79999923706055,395662000,0.009753791336637674,49.089246477399556,45.37930196126302,45.10226169162326,0.0239480803131434,0.12671075972695256,NVDA
2023-11-28,47.78758239746094,47.82099914550781,48.323001861572266,47.472999572753906,48.236000061035156,401491000,-0.008726874605242796,48.852411542619976,45.43679504394531,45.14129719204373,0.023924317025975122,0.14650104556251398,NVDA
2023-11-29,48.10635757446289,48.13999938964844,48.762001037597656,47.86000061035156,48.37900161743164,382005000,0.00667066968047525,48.68709782191685,45.5767635345459,45.18051058451335,0.022126170972110972,0.13657689885164248,NVDA
2023-11-30,46.73731994628906,46.77000045776367,48.11000061035156,46.422000885009766,48.02399826049805,526247000,-0.02845855926744656,48.16760417393276,45.72912381490072,45.192666159735786,0.021461876711560256,0.205622340618294,NVDA
2023-12-01,46.73232650756836,46.76499938964844,47.20000076293945,46.1870002746582,46.525001525878906,369317000,-0.00010684050190390426,47.713778904506135,45.88448193868001,45.20728645324707,0.021445076502367707,0.19871534444968764,NVDA
2023-12-04,45.47819519042969,45.5099983215332,46.07699966430664,45.0099983215332,46.07699966430664,437543000,-0.02683648366908431,47.25609861101423,46.02181905110677,45.202998055352104,0.0218457586431888,0.25493363606075437,NVDA
2023-12-05,46.53755569458008,46.566001892089844,46.599998474121094,45.270999908447266,45.465999603271484,371718000,0.02329381145655751,47.0839467729841,46.141571807861325,45.20104327731662,0.021176795103765012,0.27756306569238953,NVDA
2023-12-06,45.475196838378906,45.50299835205078,47.387001037597656,45.4119987487793,47.21500015258789,380590000,-0.022827990003886245,46.69350487845285,46.20299530029297,45.187517674763996,0.021531825129324653,0.31099064260279086,NVDA
2023-12-07,46.567535400390625,46.59600067138672,46.62900161743164,45.604000091552734,45.70000076293945,350823000,0.02402053510387092,46.519212450299946,46.3635861714681,45.18859388563368,0.020166733035767142,0.2849386437734489,NVDA
2023-12-08,47.47697830200195,47.50600051879883,47.74100112915039,46.54999923706055,46.595001220703125,359224000,0.01952954765142456,46.42930112566267,46.60289141337077,45.22462221781413,0.018983041634345537,0.29166855820093596,NVDA
2023-12-11,46.59851837158203,46.62699890136719,47.53099822998047,45.83000183105469,47.49100112915039,509728000,-0.018502861004169646,46.40947232927595,46.80711873372396,45.24815877278646,0.019488910750656657,0.3214874485101824,NVDA
2023-12-12,47.62788772583008,47.65700149536133,47.66600036621094,46.04600143432617,46.04600143432617,372387000,0.02209017346945963,46.53740964617048,47.02364044189453,45.28130077785916,0.01963349101862371,0.2806303219809754,NVDA
2023-12-13,48.058624267578125,48.0880012512207,48.59400177001953,47.608001708984375,47.62900161743164,447792000,0.009043788467537839,46.9060423714774,47.267211023966475,45.311046303643124,0.019456023108336037,0.29897263753464753,NVDA
2023-12-14,48.320457458496094,48.349998474121094,48.66999816894531,47.422000885009766,48.38999938964844,391232000,0.005448204040551463,47.1607426234654,47.46804542541504,45.35206120808919,0.018482339974833638,0.2983248174496749,NVDA
2023-12-15,48.86013412475586,48.88999938964844,49.40399932861328,48.119998931884766,48.194000244140625,479948000,0.011168699442121621,47.644305092947825,47.64752985636393,45.42249861823188,0.01800149340832188,0.25847821166608664,NVDA
2023-12-18,50.046409606933594,50.07699966430664,50.43299865722656,49.150001525878906,49.400001525878906,412587000,0.024279005848587776,48.14128712245396,47.81662521362305,45.50795995924208,0.017497773982398244,0.2586015970588822,NVDA
2023-12-19,49.57369613647461,49.604000091552734,49.70000076293945,48.89500045776367,49.42399978637695,464444000,-0.009445502168321296,48.44081824166434,47.94511426289876,45.60518896314833,0.017483320052947265,0.3337635865853634,NVDA
2023-12-20,48.08161163330078,48.111000061035156,49.999000549316406,48.097999572753906,49.654998779296875,397894000,-0.03009831058523804,48.652688707624165,48.01707178751628,45.653664355807834,0.01848345575732203,0.441084181866102,NVDA
2023-12-21,48.9600715637207,48.9900016784668,49.095001220703125,48.41899871826172,48.81100082397461,300425000,0.01827018480827114,48.84300068446568,48.09769223531087,45.70982420179579,0.01860923143790463,0.39259028863331746,NVDA
2023-12-22,48.8001708984375,48.83000183105469,49.382999420166016,48.46699905395508,49.19499969482422,252507000,-0.0032659401870991367,48.94893591744559,48.160458119710285,45.76924802992079,0.018593787254789978,0.43557217757165967,NVDA
2023-12-26,49.2488899230957,49.27899932861328,49.599998474121094,48.959999084472656,48.96799850463867,244200000,0.009195029779548891,49.081569126674104,48.1920467376709,45.83523411220975,0.017895112968843906,0.41319834448476445,NVDA
2023-12-27,49.386810302734375,49.41699981689453,49.68000030517578,49.084999084472656,49.51100158691406,233648000,0.00280047692149088,49.15680858067104,48.21873982747396,45.90325224134657,0.017873645369112463,0.4596803943874679,NVDA
2023-12-28,49.49174880981445,49.52199935913086,49.88399887084961,49.4119987487793,49.643001556396484,246587000,0.0021248286017423457,49.07757132393973,48.21442159016927,45.93171259562175,0.01744905054864532,0.4589071266956555,NVDA
2023-12-29,49.49174880981445,49.52199935913086,49.99700164794922,48.750999450683594,49.8129997253418,389293000,0.0,49.06586456298828,48.23568509419759,45.974595091078015,0.017201208695550033,0.4564842744681368,NVDA
2024-01-02,48.138572692871094,48.167999267578125,49.29499816894531,47.595001220703125,49.24399948120117,411254000,-0.027341448816919134,49.074001857212615,48.19212328592936,45.9863658481174,0.017787106302745954,0.5342140309898269,NVDA
2024-01-03,47.53994369506836,47.569000244140625,48.183998107910156,47.31999969482422,47.48500061035156,320896000,-0.01243553691593735,48.87112644740513,48.134669621785484,45.99096344841851,0.017908450983688824,0.5274231240096641,NVDA
2024-01-04,47.96868133544922,47.99800109863281,48.5,47.507999420166016,47.766998291015625,306535000,0.00901847177461712,48.752342224121094,48.054499816894534,46.013037024603946,0.01745945713266872,0.5128334651588562,NVDA
2024-01-05,49.0670051574707,49.09700012207031,49.547000885009766,48.305999755859375,48.46200180053711,415039000,0.022896685742533007,48.72635868617466,48.02642987569173,46.03824356926812,0.017946376078169582,0.41458758677566565,NVDA
2024-01-08,52.22107696533203,52.25299835205078,52.275001525878906,49.479000091552734,49.512001037597656,642510000,0.06428091133214608,49.13125392368862,48.14440053304036,46.07685669793023,0.02090813547347851,0.29125613739405876,NVDA
2024-01-09,53.10753631591797,53.13999938964844,54.32500076293945,51.689998626708984,52.4010009765625,773100000,0.01697512579402427,49.647794995989116,48.32323112487793,46.11999020046658,0.020648336238514964,0.4779453436482668,NVDA
2024-01-10,54.31679916381836,54.349998474121094,54.599998474121094,53.48899841308594,53.61600112915039,533796000,0.022770079950741984,50.33708790370396,48.52684809366862,46.17554965549045,0.020913663446208555,0.450174638732429,NVDA
2024-01-11,54.78851318359375,54.821998596191406,55.34600067138672,53.560001373291016,54.999000549316406,596759000,0.008684495902505418,51.28707940237863,48.76021245320638,46.24574296739366,0.02078391049752984,0.4427054380580513,NVDA
2024-01-12,54.67657470703125,54.709999084472656,54.970001220703125,54.33000183105469,54.619998931884766,352994000,-0.0020431011914376906,52.30659811837332,48.97921969095866,46.31425955030653,0.020817361783317452,0.43851213021351354,NVDA
2024-01-16,56.347557067871094,56.38199996948242,56.834999084472656,54.900001525878906,55.018001556396484,449580000,0.030561211447376113,53.50358036586216,49.299560928344725,46.41780891418457,0.02038101059500243,0.3774431199578314,NVDA
2024-01-17,56.01875686645508,56.053001403808594,56.47100067138672,54.7400016784668,56.34700012207031,474394000,-0.005835216618530148,54.496687752859934,49.60910860697428,46.52680960761176,0.020471208392901896,0.41137846892685803,NVDA
2024-01-18,57.07211685180664,57.106998443603516,57.599998474121094,56.106998443603516,57.2599983215332,491650000,0.018803701550584195,55.189693450927734,49.99557266235352,46.654942491319446,0.019604289101948346,0.4407865243715492,NVDA
2024-01-19,59.45466232299805,59.49100112915039,59.5,57.224998474121094,57.98899841308594,543501000,0.04174622569858277,56.09642573765346,50.426142883300784,46.81392288208008,0.0203818040485313,0.43277134534303063,NVDA
2024-01-22,59.617557525634766,59.65399932861328,60.33100128173828,59.06999969482422,60.04899978637695,452955000,0.002739822181677898,56.85367693219866,50.89755490620931,46.978133010864255,0.019548640364082097,0.4411111576788005,NVDA
2024-01-23,59.83642578125,59.87300109863281,59.90999984741211,58.584999084472656,59.56999969482422,294654000,0.003671204670220307,57.57480730329241,51.339851252237956,47.137946404351126,0.01937066199643461,0.48153841445999435,NVDA
2024-01-24,61.324520111083984,61.36199951171875,62.8489990234375,59.9379997253418,60.30400085449219,560271000,0.02486937196540051,58.52451378958566,51.801435979207355,47.31322822570801,0.019498939457419054,0.5102722685667418,NVDA
2024-01-25,61.5793571472168,61.617000579833984,62.71900177001953,60.849998474121094,62.349998474121094,482777000,0.00415554880284752,59.27191380092076,52.30079727172851,47.51000637478299,0.018834463370286103,0.4205836845094726,NVDA
2024-01-26,60.993717193603516,61.03099822998047,61.78300094604492,60.573001861572266,60.959999084472656,390309000,-0.009510329122358385,59.98262241908482,52.746324920654295,47.69954460991754,0.018989322878072208,0.4054829851041992,NVDA
2024-01-29,62.42683792114258,62.46500015258789,62.48899841308594,60.90700149536133,61.231998443603516,348733000,0.023496202452952808,60.7475825718471,53.22526537577311,47.90995847913954,0.019187175722402118,0.47150109371804305,NVDA
2024-01-30,62.73564910888672,62.77399826049805,63.49300003051758,62.2599983215332,62.900001525878906,410735000,0.004946769659136541,61.216294969831196,53.70577176411947,48.13802693684896,0.019190533919421555,0.4479285681537397,NVDA
2024-01-31,61.48941421508789,61.527000427246094,62.26900100708008,60.70000076293945,61.439998626708984,453795000,-0.019864860115431426,61.483703068324495,54.12674776713053,48.36581670973036,0.01988863732428169,0.42942305457736696,NVDA
2024-02-01,62.98849105834961,63.027000427246094,63.191001892089844,61.650001525878906,62.099998474121094,369146000,0.024379429571698363,61.933998107910156,54.55815048217774,48.60367859734429,0.019891500601401192,0.3937063557503897,NVDA
2024-02-02,66.11959075927734,66.16000366210938,66.5999984741211,63.689998626708984,63.9739990234375,476578000,0.04970907618706444,62.61900820050921,55.109680302937825,48.86953519185384,0.021014580005362996,0.3370487053084277,NVDA
2024-02-05,69.2896499633789,69.33200073242188,69.49700164794922,67.20500183105469,68.2249984741211,680078000,0.04794432584501096,63.72047860281808,55.81661491394043,49.17406773037381,0.020726471360714687,0.28947956343655035,NVDA
2024-02-06,68.18132019042969,68.2229995727539,69.75399780273438,66.30000305175781,69.62999725341797,683111000,-0.0159956035791059,64.7472790309361,56.457323201497395,49.4601010216607,0.021330491398926996,0.3247181106323591,NVDA
2024-02-07,70.05616760253906,70.0989990234375,70.22000122070312,67.5999984741211,68.31900024414062,495575000,0.02749796288591866,65.8371832711356,57.16585642496745,49.76007080078125,0.021344778864157237,0.30443080143953627,NVDA
2024-02-08,69.59844970703125,69.64099884033203,70.79399871826172,69.45500183105469,70.0739974975586,414422000,-0.006533584567523842,66.81758335658482,57.84417508443197,50.050402408176,0.02161617039329123,0.35399304657279096,NVDA
2024-02-09,72.08895874023438,72.13300323486328,72.18499755859375,70.21199798583984,70.53299713134766,436637000,0.035783972828226984,68.33180400303432,58.60091336568197,50.35416081746419,0.02197753971560647,0.3171005892361012,NVDA
2024-02-12,72.20386505126953,72.24800109863281,74.61100006103516,71.25,72.5999984741211,613710000,0.0015939515987353214,69.64828600202289,59.357983907063804,50.67324163648817,0.021986740415841168,0.28121679158867297,NVDA
2024-02-13,72.08395385742188,72.12799835205078,73.44999694824219,69.62000274658203,70.4000015258789,602580000,-0.0016607309561962325,70.50033787318638,60.111057408650716,50.98517193264431,0.022022398418706804,0.25130607053966325,NVDA
2024-02-14,73.85487365722656,73.9000015258789,74.23600006103516,71.93800354003906,73.2020034790039,504917000,0.024567462036106713,71.1525126865932,60.9682674407959,51.309595277574324,0.020759211716446818,0.22273624408154036,NVDA
2024-02-15,72.61360931396484,72.65799713134766,73.9749984741211,72.4000015258789,73.86900329589844,420122000,-0.016806803421296812,71.78569684709821,61.804056294759114,51.6083017985026,0.020969602007197552,0.2437341681646792,NVDA
2024-02-16,72.5686264038086,72.61299896240234,74.4020004272461,72.5009994506836,74.0999984741211,495327000,-0.0006194831875352413,72.14461953299386,62.624054463704425,51.9119381374783,0.021128564258573367,0.23195859001242147,NVDA
2024-02-20,69.40957641601562,69.4520034790039,71.95600128173828,67.73400115966797,71.9469985961914,704833000,-0.043531897244608375,72.11763763427734,63.30214017232259,52.174644554985896,0.023521036269483996,0.28100228498518076,NVDA
2024-02-21,67.4307861328125,67.47200012207031,68.88800048828125,66.24800109863281,68.00599670410156,673755000,-0.028508894382858307,71.45218440464565,63.80913047790527,52.404172303941515,0.02247194843366738,0.2732542772989519,NVDA
2024-02-22,78.49003601074219,78.53800201416016,78.57499694824219,74.22000122070312,75.0250015258789,865100000,0.16400891213320956,72.35020882742745,64.65521380106608,52.75503718058268,0.036173504715716225,0.12063098533939942,NVDA
2024-02-23,78.76884460449219,78.81700134277344,82.39399719238281,77.56999969482422,80.79000091552734,829388000,0.0035521527052406743,73.30519321986607,65.47028198242188,53.1254773457845,0.0361775206372631,0.10556207194807632,NVDA
2024-02-26,79.04368591308594,79.09200286865234,80.64600372314453,78.50499725341797,79.69999694824219,503973000,0.0034892134063126967,74.04645211356026,66.27878774007162,53.491931745741105,0.036211606376366376,0.07922395765265744,NVDA
2024-02-27,78.65291595458984,78.70099639892578,79.4800033569336,77.16200256347656,79.38099670410156,391705000,-0.0049437213609417885,74.90921020507812,67.07799911499023,53.87799411349826,0.0362566893389586,0.10599721898751557,NVDA
2024-02-28,77.61555480957031,77.66300201416016,78.93299865722656,77.125,77.62000274658203,393110000,-0.013189099633870494,75.6301999773298,67.78693237304688,54.27187237209744,0.03639684930166362,0.16683950597381791,NVDA
2024-02-29,79.06366729736328,79.11199951171875,79.98999786376953,78.3499984741211,79.09400177001953,507289000,0.01865750352936235,77.00935581752232,68.55509605407715,54.682895533243816,0.03627298310406879,0.11475057543481726,NVDA
2024-03-01,82.2287368774414,82.27899932861328,82.30000305175781,79.43499755859375,80.0,479135000,0.04003190957705138,79.12334878104073,69.39365005493164,55.13701392279731,0.03661275996531344,0.045285229894362455,NVDA
2024-03-04,85.1849365234375,85.23699951171875,87.69499969482422,83.71900177001953,84.12999725341797,615616000,0.035950931003624564,80.07976313999721,70.25132586161295,55.60634685092502,0.036470082787377615,0.025600338905328535,NVDA
2024-03-05,85.91552734375,85.96399688720703,86.09700012207031,83.41699981689453,85.2699966430664,520639000,0.008576525969606008,81.10071781703404,71.12792485555013,56.07615835401747,0.03643086938079763,-0.022439863885652556,NVDA
2024-03-06,88.64996337890625,88.69999694824219,89.7239990234375,87.02999877929688,88.02200317382812,582520000,0.031827029638259674,82.47304316929409,72.08837610880533,56.5972711775038,0.03654854274073941,-0.04542267121349508,NVDA
2024-03-07,92.6167221069336,92.66899871826172,92.76699829101562,89.60199737548828,90.15799713134766,608119000,0.04474630983289507,84.4678726196289,73.13144950866699,57.17859230041504,0.03693434278261266,-0.17771838102505222,NVDA
2024-03-08,87.47863006591797,87.52799987792969,97.4000015258789,86.50599670410156,95.13800048828125,1142269000,-0.05547693682230814,85.87688337053571,73.99475860595703,57.7008915371365,0.03905190425334496,-0.0915135262090987,NVDA
2024-03-11,85.72563171386719,85.77400207519531,88.7969970703125,84.16600036621094,86.42900085449219,678364000,-0.020039161001147776,86.82859257289341,74.81915575663248,58.19637370639377,0.03930276529744199,-0.03906781901046885,NVDA
2024-03-12,91.86116027832031,91.91300201416016,91.95999908447266,86.1500015258789,88.04900360107422,668075000,0.07157169264068108,88.20465305873326,75.80029983520508,58.764258744981554,0.040736577288866045,-0.13312585451710757,NVDA
2024-03-13,90.83673858642578,90.88800048828125,91.50399780273438,88.43499755859375,91.05500030517578,635713000,-0.011151847949565918,89.01205335344586,76.73700281778972,59.30360666910807,0.040961572662897724,-0.09083706550722137,NVDA
2024-03-14,87.8943862915039,87.94400024414062,90.64600372314453,86.5999984741211,89.5770034790039,602318000,-0.03239165497033336,89.29474748883929,77.61716855367025,59.79714872572157,0.04137189754854793,-0.0023762003935074993,NVDA
2024-03-15,87.78746032714844,87.83699798583984,89.5459976196289,86.25700378417969,86.93000030517578,642086000,-0.0012165277996349921,89.1715327671596,78.44380086263021,60.27285885281033,0.041388106228407474,-0.0009107912951296093,NVDA
2024-03-18,88.40511322021484,88.45500183105469,92.40499877929688,87.08499908447266,90.38800048828125,668976000,0.007035775847309633,88.5698743547712,79.18665161132813,60.74714872572157,0.04077312295196696,-0.023209536881976023,NVDA
2024-03-19,89.34758758544922,89.39800262451172,90.54399871826172,85.01000213623047,86.69999694824219,672171000,0.010660858076010804,88.83686828613281,79.85524953206381,61.2296454111735,0.04015573980687366,-0.07110915776639115,NVDA
2024-03-20,90.32102966308594,90.37200164794922,90.41000366210938,88.2229995727539,89.7969970703125,479063000,0.010895001241144397,89.49335370744977,80.593239847819,61.71608509487576,0.03987190977942017,-0.050402760201031294,NVDA
2024-03-21,91.3834228515625,91.43499755859375,92.64800262451172,90.40499877929688,92.30000305175781,480372000,0.0117624122802793,89.42510550362724,81.3041483561198,62.21015430026584,0.03973905043190479,-0.02893860045176877,NVDA
2024-03-22,94.2358169555664,94.28900146484375,94.77799987792969,90.83399963378906,91.14099884033203,586719000,0.031213474118135798,89.91068812779018,82.12539393107096,62.72053858439128,0.03980743001131979,-0.022791561016370476,NVDA
2024-03-25,94.94841003417969,95.00199890136719,96.76599884033203,93.51000213623047,93.94100189208984,552136000,0.007561807194278236,90.91840580531529,82.88737564086914,63.235676278008356,0.03953110688490432,-0.046820036001381404,NVDA
2024-03-26,92.50880432128906,92.56099700927734,96.375,92.50199890136719,95.85099792480469,513648000,-0.02569401332800003,91.59288351876395,83.56420694986979,63.712204149034285,0.040040405308836576,-0.023217213178974183,NVDA
2024-03-27,90.19908905029297,90.25,93.23999786376953,89.12300109863281,93.11199951171875,586067000,-0.024967518366946995,91.84916578020368,84.16804478963216,64.17159576416016,0.04047868167597194,-0.016653563204293453,NVDA
2024-03-28,90.3050308227539,90.35600280761719,91.30000305175781,89.19300079345703,90.0,435212000,0.0011745326208545404,91.98594338553292,84.71638336181641,64.62559136284722,0.04037874974793286,-0.005290094733552575,NVDA
2024-04-01,90.31202697753906,90.36299896240234,92.2249984741211,89.2040023803711,90.29900360107422,452441000,7.747248100598014e-05,91.98465728759766,85.30633061726888,65.08168551127116,0.04014566357687995,0.0003985679936890918,NVDA
2024-04-02,89.40154266357422,89.4520034790039,90.09400177001953,87.62000274658203,88.447998046875,433064000,-0.010081540016716573,91.70153154645648,85.86742782592773,65.51532736884224,0.040253030495059544,0.021285216750003944,NVDA
2024-04-03,88.91382598876953,88.96399688720703,90.3740005493164,88.4000015258789,88.48400115966797,370067000,-0.005455349653640806,90.94124712262835,86.51756947835287,65.94871317545572,0.03916692442330805,0.06368867368970932,NVDA
2024-04-04,85.85653686523438,85.90499877929688,90.63400268554688,85.87999725341797,90.40599822998047,434965000,-0.034384856230585736,89.6424080984933,87.13176116943359,66.3617640601264,0.03937505001984274,0.09841125179368215,NVDA
2024-04-05,87.95836639404297,88.00800323486328,88.48100280761719,85.9260025024414,86.86599731445312,399678000,0.024480716385145485,88.99234553745815,87.44737218221029,66.8086057027181,0.02656594603207024,0.05080216385305114,NVDA
2024-04-08,87.08384704589844,87.13300323486328,88.83000183105469,86.73200225830078,88.69999694824219,283220000,-0.009942423716997939,88.54731096540179,87.72453893025717,67.24055633544921,0.02669024095069216,0.0877625467244727,NVDA
2024-04-09,85.30583953857422,85.35399627685547,87.63500213623047,83.02200317382812,87.44200134277344,501700000,-0.02041719064601155,87.83314078194755,87.9332773844401,67.65742585923937,0.027050967743122607,0.11753435921542277,NVDA
2024-04-10,86.98990631103516,87.03900146484375,87.4000015258789,83.70899963378906,83.9260025024414,431929000,0.01974151806687785,87.35855211530414,88.21117706298828,68.08946528964573,0.02717941793248108,0.09089031420176608,NVDA
2024-04-11,90.56489562988281,90.61599731445312,90.73899841308594,86.9260025024414,87.41999816894531,431637000,0.0410965992544603,87.52474539620536,88.6428217569987,68.57643835279677,0.02781460646477749,0.14548214476162036,NVDA
2024-04-12,88.13626861572266,88.18599700927734,90.17500305175781,87.52999877929688,89.6989974975586,426805000,-0.02681642812337992,87.41366577148438,88.945241800944,69.03648215399848,0.028309116224364654,0.20732307456321952,NVDA
2024-04-15,85.95248413085938,86.0009994506836,90.61299896240234,85.92900085449219,89.0979995727539,443077000,-0.024777364859688622,87.42737252371651,89.06936670939128,69.48619647555881,0.02793601108757232,0.3244149368842293,NVDA
2024-04-16,87.3656997680664,87.41500091552734,88.11799621582031,86.06400299072266,86.43299865722656,370453000,0.016441824241582914,87.34270586286273,89.14205881754557,69.93984252081977,0.027335488856278,0.3135615429548544,NVDA
2024-04-17,83.98759460449219,84.03500366210938,88.7750015258789,83.94999694824219,88.33999633789062,495400000,-0.038666263448266625,86.90038408551898,89.07779439290364,70.36775805155436,0.028241757517211495,0.31492851564011626,NVDA
2024-04-18,84.62324523925781,84.6709976196289,86.19000244140625,82.4020004272461,84.97000122070312,447260000,0.007568387185738379,86.80287061418805,88.94357045491536,70.79059927198622,0.02762864175146094,0.2948117779197452,NVDA
2024-04-19,76.15702819824219,76.19999694824219,84.3239974975586,75.60600280761719,83.1500015258789,875198000,-0.10004599820154425,85.25531659807477,88.39491399129231,71.10926649305556,0.0316788065426137,0.5091862857083322,NVDA
2024-04-22,79.47315216064453,79.51799774169922,80.072998046875,76.4000015258789,78.10399627685547,596341000,0.04354324270335552,83.67078181675502,88.1280647277832,71.47454020182292,0.03150489469732093,0.4642847234322178,NVDA
2024-04-23,82.37651824951172,82.4229965209961,82.76899719238281,80.26399993896484,80.76899719238281,438559000,0.036532665559790845,82.84796033586774,88.01642761230468,71.86063609653048,0.03211880433645299,0.4855076591226195,NVDA
2024-04-24,79.63206481933594,79.677001953125,84.08200073242188,79.18299865722656,83.94999694824219,512208000,-0.03331596780848467,81.9450432913644,87.60879109700521,72.21145210266113,0.02957472726124875,0.5186063106477066,NVDA
2024-04-25,82.58539581298828,82.63200378417969,83.322998046875,78.2229995727539,78.86799621582031,424641000,0.03708720853029068,81.26214272635323,87.33374633789063,72.59217363993326,0.03048763960875412,0.4629683057153069,NVDA
2024-04-26,87.68553161621094,87.73500061035156,88.33100128173828,83.38700103759766,83.81800079345703,551011000,0.06175590433412381,81.79041944231305,87.32678451538087,73.02356694539388,0.03212839533234328,0.388157156308671,NVDA
2024-04-29,87.70750427246094,87.75700378417969,87.99199676513672,85.26599884033203,87.59500122070312,388971000,0.0002505847412337392,82.23102787562779,87.32411931355794,73.44202355278863,0.03212692194231896,0.37789507270269174,NVDA
2024-04-30,86.353271484375,86.4020004272461,88.81900024414062,86.30000305175781,87.23999786376953,363709000,-0.015440329756494342,83.68763405936105,87.25572458902995,73.85068550109864,0.03223060580025281,0.4491594112857398,NVDA
2024-05-01,82.99415588378906,83.04100036621094,86.0,81.25499725341797,85.0770034790039,559863000,-0.03889969126640147,84.19063459123883,87.04394353230795,74.23860265943739,0.0329138055873235,0.5609235342947048,NVDA
2024-05-02,85.76860046386719,85.81700134277344,86.23699951171875,83.19999694824219,84.4489974975586,377898000,0.03342939693203206,84.6752177647182,86.89219589233399,74.64758631388347,0.03346890011800758,0.536884726035598,NVDA
2024-05-03,88.7389144897461,88.78900146484375,89.28099822998047,87.04000091552734,87.78900146484375,398341000,0.034631718482222906,85.9761962890625,86.80404561360677,75.09135013156467,0.03402943257571841,0.47530411126568595,NVDA
2024-05-06,92.0880355834961,92.13999938964844,92.22000122070312,89.05500030517578,89.38999938964844,376203000,0.03774128986147329,87.3337162562779,86.73245290120443,75.56734063890245,0.0342587166525951,0.4715771444014467,NVDA
2024-05-07,90.50292205810547,90.55400085449219,91.78099822998047,89.01100158691406,91.0979995727539,437342000,-0.01721302355237453,87.73620060511998,86.58426996866862,76.02418632507325,0.03436378137898062,0.44433988436908933,NVDA
2024-05-08,90.36100769042969,90.41200256347656,91.19400024414062,89.41999816894531,89.48300170898438,325721000,-0.0015680639304073152,88.11527252197266,86.51267674763997,76.47828920152452,0.034047253969563096,0.4000397507623821,NVDA
2024-05-09,88.69695281982422,88.74700164794922,91.0719985961914,88.23100280761719,90.52899932861328,378013000,-0.018415629851167625,88.45008414132255,86.46260553995768,76.91390257941352,0.033903712343368246,0.3309710643336605,NVDA
2024-05-10,89.82730865478516,89.87799835205078,91.4010009765625,89.22699737548828,90.30500030517578,335325000,0.0127440210630132,89.42624882289341,86.44668146769206,77.37711075676812,0.03398319629161078,0.40301685643050345,NVDA
2024-05-13,90.3480224609375,90.39900207519531,90.99800109863281,88.52899932861328,90.47799682617188,289680000,0.005796831876077935,90.08045196533203,86.44788131713867,77.85275607638889,0.033997425746260496,0.39836039160635073,NVDA
2024-05-14,91.30447387695312,91.35600280761719,91.6510009765625,88.93399810791016,89.5989990234375,296507000,0.010586301614173621,90.44696044921875,86.51131235758463,78.3342648824056,0.03398333277100696,0.3573293748213906,NVDA
2024-05-15,94.57662963867188,94.62999725341797,94.86199951171875,91.5989990234375,92.47200012207031,417735000,0.0358378469616778,90.80247388567243,86.70007247924805,78.83992737664117,0.03453338814118591,0.3056128304884631,NVDA
2024-05-16,94.3057861328125,94.35900115966797,95.81900024414062,94.10299682617188,94.91000366210938,323952000,-0.002863746645383025,91.34574018205915,86.98171412150064,79.30753525627983,0.03384043782704298,0.3174176237746795,NVDA
2024-05-17,92.42684173583984,92.47899627685547,94.73999786376953,91.80599975585938,94.36900329589844,359691000,-0.019923956673522758,91.64085933140346,87.13066329956055,79.74441642761231,0.033871086985737354,0.3265721914544064,NVDA
2024-05-20,94.72654724121094,94.77999877929688,95.19999694824219,93.44000244140625,93.75,318764000,0.024881359810429826,92.50222996303013,87.38541997273764,80.19341362847223,0.03403635746590405,0.3535611072102298,NVDA
2024-05-21,95.33220672607422,95.38600158691406,95.4000015258789,93.18000030517578,93.5989990234375,328946000,0.006393767138171302,93.28864397321429,87.71963221232096,80.64389911227757,0.03374075819612247,0.3192747273132803,NVDA
2024-05-22,94.89644622802734,94.94999694824219,96.0199966430664,93.2490005493164,95.45899963378906,548648000,-0.004570968332863412,93.93841879708427,87.98318354288737,81.09078657362195,0.033648199450191936,0.350295181796628,NVDA
2024-05-23,103.74047088623047,103.79900360107422,106.31999969482422,101.5199966430664,102.02799987792969,835065000,0.09319658437947997,95.7149897984096,88.42236938476563,81.61737450493706,0.03684987899665803,0.2658193571436924,NVDA
2024-05-24,106.40895080566406,106.46900177001953,106.4749984741211,103.0,104.4489974975586,429494000,0.02572265092530812,97.4053213936942,89.03145879109701,82.17726554870606,0.03652299916862138,0.26723348873332164,NVDA
2024-05-28,113.83675384521484,113.9010009765625,114.93900299072266,109.88300323486328,110.24400329589844,652728000,0.06980430671773341,100.1954596383231,89.96093444824218,82.8079837375217,0.03775153692940838,0.1186071588199864,NVDA
2024-05-29,114.76022338867188,114.82499694824219,115.49199676513672,110.9010009765625,113.05000305175781,557442000,0.008112226607521533,103.38594273158482,90.8740852355957,83.42248997158474,0.03773391861235138,0.12563147144380893,NVDA
2024-05-30,110.43768310546875,110.5,115.81900024414062,109.66300201416016,114.6500015258789,484553000,-0.037665840615902835,105.63039071219308,91.75575485229493,83.9871580335829,0.0376900048837993,0.16244830500090912,NVDA
2024-05-31,109.57117462158203,109.63300323486328,112.71700286865234,106.94000244140625,112.5199966430664,613263000,-0.007846130591667722,107.66452898297992,92.5873524983724,84.53976635403103,0.0378270943883634,0.15266723405487914,NVDA
2024-06-03,114.93514251708984,115.0,115.0,112.00299835205078,113.62100219726562,438392000,0.0489541881250517,110.52719988141742,93.87995630900065,85.13543993631998,0.03235522383155169,0.026084152976953767,NVDA
2024-06-04,116.37132263183594,116.43699645996094,116.5999984741211,114.04499816894531,115.71600341796875,403324000,0.012495569964882991,112.33160727364677,95.10989532470703,85.74423955281576,0.031880968553540015,0.04004694938484987,NVDA
2024-06-05,122.3709487915039,122.44000244140625,122.4489974975586,117.46800231933594,118.37100219726562,528402000,0.05155588184426674,114.61189270019531,96.4430430094401,86.42620879279242,0.03237308969167237,-0.03675529110961406,NVDA
2024-06-06,120.92975616455078,120.99800109863281,125.58699798583984,118.31999969482422,124.0479965209961,664696000,-0.011777244854157654,115.62517874581474,97.81963272094727,87.07624121771919,0.03152031587325991,0.02109245099761803,NVDA
2024-06-07,120.81981658935547,120.88800048828125,121.69200134277344,118.02200317382812,119.7699966430664,412386000,-0.0009091192993535557,116.49083491734096,99.09411341349283,87.72162085639106,0.03134402527509216,0.01416251923217171,NVDA
2024-06-10,121.72129821777344,121.79000091552734,123.0999984741211,117.01000213623047,120.37000274658203,313434100,0.007461372263806165,118.10277993338448,100.22863896687825,88.39086401197645,0.029983251762505617,-0.06183272498983661,NVDA
2024-06-11,120.85173797607422,120.91000366210938,122.87000274658203,118.73999786376953,121.7699966430664,222551200,-0.0071438626964319685,119.71428898402623,101.3334467569987,89.03378897772895,0.030108342601888785,-0.07137551049448054,NVDA
2024-06-12,125.13965606689453,125.19999694824219,126.87999725341797,122.56999969482422,123.05999755859375,299595000,0.035480814447775844,121.17207663399833,102.62632624308269,89.68956748114692,0.029991553019402786,-0.09696490828575621,NVDA
2024-06-13,129.5475311279297,129.61000061035156,129.8000030517578,127.16000366210938,129.38999938964844,260704500,0.03522364692035662,123.05439213344029,104.17810541788737,90.35909949408637,0.028600758489575467,-0.1390324789308679,NVDA
2024-06-14,131.8164520263672,131.8800048828125,132.83999633789062,128.32000732421875,129.9600067138672,309320400,0.01751419636239082,124.40374973842076,105.71303380330404,91.06615651448568,0.028400525249586077,-0.21345174512482923,NVDA
2024-06-17,130.91688537597656,130.97999572753906,133.72999572753906,129.5800018310547,132.99000549316406,288504400,-0.006824388280536331,125.83048248291016,107.11896616617838,91.74238671196832,0.02841125949961786,-0.1065813077251847,NVDA
2024-06-18,135.5146484375,135.5800018310547,136.3300018310547,130.69000244140625,131.13999938964844,294335100,0.035119710099421164,127.92974417550224,108.56651992797852,92.47478892008463,0.028337829672473874,-0.19449762236338608,NVDA
2024-06-20,130.71697998046875,130.77999877929688,140.75999450683594,129.52000427246094,139.8000030517578,517768400,-0.03540331995359125,129.21484157017298,109.90698852539063,93.12621137830946,0.02919570717193665,-0.17976767630075074,NVDA
2024-06-21,126.50900268554688,126.56999969482422,130.6300048828125,124.30000305175781,127.12000274658203,649445800,-0.03219151249937546,130.0230222429548,111.11192169189454,93.7296017964681,0.030229968505442056,-0.20636803461725595,NVDA
2024-06-24,118.0530776977539,118.11000061035156,124.45999908447266,118.04000091552734,123.23999786376953,476060900,-0.06684049995091002,129.01065390450614,112.09045918782552,94.24036983913845,0.03305496353709768,-0.11734814459319454,NVDA
2024-06-25,126.02922821044922,126.08999633789062,126.5,119.31999969482422,121.19999694824219,414192600,0.0675641047928992,128.50803920200892,113.297189839681,94.82008488972981,0.034681573889270435,-0.21556025845057625,NVDA
2024-06-26,126.33909606933594,126.4000015258789,128.1199951171875,122.5999984741211,126.12999725341797,362975900,0.002458698377246993,127.72555977957589,114.49689229329427,95.41703474256727,0.03470725770553984,-0.1695412269849883,NVDA
2024-06-27,123.93024444580078,123.98999786376953,126.41000366210938,122.91999816894531,124.0999984741211,252571700,-0.01906655737202012,126.72746821812221,115.58441797892253,95.9877193874783,0.03516266432320307,-0.1551737479903852,NVDA
2024-06-28,123.48046112060547,123.54000091552734,127.70999908447266,122.75,124.58000183105469,315516700,-0.0036293265393503304,125.008298601423,116.54787902832031,96.58850699530707,0.034932120600177335,-0.11753276880061336,NVDA
2024-07-01,124.24010467529297,124.30000305175781,124.83999633789062,118.83000183105469,123.47000122070312,284885500,0.006151933251573594,124.0830307006836,117.54568964640299,97.21972164577907,0.03486071125391931,-0.06564774051532385,NVDA
2024-07-02,122.61087799072266,122.66999816894531,123.41000366210938,121.02999877929688,121.12999725341797,218374000,-0.013113532774528536,123.52615574428013,118.55182418823242,97.70995322333442,0.03468212367549913,-0.03741742893174371,NVDA
2024-07-03,128.21817016601562,128.27999877929688,128.27999877929688,121.36000061035156,121.66000366210938,215749000,0.04573242005262568,124.97831181117466,119.66821161905925,98.25939017401801,0.03519500304608938,-0.04225121642441321,NVDA
2024-07-05,125.76937103271484,125.83000183105469,128.85000610351562,125.68000030517578,127.37999725341797,214176700,-0.01909869038163703,124.94118935721261,120.68278376261394,98.778564453125,0.03560867106439576,-0.009934034555257876,NVDA
2024-07-08,128.13821411132812,128.1999969482422,130.77000427246094,127.04000091552734,127.48999786376953,237677300,0.01883481692849598,125.19820622035435,121.7908426920573,99.32840109931098,0.03553742000485115,0.014040687019464704,NVDA
2024-07-09,131.3166961669922,131.3800048828125,133.82000732421875,128.64999389648438,130.35000610351562,285366600,0.024805106561751833,126.25341360909599,122.71005020141601,99.92508044772678,0.03208638921463275,-0.03143555793994657,NVDA
2024-07-10,134.84498596191406,134.91000366210938,135.10000610351562,132.4199981689453,134.02999877929688,248978600,0.026868554402518896,127.87691715785435,123.65791803995768,100.54487287733289,0.03210841758253715,-0.0475132341111173,NVDA
2024-07-11,127.33860778808594,127.4000015258789,136.14999389648438,127.05000305175781,135.75,374782700,-0.055666720718471785,128.31956045968192,124.10797983805338,101.04609366522895,0.03200867491638362,-0.028728453495114548,NVDA
2024-07-12,129.17771911621094,129.24000549316406,131.9199981689453,127.22000122070312,128.25999450683594,252680500,0.014442684430676422,129.25768062046595,124.58856302897135,101.53490236070421,0.032055924190401465,0.0010056945653393878,NVDA
2024-07-15,128.3780975341797,128.44000244140625,131.38999938964844,127.18000030517578,130.55999755859375,208326200,-0.00619008903007412,129.28052738734655,125.18657684326172,102.00670869615342,0.031131731644438367,-0.015415789146511427,NVDA
2024-07-16,126.29910278320312,126.36000061035156,129.0399932861328,124.58000183105469,128.44000244140625,214769500,-0.01619431032947849,129.35620335170202,125.74417444864909,102.42503246731228,0.031292026533165096,0.01535301211602369,NVDA
2024-07-17,117.9331283569336,117.98999786376953,121.8499984741211,116.72000122070312,121.3499984741211,390086200,-0.06623938129338913,127.89833395821708,125.84410730997722,102.70632587009005,0.032773040697686794,0.06458179405502662,NVDA
2024-07-18,121.0316390991211,121.08999633789062,122.4000015258789,116.55999755859375,121.8499984741211,320979500,0.02627345501095868,126.42904009137835,125.99945119222005,103.0791370815701,0.033029701883740034,-0.02890412729966907,NVDA
2024-07-19,117.8731689453125,117.93000030517578,121.5999984741211,117.37000274658203,120.3499984741211,217223800,-0.026096235474609264,124.00449480329242,125.849525197347,103.43633193969727,0.03202673359805702,0.012210651324489952,NVDA
2024-07-22,123.48046112060547,123.54000091552734,124.06999969482422,119.86000061035156,120.3499984741211,258068900,0.04757055592434689,123.45333099365234,125.93454869588216,103.78765750461154,0.03313573133361624,-0.12578926526943657,NVDA
2024-07-23,122.53092956542969,122.58999633789062,124.69000244140625,122.0999984741211,122.77999877929688,173911000,-0.0076897312057196965,122.50378962925502,125.99158579508463,104.13981518215603,0.03317392764188598,-0.1336161287402149,NVDA
2024-07-24,114.19493865966797,114.25,119.94999694824219,113.44000244140625,119.16999816894531,327776900,-0.06803172827731163,120.47762407575335,125.74070714314779,104.4320435418023,0.03545225281083804,-0.061619177593653096,NVDA
2024-07-25,112.22588348388672,112.27999877929688,116.62999725341797,106.30000305175781,113.04000091552734,460067000,-0.017242928617437037,118.46716417585101,125.45317866007487,104.70358157687717,0.03555536540592687,-0.08416456085251667,NVDA
2024-07-26,113.00550079345703,113.05999755859375,116.19999694824219,111.58000183105469,116.19000244140625,293399100,0.006946858294791136,117.76321738106864,125.04870681762695,104.97691921657986,0.034897896924672864,-0.058287492243545125,NVDA
2024-07-29,111.53621673583984,111.58999633789062,116.27999877929688,111.30000305175781,113.69000244140625,248152100,-0.013001880858018011,116.40672847202846,124.44832967122396,105.22345954047309,0.034189507912196535,-0.03127528553912562,NVDA
2024-07-30,103.68000030517578,103.7300033569336,111.98999786376953,102.54000091552734,111.5199966430664,486833300,-0.07043646145243176,114.37913295200893,123.51044794718425,105.37189254760742,0.03596938134305411,0.12706076619930973,NVDA
2024-07-31,116.96359252929688,117.0199966430664,118.33999633789062,110.87999725341797,112.9000015258789,473174200,0.12812106659935996,113.44815172467914,123.04533818562825,105.65611665513781,0.04365318511967513,0.01820372675604398,NVDA
2024-08-01,109.1573715209961,109.20999908447266,120.16000366210938,106.80999755859375,117.52999877929688,523462300,-0.06674060568330686,111.53764343261719,122.16676228841146,105.8219117058648,0.044550870564702014,0.09065268330016307,NVDA
2024-08-02,107.21829223632812,107.2699966430664,108.72000122070312,101.37000274658203,103.76000213623047,482027500,-0.017764070879033533,110.54097965785435,121.3834726969401,105.95824373033312,0.0442681646925241,0.0887480221749799,NVDA
2024-08-05,100.4015884399414,100.44999694824219,103.41000366210938,90.69000244140625,92.05999755859375,552842400,-0.06357780612063368,108.85179465157645,120.51322555541992,106.04594133165148,0.045276491292710545,0.15082018113142293,NVDA
2024-08-06,104.19976806640625,104.25,107.70999908447266,100.55000305175781,103.83999633789062,409012100,0.0378298758563651,107.59383283342633,120.05144856770833,106.20150443183051,0.044508290011448876,0.08757495420888706,NVDA
2024-08-07,98.86233520507812,98.91000366210938,108.80000305175781,98.69000244140625,107.80999755859375,411440400,-0.05122307813513172,105.7832783290318,119.1458854675293,106.29658559163411,0.043261647688261205,0.19179131729660037,NVDA
2024-08-08,104.9194107055664,104.97000122070312,105.5,97.5199966430664,102.0,391910000,0.06126777693368868,105.96033695765904,118.43189595540365,106.45888985527887,0.045009863875833826,0.10517221607887195,NVDA
2024-08-09,104.69952392578125,104.75,106.5999984741211,103.43000030517578,105.63999938964844,290844200,-0.0020957683454991827,104.2083271571568,117.79087193806966,106.62886742485894,0.0449362310299949,0.10997563537769972,NVDA
2024-08-12,108.96746063232422,109.0199966430664,111.06999969482422,106.26000213623047,106.31999969482422,325559900,0.040763668701764066,104.18119703020368,117.30710525512696,106.8516855875651,0.04569517576639387,0.1087905457997338,NVDA
2024-08-13,116.08402252197266,116.13999938964844,116.2300033569336,111.58000183105469,112.44000244140625,312646700,0.06530905509178564,105.4477299281529,117.03523585001628,107.18754653930664,0.04735706192344078,0.06354891913536087,NVDA
2024-08-14,118.0230941772461,118.08000183105469,118.5999984741211,114.06999969482422,118.52999877929688,339246400,0.01670403569023815,107.965087890625,116.88230972290039,107.52159907023112,0.047411010198789044,0.05056406716613049,NVDA
2024-08-15,122.80079650878906,122.86000061035156,123.23999786376953,117.47000122070312,118.76000213623047,318086700,0.04048108012121632,110.62237766810826,116.70173060099283,107.91845406426324,0.047245003302421464,-0.011798956071995659,NVDA
2024-08-16,124.51997375488281,124.58000183105469,125.0,121.18000030517578,121.94000244140625,302589900,0.013999723902203831,114.28775460379464,116.6600840250651,108.35416666666667,0.047178956385266625,-0.025121434963686795,NVDA
2024-08-19,129.93736267089844,130.0,130.0,123.41999816894531,124.27999877929688,318333600,0.043506184210091,117.86174774169922,116.72005564371744,108.8313606262207,0.04771730056881009,-0.09992319954906159,NVDA
2024-08-20,127.18868255615234,127.25,129.8800048828125,125.88999938964844,128.39999389648438,300087400,-0.021153885674191075,121.07448468889508,116.58245519002278,109.23829159206814,0.04768291482359269,-0.06593187220226893,NVDA
2024-08-21,128.4380645751953,128.5,129.35000610351562,126.66000366210938,127.31999969482422,257883600,0.009823059677431356,123.85599953787667,116.36889114379883,109.68608932495117,0.047453018409298865,-0.04388702480849893,NVDA
2024-08-22,123.68036651611328,123.73999786376953,130.75,123.0999984741211,130.02000427246094,376189100,-0.03704274176676492,124.94119153703961,116.2469497680664,110.10528801812066,0.04682467074080418,0.009622458975933279,NVDA
2024-08-23,129.30763244628906,129.3699951171875,129.60000610351562,125.22000122070312,125.86000061035156,323230300,0.04549845774788075,126.55326843261719,116.25128021240235,110.57130949232314,0.04749174657813816,-0.012669475549912379,NVDA
2024-08-26,126.3990478515625,126.45999908447266,131.25999450683594,124.37000274658203,129.57000732421875,331964700,-0.022493526017767884,127.06730433872768,116.18531188964843,111.04254786173503,0.04767113254452578,0.050936008212767,NVDA
2024-08-27,128.23817443847656,128.3000030517578,129.1999969482422,123.87999725341797,125.05000305175781,303134600,0.014550161715409793,127.59847586495536,116.24994761149088,111.5271581861708,0.0476287818274263,0.03399341068894346,NVDA
2024-08-28,125.5494613647461,125.61000061035156,128.3300018310547,122.63999938964844,128.1199951171875,448101100,-0.02096655762220323,126.9716328212193,116.50382537841797,112.07596299913195,0.04609803257583998,0.07333444376796106,NVDA
2024-08-29,117.5333251953125,117.58999633789062,124.43000030517578,116.70999908447266,121.36000061035156,453023300,-0.063848431385501,125.59229605538505,116.38721491495768,112.49885381062826,0.04745259341010818,0.14645413586779843,NVDA
2024-08-30,119.3124771118164,119.37000274658203,121.75,117.22000122070312,119.52999877929688,333751600,0.015137425181729336,124.28864070347377,116.43519185384115,112.90925335354275,0.047264483538743275,0.15675474509264786,NVDA
2024-09-03,107.94794464111328,108.0,116.20999908447266,107.29000091552734,116.01000213623047,477155100,-0.09525015946196969,122.04115186418805,115.91744130452474,113.2238742404514,0.04959649722201907,0.21862289032976512,NVDA
2024-09-04,106.15882110595703,106.20999908447266,113.2699966430664,104.12000274658203,105.41000366210938,372470300,-0.01657394720301919,118.7341788155692,115.37170435587565,113.48580118815104,0.04965018492755644,0.2779550235873516,NVDA
2024-09-05,107.15834045410156,107.20999908447266,109.6500015258789,104.76000213623047,104.98999786376953,306850700,0.00941532072164697,115.98550633021763,115.13715108235677,113.70216573079428,0.04817516392804011,0.27732196415382115,NVDA
2024-09-06,102.78044128417969,102.83000183105469,108.1500015258789,100.94999694824219,108.04000091552734,413638100,-0.0408544883335239,112.34868730817523,114.8223030090332,113.86964280870225,0.04864027659041763,0.34213567793315103,NVDA
2024-09-09,106.41869354248047,106.47000122070312,106.55000305175781,103.69000244140625,104.87999725341797,273912000,0.03539829380807302,109.615720476423,114.60274276733398,114.09259194268121,0.04909175604776671,0.34988530316963584,NVDA
2024-09-10,108.04788970947266,108.0999984741211,109.4000015258789,104.94999694824219,107.80999755859375,268283700,0.015309304340800356,108.26065826416016,114.48646519978841,114.37096676296657,0.049122022760521,0.32842095704627017,NVDA
2024-09-11,116.8536605834961,116.91000366210938,117.19000244140625,107.41999816894531,109.38999938964844,441422400,0.08149877704877961,107.9093987601144,114.92558720906575,114.71635631985134,0.04942991212023261,0.19384081331172398,NVDA
2024-09-12,119.09276580810547,119.13999938964844,120.79000091552734,115.37999725341797,116.83999633789062,366052700,0.01916161815923134,109.50151606968471,114.9965596516927,115.05362133449978,0.04376217485540944,0.17852951560267516,NVDA
2024-09-13,119.05278015136719,119.0999984741211,119.95999908447266,117.5999984741211,119.08000183105469,238358300,-0.00033575218836301435,111.34351021902901,115.32640660603842,115.35322960747612,0.0418262341539098,0.18841312684057643,NVDA
2024-09-16,116.73370361328125,116.77999877929688,118.18000030517578,114.36000061035156,116.79000091552734,248772300,-0.019479398424273597,112.71141924176898,115.64358698527018,115.64468273586697,0.04185781789549336,0.20328838496992252,NVDA
2024-09-17,115.54417419433594,115.58999633789062,118.80000305175781,114.83000183105469,118.16999816894531,231925900,-0.010190111185763628,114.53480965750558,116.14833984375,115.92449569702148,0.039992548777860834,0.2219915130179022,NVDA
2024-09-18,113.32505798339844,113.37000274658203,117.69999694824219,113.22000122070312,115.88999938964844,310318900,-0.01920578191337563,115.52143314906529,116.4525161743164,116.19814130995009,0.039756234248808815,0.2290729164408538,NVDA
2024-09-19,117.82327270507812,117.87000274658203,119.66000366210938,117.25,117.3499984741211,293506400,0.03969302819451159,116.91791643415179,117.08454742431641,116.50920757717556,0.038891179439109344,0.1263255882862584,NVDA
2024-09-20,115.95401763916016,116.0,118.62000274658203,115.38999938964844,117.05999755859375,382462400,-0.01586490531965512,116.78939601353237,117.45236765543619,116.79371863471137,0.03768339901838185,0.16724139008739458,NVDA
2024-09-23,116.21392059326172,116.26000213623047,116.98999786376953,114.86000061035156,116.55000305175781,206228500,0.0022414312103471445,116.37813241141183,117.83618087768555,117.07049026489258,0.037667404272014315,0.1702219303587993,NVDA
2024-09-24,120.82209014892578,120.87000274658203,121.80000305175781,115.37999725341797,116.5199966430664,354966800,0.03965247478219269,116.63089098249164,118.2313351949056,117.36210649278429,0.0376307124027777,0.15752457014675003,NVDA
2024-09-25,123.4610366821289,123.51000213623047,124.94000244140625,121.61000061035156,122.0199966430664,284692900,0.02184158981151829,117.59193856375558,118.4772356669108,117.68605372111003,0.035995461731951735,0.17893313583341297,NVDA
2024-09-26,123.9908218383789,124.04000091552734,127.66999816894531,121.80000305175781,126.80000305175781,302582900,0.004291112163702371,118.79860251290458,118.6761599222819,118.03676461113824,0.03590001418945515,0.2002581879769687,NVDA
2024-09-27,121.35187530517578,121.4000015258789,124.02999877929688,119.26000213623047,123.97000122070312,271009200,-0.02128340222345626,119.94529070172992,118.62786254882812,118.33260158962673,0.0354009583769709,0.21606243445407736,NVDA
2024-09-30,121.39185333251953,121.44000244140625,121.5,118.1500015258789,118.30999755859375,226553700,0.0003294388920089819,120.45508793422154,118.52359186808268,118.62215321858724,0.03530526760311293,0.196146230992718,NVDA
2024-10-01,116.95360565185547,117.0,122.44000244140625,115.79000091552734,121.7699966430664,302094500,-0.03656133059033795,120.59788622174945,118.09079996744792,118.86723276774089,0.03490837121667029,0.2674357929103681,NVDA
2024-10-02,118.80289459228516,118.8499984741211,119.37999725341797,115.13999938964844,116.44000244140625,221845900,0.01581215842061856,120.96773965018136,117.81127370198568,119.0345930311415,0.03489455837478107,0.230710929862463,NVDA
2024-10-03,122.80130004882812,122.8499984741211,124.36000061035156,120.33999633789062,120.91999816894531,277118000,0.033655791555120995,121.25048392159599,117.62338155110677,119.21673024495443,0.035432537433798046,0.1946276459988474,NVDA
2024-10-04,124.87047576904297,124.91999816894531,125.04000091552734,121.83000183105469,124.94000244140625,243678100,0.01684978676440796,121.4518323625837,117.66305185953776,119.33932715521918,0.03489812513479519,0.13656735253564434,NVDA
2024-10-07,127.66937255859375,127.72000122070312,130.63999938964844,124.94999694824219,124.98999786376953,346250200,0.022414399979764132,121.97733960832868,117.60844319661459,119.48276214599609,0.03412716521522346,0.09732207951772098,NVDA
2024-10-08,132.83731079101562,132.88999938964844,133.47999572753906,129.4199981689453,130.25999450683594,285722500,0.04047907598237832,123.6181161063058,117.82305196126302,119.73164689805773,0.03461981318142614,0.10625335846037953,NVDA
2024-10-09,132.59742736816406,132.64999389648438,134.52000427246094,131.3800048828125,134.11000061035156,246191600,-0.0018058437153170015,125.21891239711216,117.9683603922526,119.98749415079753,0.03454804323134304,0.0998114478811909,NVDA
2024-10-10,134.75656127929688,134.80999755859375,135.0,131.0,131.91000366210938,242311300,0.016283377091003803,127.76219177246094,118.27526372273763,120.20773213704427,0.03437430808276162,0.08797568586474225,NVDA
2024-10-11,134.74656677246094,134.8000030517578,135.77999877929688,133.66000366210938,134.00999450683594,170209500,-7.416712582342111e-05,130.03985922677177,118.8490384419759,120.41190151638455,0.031990823702322334,0.05304146838700352,NVDA
2024-10-14,138.01527404785156,138.07000732421875,139.60000610351562,136.3000030517578,136.47000122070312,232347700,0.02425818596855467,132.2132840837751,119.47246500651042,120.5857273525662,0.032132860813040655,-0.01484759096465671,NVDA
2024-10-15,131.54783630371094,131.60000610351562,138.57000732421875,128.74000549316406,137.8699951171875,377831000,-0.04686030433050681,133.16719273158483,120.25912806193034,120.70370602077908,0.027834869111208655,0.04042549464866463,NVDA
2024-10-16,135.66619873046875,135.72000122070312,136.6199951171875,131.5800018310547,133.97999572753906,264879700,0.03130695678832418,134.3095964704241,121.24270731608073,120.86866582234701,0.027810259619783784,-0.002800016196117028,NVDA
2024-10-17,136.87570190429688,136.92999267578125,140.88999938964844,136.8699951171875,139.33999633789062,306435900,0.008915287559807528,134.88650948660714,122.23328603108725,121.0370480855306,0.027809891075456523,0.009640160859976987,NVDA
2024-10-18,137.94529724121094,138.0,138.89999389648438,137.27999877929688,138.6699981689453,176090200,0.007814355082992996,135.6504908970424,123.40544789632162,121.2269765218099,0.02620073161640656,0.00456518269192796,NVDA
2024-10-21,143.6530303955078,143.7100067138672,143.7100067138672,138.0,138.1300048828125,264554500,0.04137678680206358,136.9214150565011,124.64659245808919,121.4326806810167,0.02642092924394156,-0.024006619614857838,NVDA
2024-10-22,143.5330810546875,143.58999633789062,144.4199981689453,141.77999877929688,142.91000366210938,226311600,-0.0008349934595188735,138.1766313825335,125.82943216959636,121.5880756802029,0.02648149845207626,0.010794566869333222,NVDA
2024-10-23,139.50466918945312,139.55999755859375,142.42999267578125,137.4600067138672,142.02999877929688,285930000,-0.028066086477301466,138.38940211704798,126.58446578979492,121.6735003153483,0.023664229975364555,0.03948131478889216,NVDA
2024-10-24,140.35433959960938,140.41000366210938,141.35000610351562,138.4600067138672,140.82000732421875,172354900,0.00609062345434741,139.64747401646204,127.29318491617839,121.77836091783311,0.023537226285445096,0.014527635764234548,NVDA
2024-10-25,141.48388671875,141.5399932861328,144.1300048828125,140.8000030517578,140.92999267578125,205122100,0.008047824686881144,140.47857230050224,128.04088846842447,121.84468578762478,0.02351213492252268,-0.019220283062821197,NVDA
2024-10-28,140.4643096923828,140.52000427246094,143.13999938964844,140.0500030517578,143.0,173586700,-0.007206311969602308,140.99123055594308,128.8319086710612,121.95298945109049,0.023156929203374536,-0.03871839664008425,NVDA
2024-10-29,141.19400024414062,141.25,142.25999450683594,138.89999389648438,140.2899932861328,157593600,0.0051948466721249975,141.45533098493303,129.68690287272136,122.11615609063043,0.022945176079157234,-0.013666598582774303,NVDA
2024-10-30,139.28475952148438,139.33999633789062,140.3300018310547,136.80999755859375,139.5399932861328,179418100,-0.013522109433509621,140.83129228864397,130.5522262573242,122.35206366644965,0.022744267518313988,-0.014285564044299814,NVDA
2024-10-31,132.70736694335938,132.75999450683594,137.61000061035156,132.11000061035156,137.60000610351562,270039600,-0.047222629386888926,139.2847617013114,131.0483627319336,122.42626520792643,0.02395908391289688,0.011292946737479381,NVDA
2024-11-01,135.34632873535156,135.39999389648438,137.30999755859375,134.57000732421875,134.6999969482422,207127800,0.019885571183990924,138.69071306501115,131.69477310180665,122.52634557088216,0.02381264839876875,-0.025043807497516668,NVDA
2024-11-04,135.99607849121094,136.0500030517578,138.9600067138672,135.57000732421875,137.2100067138672,187528200,0.004800645587734076,138.06810433523995,132.35417836507162,122.66041039360894,0.0238053647789156,-0.04153640689362603,NVDA
2024-11-05,139.8545379638672,139.91000366210938,140.3699951171875,137.3300018310547,137.4499969482422,160537400,0.028371843625664583,137.83534022739954,132.98859329223632,122.84234458075629,0.023332161770258285,-0.07855844744867901,NVDA
2024-11-06,145.55230712890625,145.61000061035156,146.49000549316406,141.9600067138672,142.9600067138672,242043900,0.040740681339286544,138.56219700404577,133.72496897379557,123.07914683024089,0.02404262096758554,-0.10247264993213068,NVDA
2024-11-07,148.8209991455078,148.8800048828125,148.92999267578125,146.1699981689453,146.38999938964844,207323300,0.022457163895771792,139.65176827566964,134.55264155069986,123.37037039862739,0.024231778156469423,-0.09518233781903718,NVDA
2024-11-08,147.5714569091797,147.6300048828125,149.77000427246094,146.25999450683594,148.77000427246094,175665800,-0.008396276355505439,140.83558218819755,135.42662760416667,123.58540691799588,0.023835296161269306,-0.05385326374283017,NVDA
2024-11-11,145.20240783691406,145.25999450683594,148.85000610351562,143.57000732421875,148.67999267578125,182325600,-0.016053572431175556,142.62058803013392,136.22031275431314,123.80132954915365,0.024174347935874994,-0.0346298360075179,NVDA
2024-11-12,148.23118591308594,148.2899932861328,149.64999389648438,146.00999450683594,146.77999877929688,198634700,0.02085900723887235,144.4612819126674,137.26289876302084,124.0245847913954,0.022905946279218152,-0.05631079134557804,NVDA
2024-11-13,146.21202087402344,146.27000427246094,149.3300018310547,145.89999389648438,149.07000732421875,191903300,-0.013621728967657454,145.9207022530692,138.17653630574543,124.19008839925131,0.02319654672236485,-0.0632431068973971,NVDA
2024-11-14,146.7018280029297,146.75999450683594,149.0,145.5500030517578,147.63999938964844,194463300,0.003349978517349639,146.89888654436385,138.97322057088215,124.32183108859591,0.022658553856451998,-0.06309997523468025,NVDA
2024-11-15,141.9237060546875,141.97999572753906,145.24000549316406,140.0800018310547,144.8699951171875,250132900,-0.032570295907606295,146.3805149623326,139.54166158040366,124.4838877360026,0.023632711077413496,-0.054097295033110004,NVDA
2024-11-18,140.09442138671875,140.14999389648438,141.5500030517578,137.14999389648438,139.5,221205300,-0.012889211526535771,145.1338609967913,139.9558298746745,124.60518442789713,0.023591263728447547,-0.01306067118690446,NVDA
2024-11-19,146.95172119140625,147.00999450683594,147.1300048828125,140.99000549316406,141.32000732421875,227834900,0.048947700677948625,145.04532732282365,140.42631022135416,124.81155802408854,0.024095880171639012,-0.017209988798238318,NVDA
2024-11-20,145.83216857910156,145.88999938964844,147.55999755859375,142.72999572753906,147.41000366210938,309871700,-0.0076185062905554934,145.13529314313615,140.86746826171876,125.02859208848741,0.024164556918669367,0.024335329687168672,NVDA
2024-11-21,146.6118621826172,146.6699981689453,152.88999938964844,140.6999969482422,149.35000610351562,400946600,0.005346513126098795,144.90396118164062,141.26264495849608,125.34724468655057,0.02404661816247182,-0.04445599689020652,NVDA
2024-11-22,141.8937225341797,141.9499969482422,147.16000366210938,141.10000610351562,145.92999267578125,236406200,-0.032181159001723025,144.2870614188058,141.50088348388672,125.57904561360677,0.0248921187857197,-0.012894193413653943,NVDA
2024-11-25,135.96607971191406,136.02000427246094,142.0500030517578,135.82000732421875,141.99000549316406,344941900,-0.04177522949147916,142.75338309151786,141.43257700602214,125.7800779554579,0.025762562806125544,-0.0007397869947646241,NVDA
2024-11-26,136.86572265625,136.9199981689453,139.3000030517578,135.6699981689453,137.6999969482422,190287700,0.006616671939369878,142.03081403459822,141.6098398844401,125.92880308363172,0.024225297295071883,-0.026882931206096305,NVDA
2024-11-27,135.2863311767578,135.33999633789062,137.22000122070312,131.8000030517578,135.00999450683594,226370900,-0.011539715341721934,141.3439440046038,141.59717763264973,126.07052976820204,0.02367051822055527,-0.02638469455370862,NVDA
2024-11-29,138.19520568847656,138.25,139.35000610351562,136.0500030517578,136.77999877929688,141863200,0.021501614290346582,140.093013218471,141.6411610921224,126.33719940185547,0.023940734365073248,-0.01447095711148827,NVDA
2024-12-02,138.57504272460938,138.6300048828125,140.4499969482422,137.82000732421875,138.8300018310547,171682800,0.0027485543672842727,139.05628095354353,141.6621526082357,126.6299678378635,0.02390591156956561,-0.03643367166377398,NVDA
2024-12-03,140.20440673828125,140.25999450683594,140.5399932861328,137.9499969482422,138.25999450683594,164414000,0.011757990339645197,138.14093017578125,141.5471984863281,126.93217790391711,0.022739609361399828,-0.018112875793007688,NVDA
2024-12-04,145.08245849609375,145.13999938964844,145.7899932861328,140.2899932861328,142.0,231224300,0.03479242822173445,138.5964638846261,141.59884440104167,127.30491392347548,0.023637322339578916,-0.029628557641865005,NVDA
2024-12-05,145.0124969482422,145.05999755859375,146.5399932861328,143.9499969482422,145.11000061035156,172621200,-0.00048221920538693563,139.88880920410156,141.78243865966797,127.76416388617622,0.0230108477597579,0.013856417067368287,NVDA
2024-12-06,142.3933563232422,142.44000244140625,145.6999969482422,141.30999755859375,144.60000610351562,188505600,-0.01806148214891312,140.678471156529,141.85040588378905,128.04671681722004,0.023267493650119212,0.033557935899594105,NVDA
2024-12-09,138.7645263671875,138.80999755859375,139.9499969482422,137.1300048828125,138.97000122070312,189308600,-0.02548454541528611,141.17535618373327,141.75976053873697,128.37568520439996,0.023705760295500044,0.027447550448248093,NVDA
2024-12-10,135.0257568359375,135.07000732421875,141.82000732421875,133.7899932861328,139.00999450683594,210020900,-0.02694326589892848,140.72257777622767,141.57847544352214,128.6846570332845,0.024171189109654906,-0.12326941836003147,NVDA
2024-12-11,139.2643585205078,139.30999755859375,140.1699981689453,135.2100067138672,137.36000061035156,184905200,0.03139106037169204,140.82105146135603,141.51415405273437,129.11646558973524,0.024867098667233283,-0.07407928865545743,NVDA
2024-12-12,137.2949981689453,137.33999633789062,138.44000244140625,135.8000030517578,137.0800018310547,159211400,-0.014141165568019254,140.4054216657366,141.4478286743164,129.48419036865235,0.024878823401539643,-0.09931549668167594,NVDA
2024-12-13,134.20602416992188,134.25,139.60000610351562,132.5399932861328,138.94000244140625,231514900,-0.022498809426563127,138.85164533342635,141.49778391520184,129.87689802381726,0.023645723416403457,-0.07150832157898412,NVDA
2024-12-16,131.9567413330078,132.0,134.39999389648438,130.4199981689453,134.17999267578125,237951100,-0.016759924532643855,136.98653738839286,141.38479766845703,130.17731280856663,0.02356382268757609,-0.09037864262573292,NVDA
2024-12-17,130.3472900390625,130.38999938964844,131.58999633789062,126.86000061035156,129.08999633789062,259410300,-0.01219680993700567,135.2656707763672,141.19650472005208,130.46228798760308,0.02363428273687176,-0.10529942264739345,NVDA
2024-12-18,128.86778259277344,128.91000366210938,136.6999969482422,128.27999877929688,133.86000061035156,277444500,-0.01135050407143623,133.85185023716517,140.8302795410156,130.6834026760525,0.023028587062614223,-0.07959045306962453,NVDA
2024-12-19,130.63717651367188,130.67999267578125,134.02999877929688,129.5500030517578,131.75999450683594,209719200,0.013730304699117735,133.22491019112724,140.3331085205078,130.8451043870714,0.021774873195760908,-0.044765727439712855,NVDA
2024-12-20,134.65586853027344,134.6999969482422,135.27999877929688,128.22000122070312,129.80999755859375,306528600,0.030762238773439643,132.5665544782366,139.8609375,131.02991299099392,0.02216385456505217,-0.044691855583923856,NVDA
2024-12-23,139.62425231933594,139.6699981689453,139.7899932861328,135.1199951171875,136.27999877929688,176053500,0.03689689757521042,132.89930507114954,139.59603068033854,131.21684027777778,0.023303434928786473,-0.07038030515555849,NVDA
2024-12-24,140.174072265625,140.22000122070312,141.89999389648438,138.64999389648438,140.0,105157000,0.003937854184755452,133.75188337053572,139.4284194946289,131.39077470567491,0.02316074440307829,-0.04742551201509004,NVDA
2024-12-26,139.88417053222656,139.92999267578125,140.85000610351562,137.72999572753906,139.6999969482422,116205600,-0.0020681551781494,134.8843732561384,139.15018564860026,131.501294793023,0.022792802506139374,-0.05095397858226425,NVDA
2024-12-27,136.96511840820312,137.00999450683594,139.02000427246094,134.7100067138672,138.5500030517578,170582600,-0.020867637223834,135.82977730887276,138.84195556640626,131.6099218580458,0.02296147639640551,-0.042843554460901156,NVDA
2024-12-30,137.4449462890625,137.49000549316406,140.27000427246094,134.02000427246094,134.8300018310547,167734700,0.0035032852629626188,137.05508640834265,138.53339284261068,131.7099983215332,0.022962707109325457,-0.016001168791836884,NVDA
2024-12-31,134.2460174560547,134.2899932861328,138.07000732421875,133.8300018310547,138.02999877929688,155659200,-0.023274255761140172,137.57063511439733,138.27746988932293,131.8273944430881,0.022594559859259147,0.03395633094857242,NVDA
2025-01-02,138.2646942138672,138.30999755859375,138.8800048828125,134.6300048828125,136.0,198247200,0.02993516555623721,138.086181640625,138.2164789835612,131.92691735161677,0.023201790132947937,0.007880864973792479,NVDA
2025-01-03,144.4226837158203,144.47000122070312,144.89999389648438,139.72999572753906,140.00999450683594,229322500,0.044537685755323686,138.77167184012276,138.132177734375,132.12717997233074,0.02289170033754387,-0.036270488230971676,NVDA
2025-01-06,149.38104248046875,149.42999267578125,152.16000366210938,147.82000732421875,148.58999633789062,265377400,0.03433227133768657,140.08695329938615,138.25047353108724,132.36210072835286,0.02369798156052985,-0.06237019700840751,NVDA
2025-01-07,140.09408569335938,140.13999938964844,153.1300048828125,140.00999450683594,153.02999877929688,351782200,-0.06216958077745127,140.11694117954798,138.03321431477863,132.52370766533747,0.026337032850763276,-0.04074497402628807,NVDA
2025-01-08,140.06411743164062,140.11000061035156,143.9499969482422,137.55999755859375,142.5800018310547,227349900,-0.00021391525252778543,140.55965532575334,137.97222747802735,132.77404980129666,0.02567786650930905,-0.07015917000554073,NVDA
2025-01-10,135.86549377441406,135.91000366210938,139.9199981689453,134.22000122070312,137.4499969482422,207602500,-0.029976440320453435,140.33401925223214,137.968874613444,132.95797220865884,0.02510163478100933,-0.06828054461768707,NVDA
2025-01-13,133.18637084960938,133.22999572753906,133.49000549316406,129.50999450683594,129.99000549316406,204808900,-0.019718935620644085,140.1826411655971,137.84622955322266,133.23839916653102,0.025331854406137378,-0.014636417566267435,NVDA
2025-01-14,131.7168426513672,131.75999450683594,136.3800048828125,130.0500030517578,136.0500030517578,195590500,-0.011033622951567179,139.24723379952567,137.7272466023763,133.52237718370225,0.025324483493153884,-0.08811472632395356,NVDA
2025-01-15,136.1953887939453,136.24000549316406,136.4499969482422,131.2899932861328,133.64999389648438,185217300,0.034001317162089206,138.07190595354353,137.66058603922525,133.84501105414498,0.025798708722994442,-0.08308876804186027,NVDA
2025-01-16,133.5262451171875,133.57000732421875,138.75,133.49000549316406,138.63999938964844,209235600,-0.019597900489832676,135.8069349016462,137.49229278564454,134.18663109673395,0.026033257539790862,-0.14606573177053095,NVDA
2025-01-17,137.66490173339844,137.7100067138672,138.5,135.4600067138672,136.69000244140625,201188800,0.03099507975064153,135.45990862165178,137.40764261881512,134.53381118774413,0.02658704287822745,-0.15772277720467298,NVDA
2025-01-21,140.78387451171875,140.8300018310547,141.8300018310547,137.08999633789062,139.16000366210938,197749000,0.022656267058981383,135.56273106166296,137.2643564860026,134.89754435221354,0.026123477848126197,-0.1670808760762038,NVDA
2025-01-22,147.0218505859375,147.07000732421875,147.7899932861328,143.6699981689453,144.66000366210938,237651400,0.04430888193590321,137.15649632045202,137.33133494059246,135.2327464633518,0.027384248522400956,-0.2481812566059699,NVDA
2025-01-23,147.17178344726562,147.22000122070312,147.22999572753906,143.72000122070312,145.0500030517578,155915500,0.00101979985104661,139.15441240583147,137.49061584472656,135.54473554823133,0.0271511529550754,-0.23454689192902056,NVDA
2025-01-24,142.57327270507812,142.6199951171875,148.97000122070312,141.8800048828125,148.3699951171875,234657600,-0.031245872234980654,140.70533098493303,137.6175740559896,135.80607435438367,0.0273677973769595,-0.24989474170888948,NVDA
2025-01-27,118.38121032714844,118.41999816894531,128.39999389648438,116.69999694824219,124.80000305175781,818830900,-0.16968160945545874,138.1604483468192,137.06275583902996,135.82437998453776,0.04130158301667,-0.08157407274931616,NVDA
2025-01-28,128.94775390625,128.99000549316406,129.0,116.25,121.80999755859375,579666400,0.08925862094077885,137.50637817382812,136.7188690185547,135.97330864800347,0.04423414747074801,-0.10263859174129542,NVDA
2025-01-29,123.65947723388672,123.69999694824219,126.88999938964844,120.05000305175781,126.5,467120600,-0.04101100261279511,135.50560324532645,136.26435165405275,136.08813552856446,0.0447664244074855,-0.06555667946566868,NVDA
2025-01-30,124.60917663574219,124.6500015258789,125.0,118.0999984741211,123.0999984741211,392925500,0.007679956466735138,133.19493212018693,135.94445673624674,136.1635344611274,0.04463948870139758,-0.023817203372801243,NVDA
2025-01-31,120.03067016601562,120.06999969482422,127.8499984741211,119.19000244140625,123.77999877929688,388161100,-0.03674293172733545,129.33904920305525,135.54692103068035,136.20883060031468,0.04502320240428834,-0.004405802960211425,NVDA
2025-02-03,116.62179565429688,116.66000366210938,118.56999969482422,113.01000213623047,114.75,371235700,-0.02840002898429128,124.97476523263114,135.08940455118815,136.2133625454373,0.045244899581353804,-0.01045247592348797,NVDA
2025-02-04,118.61113739013672,118.6500015258789,121.19999694824219,116.69999694824219,116.95999908447266,256550000,0.017058061271298497,121.55160304478237,134.7475163777669,136.18879640367297,0.04535389448658574,-0.009432738311446753,NVDA
2025-02-05,124.78910827636719,124.83000183105469,125.0,120.76000213623047,121.76000213623047,262230800,0.052085925674161926,122.4670170375279,134.55258076985677,136.20355275472005,0.04633427356464298,-0.05038132572055465,NVDA
2025-02-06,128.63784790039062,128.67999267578125,128.77000427246094,125.20999908447266,127.41999816894531,251483600,0.03084195149066793,122.42274475097656,134.35198008219402,136.2551863776313,0.04633612651024068,-0.08524383748833098,NVDA
2025-02-07,129.79745483398438,129.83999633789062,130.3699951171875,125.0,129.22000122070312,228186300,0.009014508191179216,123.29959869384766,134.02442016601563,136.34902615017361,0.045838528781932446,-0.0648398983072287,NVDA
2025-02-10,133.5262451171875,133.57000732421875,135.0,129.9600067138672,130.08999633789062,216989100,0.02872776117199205,124.57346561976841,133.80282592773438,136.48385272555882,0.046159666913349225,-0.09634568408561706,NVDA
2025-02-11,132.7565155029297,132.8000030517578,134.47999572753906,131.02000427246094,132.5800018310547,178902400,-0.0057646316166702904,126.39144352504185,133.56523742675782,136.65944061279296,0.046168833643640855,-0.14329477809522417,NVDA
2025-02-12,131.0970458984375,131.13999938964844,132.24000549316406,129.0800018310547,130.02000427246094,160278600,-0.012500099134159393,128.45933641706193,133.36963500976563,136.79604229397245,0.0460676967523142,-0.1502192380070897,NVDA
2025-02-13,135.24566650390625,135.2899932861328,136.5,131.1699981689453,131.55999755859375,197430000,0.031645416393918824,130.835697719029,133.29632568359375,136.93431303236218,0.04643454706439878,-0.18929633574247529,NVDA
2025-02-14,138.8045196533203,138.85000610351562,139.25,135.5,136.47999572753906,195479600,0.026313990247600838,132.83789934430803,133.44827575683593,137.0891357421875,0.04643949856156238,-0.21937367788491924,NVDA
2025-02-18,139.35433959960938,139.39999389648438,143.44000244140625,137.92999267578125,141.27000427246094,219176600,0.003961109823097164,134.36882672991072,133.484597269694,137.2189687093099,0.04614601043452352,-0.20975511583288498,NVDA
2025-02-19,139.1844024658203,139.22999572753906,141.36000061035156,137.22000122070312,139.50999450683594,167536000,-0.0012194606517265116,135.70981924874442,133.30998789469402,137.28949195014107,0.04541967127231415,-0.20685091161200098,NVDA
2025-02-20,140.06411743164062,140.11000061035156,140.66000366210938,136.7899932861328,140.02999877929688,143903600,0.006320499641016442,136.64380100795202,132.99942372639973,137.37245517306857,0.0449714470341924,-0.2733611882114013,NVDA
2025-02-21,134.38595581054688,134.42999267578125,141.4600067138672,134.02999877929688,140.0399932861328,228217600,-0.04053973084052043,136.87657819475447,132.80915273030598,137.3683373345269,0.04412422196047745,-0.29838069615962903,NVDA
2025-02-24,130.23733520507812,130.27999877929688,138.58999633789062,130.0800018310547,136.55999755859375,251381100,-0.030870938711165197,136.7537623814174,132.4815933227539,137.318234761556,0.04447357741698786,-0.2504684698744053,NVDA
2025-02-25,126.5885238647461,126.62999725341797,130.1999969482422,124.44000244140625,129.97999572753906,271428700,-0.028016630826993127,135.51702771868025,132.17236099243163,137.1912708706326,0.0444315947406745,-0.23944675004434313,NVDA
2025-02-26,131.23699951171875,131.27999877929688,133.72999572753906,128.49000549316406,129.99000549316406,322553800,0.036721145843673364,134.43595341273718,132.10738194783528,137.18781712849935,0.044820127547608245,-0.1290331957173957,NVDA
2025-02-27,120.11064910888672,120.1500015258789,135.00999450683594,120.01000213623047,135.0,443175800,-0.0847805911764884,131.68685477120536,131.72050882975262,137.01497768825953,0.04742318128596041,-0.10462015113500522,NVDA
2025-02-28,124.87908172607422,124.91999816894531,125.08999633789062,116.4000015258789,118.0199966430664,389091100,0.03970033175713383,129.6432375226702,131.3432985941569,136.88168190850152,0.04758320304890611,-0.11191001353787611,NVDA
2025-03-03,114.02263641357422,114.05999755859375,123.69999694824219,112.27999877929688,123.51000213623047,411381400,-0.08693565937899761,125.92302594866071,130.69317830403645,136.61587456597223,0.049982598385121785,-0.02928122286958834,NVDA
2025-03-04,115.95201110839844,115.98999786376953,119.30999755859375,110.11000061035156,110.6500015258789,398163300,0.01692097951345506,123.28960527692523,129.96941528320312,136.30808546278212,0.049708299548375405,-0.0325863258091722,NVDA
2025-03-05,117.26158142089844,117.30000305175781,118.27999877929688,114.51000213623047,117.58000183105469,284337900,0.011294071573072939,121.43592616489956,129.18533884684246,136.01617991129558,0.049537648081140945,-0.10912522097033706,NVDA
2025-03-06,110.53378295898438,110.56999969482422,115.3499984741211,110.22000122070312,113.52999877929688,321181900,-0.05737427706833764,119.14239174979073,127.96906992594401,135.69428117540147,0.049538363367976096,-0.08203558228378971,NVDA
2025-03-07,112.6530990600586,112.69000244140625,113.4800033569336,107.55999755859375,111.25,341755500,0.01917346936239972,116.487548828125,126.81844711303711,135.3864896138509,0.049765442710541785,-0.1399510770492115,NVDA
2025-03-10,106.94496154785156,106.9800033569336,111.8499984741211,105.45999908447266,109.9000015258789,366487400,-0.05067004423166255,114.6067363194057,125.63083674112956,135.0027237786187,0.05020792308066701,-0.07553663316328385,NVDA
2025-03-11,108.72437286376953,108.76000213623047,112.23999786376953,104.7699966430664,106.98999786376953,354865700,0.016638570814033082,112.29892076764789,125.30894215901692,134.65005781385634,0.04004735713935447,-0.055540137232354736,NVDA
2025-03-12,115.71273803710938,115.73999786376953,116.76000213623047,112.87999725341797,114.12000274658203,323857500,0.06427597593132295,112.54036385672433,124.8677749633789,134.36693267822267,0.03830505978337401,-0.0804390539801011,NVDA
2025-03-13,115.55277252197266,115.58000183105469,117.76000213623047,113.79000091552734,117.02999877929688,299033100,-0.0013824365221175583,112.48332977294922,124.59755147298178,134.10324393378363,0.03762203619487317,-0.03953965120077052,NVDA
2025-03-14,121.6413345336914,121.66999816894531,121.87999725341797,118.1500015258789,118.61000061035156,277593500,0.052690747948613614,113.1090087890625,124.49862340291341,133.98028801812066,0.03887975109866883,-0.10635324524502454,NVDA
2025-03-17,119.50183868408203,119.52999877929688,122.88999938964844,118.02999877929688,122.73999786376953,255501500,-0.017588559495923528,114.3901596069336,124.48099568684896,133.80423812866212,0.038411032942958126,-0.08792770637434089,NVDA
2025-03-18,115.4028091430664,115.43000030517578,119.0199966430664,114.54000091552734,118.0,299686900,-0.03430097466409632,114.78297533307757,124.44036280314127,133.57542402479385,0.03857928364346862,-0.056397901451909815,NVDA
2025-03-19,117.4923095703125,117.5199966430664,120.44999694824219,115.68000030517578,117.2699966430664,273426200,0.018106148739028605,116.28973933628627,124.40306854248047,133.326954820421,0.03859537753426266,-0.050289312590065194,NVDA
2025-03-20,118.50206756591797,118.52999877929688,120.19999694824219,116.47000122070312,116.55000305175781,248829700,0.008594247566485969,117.68655286516461,124.19350051879883,133.02639660305448,0.03738548876524828,-0.03399972302883869,NVDA
2025-03-21,117.6722640991211,117.69999694824219,117.98999786376953,115.41999816894531,116.94000244140625,266498500,-0.0070024387239934205,117.96648515973773,123.8279810587565,132.68029954698352,0.03690828194212769,-0.032965067226140565,NVDA
2025-03-24,121.38140106201172,121.41000366210938,122.22000122070312,119.33999633789062,119.87999725341797,228452500,0.03152091099195853,118.7991463797433,123.5474459330241,132.38929892645942,0.037371914359310525,-0.06482163746237124,NVDA
2025-03-25,120.66156768798828,120.69000244140625,121.29000091552734,118.91999816894531,120.55000305175781,167447200,-0.005930343262850357,118.6591796875,123.11862335205078,132.1166229248047,0.03693699751175601,-0.030077039696805974,NVDA
2025-03-26,113.73320007324219,113.76000213623047,118.83999633789062,112.70999908447266,118.7300033569336,293463300,-0.05741983754646518,117.83508845738002,122.48451283772786,131.73331197102866,0.038264884941902964,0.03173357801089649,NVDA
2025-03-27,111.40374755859375,111.43000030517578,114.44999694824219,110.66000366210938,111.3499984741211,236902100,-0.02048172840602669,117.2637939453125,121.82806955973307,131.34655337863498,0.03835064167491605,0.046845577483277445,NVDA
2025-03-28,109.64415740966797,109.66999816894531,112.87000274658203,109.06999969482422,111.48999786376953,229872500,-0.015794712363695895,116.14262935093471,120.97468592325846,130.9348014831543,0.0377745651429582,0.12154659303462134,NVDA
2025-03-31,108.35446166992188,108.37999725341797,110.95999908447266,103.6500015258789,105.12999725341797,299212700,-0.01176255780713742,114.69297136579242,119.95968399047851,130.56180987887913,0.03727844907918781,0.19883742250163983,NVDA
2025-04-01,110.12405395507812,110.1500015258789,110.19999694824219,106.47000122070312,108.5199966430664,222614000,0.01633151286881862,113.61465563092914,118.9853411356608,130.22880579630535,0.037477917135910525,0.22868801691540486,NVDA
2025-04-02,110.39398193359375,110.41999816894531,111.9800033569336,106.79000091552734,107.29000091552734,220601200,0.002451126423530736,112.04502432686942,118.02566045125326,129.82260869344074,0.037503847855034154,0.22106504966287854,NVDA
2025-04-03,101.7760238647461,101.80000305175781,105.62999725341797,101.5999984741211,103.51000213623047,338769400,-0.07806546985533769,109.34708949497768,116.7493906656901,129.33309597439236,0.03957728793829654,0.3300588673737088,NVDA
2025-04-04,94.28778076171875,94.30999755859375,100.12999725341797,92.11000061035156,98.91000366210938,532273800,-0.07357570888187526,106.56917245047433,115.41278483072917,128.75171729193792,0.0408991293125587,0.4374933244260948,NVDA
2025-04-07,97.61698913574219,97.63999938964844,101.75,86.62000274658203,87.45999908447266,611041300,0.035309011911489385,104.59963553292411,114.3254399617513,128.25975358751086,0.04156516307097813,0.37628033895502044,NVDA
2025-04-08,96.27731323242188,96.30000305175781,105.8499984741211,94.45999908447266,103.80999755859375,476243400,-0.013723798645924323,102.6900863647461,113.31506627400717,127.81876729329427,0.04141790988584693,0.3686396825170415,NVDA
2025-04-09,114.30307006835938,114.33000183105469,115.0999984741211,97.52999877929688,98.88999938964844,612918300,0.18722746024727277,103.53988756452289,112.75060195922852,127.56807115342882,0.05419549872611812,0.1618122415720482,NVDA
2025-04-10,107.5446548461914,107.56999969482422,110.86000061035156,99.1500015258789,109.37000274658203,437812400,-0.05912715396118473,103.17140197753906,112.33173548380533,127.25983030531141,0.05305458343953046,0.2205075548238793,NVDA
2025-04-11,110.90386199951172,110.93000030517578,111.55000305175781,107.4800033569336,108.5,313417300,0.031235463613924708,103.24424198695591,111.86589482625325,126.9565931532118,0.05284525686566838,0.22149094641166434,NVDA
2025-04-14,110.68391418457031,110.70999908447266,114.29000091552734,109.06999969482422,114.11000061035156,264705000,-0.0019832295375104003,104.5167977469308,111.75460408528646,126.64669172498915,0.05039193404753919,0.2176859213146909,NVDA
2025-04-15,112.1735610961914,112.19999694824219,113.62000274658203,110.5,110.97000122070312,228966900,0.013458567331988691,107.07190922328404,111.62865575154622,126.33523788452149,0.05035623677164046,0.2405526751921554,NVDA
2025-04-16,104.46538543701172,104.48999786376953,106.79000091552734,100.44999694824219,104.55000305175781,397016900,-0.06871651023515024,108.05025155203683,111.20211588541666,125.88393707275391,0.05183831275191453,0.293233873437309,NVDA
2025-04-17,101.46607971191406,101.48999786376953,104.47000122070312,100.05000305175781,104.44999694824219,292517500,-0.02871100041942709,108.79150390625,110.89985911051433,125.40008799235027,0.05105205911065899,0.353631098995576,NVDA
2025-04-21,96.88717651367188,96.91000366210938,99.44000244140625,95.04000091552734,98.7699966430664,288501100,-0.04512742791721891,106.30351911272321,110.3743283589681,124.89446377224392,0.0514959339883476,0.45722815838105024,NVDA
2025-04-22,98.86669921875,98.88999938964844,99.80999755859375,97.27999877929688,98.77999877929688,241004800,0.020431214700521227,105.06381116594586,110.10505294799805,124.45115458170572,0.050896340789286634,0.43513000113592026,NVDA
2025-04-23,102.68580627441406,102.70999908447266,104.80000305175781,102.0199966430664,104.5199966430664,247526000,0.03862885163399654,103.88980320521763,109.90376739501953,124.09182179768881,0.05132187391858458,0.3629637466738449,NVDA
2025-04-24,106.40491485595703,106.43000030517578,106.54000091552734,103.11000061035156,103.4800033569336,220815000,0.03621833159301646,103.2785175868443,109.59350662231445,123.72671686808268,0.05034365127326737,0.3315794662610272,NVDA
2025-04-25,110.98385620117188,111.01000213623047,111.91999816894531,105.7300033569336,106.8499984741211,251064700,0.04303317521952321,103.10855974469867,109.44120941162109,123.43437084621853,0.0509995875697467,0.28483916409268906,NVDA
2025-04-28,108.70438385009766,108.7300033569336,110.37000274658203,106.0199966430664,109.69000244140625,207708500,-0.020538774098301293,103.71413094656808,109.00997772216797,123.15101928710938,0.05012902724356465,0.32401363522058135,NVDA
2025-04-29,108.99431610107422,109.0199966430664,110.19999694824219,107.44000244140625,107.66999816894531,170444300,0.00266716245203491,104.78959328787667,108.65972696940104,122.89588122897678,0.05005622074283604,0.31021748898212476,NVDA
2025-04-30,108.89433288574219,108.91999816894531,108.91999816894531,104.08000183105469,104.47000122070312,235044600,-0.0009173250395856369,106.50490134102958,108.44277776082357,122.65751503838433,0.04968078559763602,0.33134482328099524,NVDA
2025-05-01,111.58370208740234,111.61000061035156,114.94000244140625,111.30000305175781,113.08000183105469,236121500,0.024697053835501137,108.32161603655133,108.24582417805989,122.46546969943576,0.04978169421637936,0.2721070234936942,NVDA
2025-05-02,114.47303009033203,114.5,115.4000015258789,113.37000274658203,114.18000030517578,190194800,0.025893817366504868,110.00550515311105,108.1115229288737,122.28586807250977,0.04999125426291603,0.26375579012529093,NVDA
2025-05-05,113.7931900024414,113.81999969482422,114.66999816894531,112.66000366210938,112.91000366210938,133163200,-0.005938866887284733,111.06097303118024,107.98222045898437,122.05406053331163,0.049986488473371074,0.26629755976845204,NVDA
2025-05-06,113.51325988769531,113.54000091552734,114.73999786376953,110.81999969482422,111.4800033569336,158525600,-0.0024599900463295743,111.4223164149693,107.71994908650716,121.7639383951823,0.04963235044622849,0.2813992893057793,NVDA
2025-05-07,117.03242492675781,117.05999755859375,117.68000030517578,112.27999877929688,113.05000305175781,206758800,0.031002237470267424,112.6120365687779,107.5989776611328,121.50680898030599,0.04996506753566182,0.2289422839103361,NVDA
2025-05-08,117.34236145019531,117.37000274658203,118.68000030517578,115.8499984741211,118.25,198428100,0.002648296176307241,113.8046144757952,107.71928304036459,121.25634443495008,0.04876808291938223,0.22842288231346353,NVDA
2025-05-09,116.62252044677734,116.6500015258789,118.2300033569336,115.20999908447266,117.3499984741211,132972200,-0.0061345365349878556,114.9086412702288,107.89324213663737,121.03031556871203,0.04860864514963388,0.2679832005174425,NVDA
2025-05-12,122.97103118896484,123.0,123.0,120.27999877929688,121.97000122070312,225023300,0.05443640488875179,116.535402570452,108.33747126261393,120.86949428982204,0.049376237621938705,0.254639904221718,NVDA
2025-05-13,129.89938354492188,129.92999267578125,131.22000122070312,124.47000122070312,124.9800033569336,330430100,0.0563413373781545,118.73916734967914,109.05563532511393,120.82119835747613,0.050140412869557824,0.1931868185050638,NVDA
2025-05-14,135.30810546875,135.33999633789062,135.44000244140625,131.67999267578125,133.1999969482422,281180800,0.0416377797663503,121.81272670200893,109.895103708903,120.78834737141928,0.050510267316941325,0.16566398482918387,NVDA
2025-05-15,134.79823303222656,134.8300018310547,136.3000030517578,132.66000366210938,134.2899932861328,226632600,-0.003768232765931301,124.85343715122768,110.7085787455241,120.68140903049046,0.05054690228367054,0.171853345720131,NVDA
2025-05-16,135.36810302734375,135.39999389648438,136.35000610351562,133.4600067138672,136.22000122070312,226542500,0.004227577634351887,127.47281973702567,111.82831471761068,120.5257097032335,0.047885436048322474,0.13227955999244312,NVDA
2025-05-19,135.53805541992188,135.57000732421875,135.8699951171875,132.38999938964844,132.38999938964844,193154600,0.0012554832990736564,130.07220458984375,113.20332387288411,120.47508714463976,0.04522384781799403,0.15999791503004412,NVDA
2025-05-20,134.3483428955078,134.3800048828125,134.5800018310547,132.6199951171875,134.2899932861328,161514200,-0.00877770099864661,132.6044649396624,114.42770233154297,120.41157853868273,0.04519379588209564,0.1858242454302288,NVDA
2025-05-21,131.76895141601562,131.8000030517578,137.39999389648438,130.58999633789062,133.05999755859375,270608700,-0.019199280198776703,133.86131068638392,115.61075693766276,120.36606140136719,0.045310653833909066,0.20069039708833536,NVDA
2025-05-22,132.7987060546875,132.8300018310547,134.25,131.5500030517578,132.22999572753906,187344000,0.0078148503695743,134.27549961635046,116.22727813720704,120.36175401475694,0.030840422354585097,0.2046308578004885,NVDA
2025-05-23,131.25906372070312,131.2899932861328,132.67999267578125,129.16000366210938,130.0,198821300,-0.01159380523896325,133.69706508091517,117.01775843302408,120.356667582194,0.028542455237973448,0.24069859387035453,NVDA
2025-05-27,135.4680633544922,135.5,135.66000366210938,133.30999755859375,134.14999389648438,192953600,0.03206635423474524,133.79275512695312,117.83656514485678,120.3485861884223,0.028567116761774508,0.21115438269842368,NVDA
2025-05-28,134.7782440185547,134.80999755859375,137.25,134.7899932861328,136.02999877929688,304021100,-0.005092117794083917,133.70848955426897,118.63970947265625,120.36249728732639,0.028606763455718585,0.22343627923427012,NVDA
2025-05-29,139.15721130371094,139.19000244140625,143.49000549316406,137.91000366210938,142.25,369241900,0.03249016424752793,134.2255118233817,119.53916447957357,120.3790785047743,0.028964114888556856,0.1788303195451395,NVDA
2025-05-30,135.09817504882812,135.1300048828125,139.6199951171875,132.9199981689453,138.72000122070312,333170900,-0.029168709381678815,134.33263070242745,120.56025746663411,120.31590406629775,0.026131574245573334,0.2633155910336291,NVDA
2025-06-02,137.34764099121094,137.3800048828125,138.1199951171875,135.39999389648438,135.49000549316406,197663100,0.016650601990513936,135.12958635602678,121.75630950927734,120.20841284857856,0.025172918352302134,0.2475024760546216,NVDA
2025-06-03,141.1867218017578,141.22000122070312,142.0,137.9499969482422,138.77999877929688,225578800,0.027951559872750442,136.32787431989397,123.2329610188802,120.14191216362848,0.02305645657878362,0.22512407848294358,NVDA
