Date,Adj Close,Close,High,Low,Open,Volume,daily_return,ma_7,ma_30,ma_90,volatility_30,target_30d_return,ticker
,TSLA,TSLA,TSLA,TSLA,TSLA,TSLA,,,,,,,
2022-05-11,244.6666717529297,244.6666717529297,269.92333984375,242.39999389648438,265.0,97224600,-0.08254582843646041,281.99761744907926,321.6025578816732,313.7242582533095,0.04329980874490551,0.004250653669671145,TSLA
2022-05-12,242.6666717529297,242.6666717529297,253.22000122070312,226.6666717529297,233.6666717529297,140313000,-0.008174386751047313,273.36666434151783,317.53600260416664,311.9769249810113,0.04328531593491552,0.009285685585657344,TSLA
2022-05-13,256.5299987792969,256.5299987792969,262.45001220703125,250.52333068847656,257.82666015625,92150700,0.05712909369145702,264.6509486607143,314.11366882324216,310.56951768663197,0.04510919895513111,-0.09303656030383145,TSLA
2022-05-16,241.4566650390625,241.4566650390625,256.586669921875,239.69667053222656,255.72000122070312,86098500,-0.05875856161837267,257.55999755859375,310.11122436523436,309.22229546440974,0.04584660329554411,-0.05370180832987448,TSLA
2022-05-17,253.8699951171875,253.8699951171875,254.82666015625,242.9499969482422,249.1199951171875,80236200,0.05141017778952928,252.605712890625,305.84633483886716,308.09973992241754,0.04561197245760233,-0.11579417830334426,TSLA
2022-05-18,236.60333251953125,236.60333251953125,253.5,233.60333251953125,248.17333984375,87811800,-0.06801379812405906,248.92476109095983,301.6080017089844,306.92511020236543,0.04630855971096178,-0.039475337217068196,TSLA
2022-05-19,236.47332763671875,236.47332763671875,244.6666717529297,231.3699951171875,235.6666717529297,90296700,-0.0005494634476534976,244.6095232282366,297.8708902994792,305.63362867567275,0.04604297995859955,-0.014406115147743703,TSLA
2022-05-20,221.3000030517578,221.3000030517578,240.52667236328125,211.0,237.99667358398438,144973200,-0.06416505716141863,241.27142769949776,293.5002232869466,304.1502955118815,0.04679886156898717,0.04714565841260199,TSLA
2022-05-23,224.96665954589844,224.96665954589844,226.65333557128906,212.68666076660156,218.33999633789062,88903500,0.01656871415985961,238.74285452706474,289.6047790527344,302.55281405978735,0.04703121169668294,0.0870203409454322,TSLA
2022-05-24,209.3866729736328,209.3866729736328,217.97332763671875,206.85667419433594,217.8433380126953,89092500,-0.06925464690507588,232.00809369768416,285.7406682332357,301.0587400648329,0.04772721362731776,0.1976088669846634,TSLA
2022-05-25,219.60000610351562,219.60000610351562,223.10667419433594,207.6699981689453,207.9499969482422,92139300,0.04877737911795821,228.8857138497489,282.0945571899414,299.61129574245876,0.04887400140167313,0.06713721083518531,TSLA
2022-05-26,235.91000366210938,235.91000366210938,239.55667114257812,217.8866729736328,220.47332763671875,106003200,0.07427138936829314,226.32000078473772,278.598557027181,298.4158143785265,0.05064633929047433,-0.012038473544166872,TSLA
2022-05-27,253.2100067138672,253.2100067138672,253.26666259765625,240.17666625976562,241.0833282470703,89295000,0.07333306253742577,228.6923828125,276.0944458007813,297.54166632758245,0.052661588158767085,-0.06386008846011704,TSLA
2022-05-31,252.75332641601562,252.75332641601562,259.6000061035156,244.7433319091797,257.9466552734375,101914500,-0.001803563389055185,231.01809692382812,273.36077880859375,296.66014777289496,0.05243005232258559,-0.057130750314438594,TSLA
2022-06-01,246.7899932861328,246.7899932861328,257.32666015625,243.63999938964844,251.72000122070312,77247900,-0.02359349020027357,234.6595241001674,270.16322275797523,295.90633290608724,0.05215419276119321,-0.027243112847462947,TSLA
2022-06-02,258.3333435058594,258.3333435058594,264.2099914550781,242.06666564941406,244.1566619873047,93473100,0.04677398003874078,239.4261932373047,267.9165562947591,295.33225894504125,0.05256942130322764,-0.06885167004584847,TSLA
2022-06-03,234.51666259765625,234.51666259765625,247.79666137695312,233.4166717529297,243.22666931152344,112393800,-0.09219359988526965,243.01619175502233,264.52511138916014,294.5365181816949,0.05429957144345214,0.046961849361362606,TSLA
2022-06-06,238.27999877929688,238.27999877929688,244.86666870117188,234.35000610351562,244.35333251953125,84204600,0.0160472016783606,245.68476213727678,261.3005559285482,293.7121848212348,0.054503904143048613,0.03869397879778824,TSLA
2022-06-07,238.8866729736328,238.8866729736328,239.99667358398438,230.0933380126953,234.0,72808500,0.0025460558898939833,246.11000061035156,258.17433369954426,293.29574042426214,0.054548790593767583,0.13738728769123165,TSLA
2022-06-08,241.86666870117188,241.86666870117188,249.9633331298828,239.17666625976562,240.086669921875,76210500,0.012474516432601446,244.4895237513951,256.49855550130206,292.84851820203994,0.05036206274235492,0.12559266074122633,TSLA
2022-06-09,239.7066650390625,239.7066650390625,255.54666137695312,239.32666015625,249.33999633789062,96491400,-0.008930555308462429,242.62571498325892,254.69422200520833,292.04259236653644,0.05032459304116167,0.11984086486728729,TSLA
2022-06-10,232.22999572753906,232.22999572753906,239.5,227.913330078125,235.1566619873047,97536600,-0.031190911234383223,240.54571533203125,252.68511098225912,291.173851691352,0.05054147859464278,0.11467075792942238,TSLA
2022-06-13,215.73666381835938,215.73666381835938,226.63333129882812,214.68333435058594,223.1666717529297,102767400,-0.07102153990705962,234.4604753766741,250.20122222900392,290.21662953694664,0.051901252916514595,0.27386788346557966,TSLA
2022-06-14,220.88999938964844,220.88999938964844,226.3300018310547,211.73666381835938,218.2866668701172,97988700,0.023887157055640484,232.51380920410156,247.53155517578125,289.37044440375433,0.05156012437544195,0.2716736596163356,TSLA
2022-06-15,233.0,233.0,235.663330078125,218.14999389648438,220.9166717529297,119131800,0.05482367080362738,231.75952366420202,245.19544372558593,288.5396294487847,0.05279501430169112,0.2753218622166711,TSLA
2022-06-16,213.10000610351562,213.10000610351562,225.1666717529297,208.69332885742188,222.73666381835938,107390700,-0.08540769912654234,228.07571411132812,241.7141103108724,287.5468889024523,0.053595445692622506,0.3950101541474189,TSLA
2022-06-17,216.75999450683594,216.75999450683594,220.97000122070312,213.19667053222656,213.43333435058594,92641800,0.017174980283869212,224.48904636928015,239.23633270263673,286.5405183580187,0.05209202260664182,0.38672576831235994,TSLA
2022-06-21,237.0366668701172,237.0366668701172,243.57666015625,224.3333282470703,224.60333251953125,122793000,0.0935443480214786,224.1076180594308,237.51922200520832,285.7224073621962,0.055319549251281484,0.2968317161197045,TSLA
2022-06-22,236.086669921875,236.086669921875,246.8333282470703,233.82666015625,234.50332641601562,101107500,-0.004007805884153504,224.65857151576452,236.6431111653646,284.99540744357637,0.05290025960134215,0.30728825732075427,TSLA
2022-06-23,235.07000732421875,235.07000732421875,239.31666564941406,228.6366729736328,237.9066619873047,104202600,-0.004306310889948484,227.42047773088728,235.58944498697917,284.4221113416884,0.052784533834855145,0.22589017930423516,TSLA
2022-06-24,245.7066650390625,245.7066650390625,246.06666564941406,236.086669921875,237.47000122070312,95770800,0.04524889345059324,230.96571568080358,235.62411142985027,283.90862969292533,0.05126495196871112,0.18199211160014084,TSLA
2022-06-27,244.9199981689453,244.9199981689453,252.07000732421875,242.56666564941406,249.36666870117188,89178300,-0.0032016505127857586,232.66857256208147,235.6992223103841,283.213555738661,0.05124088946134151,0.15684037899762115,TSLA
2022-06-28,232.663330078125,232.663330078125,249.97000122070312,232.3433380126953,244.48333740234375,90391200,-0.0500435578248114,235.4633331298828,234.9036666870117,282.37874094645184,0.05097029977137703,0.26516137646919313,TSLA
2022-06-29,228.49000549316406,228.49000549316406,231.17333984375,222.27333068847656,230.5,82897200,-0.01793718238090891,237.13904898507255,234.47144470214843,281.6717780219184,0.049936818715637786,0.2544531401457202,TSLA
2022-06-30,224.47332763671875,224.47332763671875,229.4566650390625,218.8633270263672,224.50999450683594,94600500,-0.017579227799377373,235.3442862374442,233.4915557861328,280.99192606608074,0.049038364316342904,0.33659531819681,TSLA
2022-07-01,227.26333618164062,227.26333618164062,230.22999572753906,222.1199951171875,227.0,74460300,0.012429131666979787,234.08380998883928,233.1802225748698,280.47437065972224,0.04753273117422263,0.3610642724922166,TSLA
2022-07-05,233.06666564941406,233.06666564941406,233.14666748046875,216.1666717529297,223.0,84581100,0.025535704813974602,233.79761832101005,233.06666717529296,280.23422258165147,0.047764946972470086,0.3153460754261239,TSLA
2022-07-06,231.73333740234375,231.73333740234375,234.56333923339844,227.18666076660156,230.77999877929688,71853600,-0.005720802000385383,231.80142865862166,233.41444498697916,279.84322255452474,0.046197358556796124,0.31183832672367906,TSLA
2022-07-07,244.5433349609375,244.5433349609375,245.3633270263672,232.2100067138672,233.9199981689453,81930600,0.055279044880592876,231.74761962890625,234.06700083414714,279.56085222032334,0.04713284280404629,0.23851257350999533,TSLA
2022-07-08,250.76333618164062,250.76333618164062,254.97999572753906,241.16000366210938,242.3333282470703,101854200,0.02543516968760029,234.33333478655135,235.44622294108072,279.12329661051433,0.04519823523613193,0.1830543532059643,TSLA
2022-07-11,234.3433380126953,234.3433380126953,253.06333923339844,233.6266632080078,252.10333251953125,99241200,-0.06548005948146851,235.16952514648438,235.9376673380534,278.52574123806426,0.04635741517433522,0.23713066706602626,TSLA
2022-07-12,233.07000732421875,233.07000732421875,239.77333068847656,228.3699951171875,236.84666442871094,87930900,-0.005433611636988744,236.39762224469865,235.84300079345704,277.85655619303384,0.04438661463503783,0.27194975461024007,TSLA
2022-07-13,237.0399932861328,237.0399932861328,242.05999755859375,225.03334045410156,225.5,97954500,0.017033448479672808,237.7942875453404,235.3040003458659,277.38185238308375,0.042346815563300895,0.2533609859196726,TSLA
2022-07-14,238.31333923339844,238.31333923339844,238.65333557128906,229.3333282470703,234.89666748046875,78557400,0.005371861218914864,238.54381234305245,234.82266743977866,276.92500067816843,0.04236425402275182,0.24235600187807704,TSLA
2022-07-15,240.06666564941406,240.06666564941406,243.6233367919922,236.88999938964844,240.0,69683100,0.0073572315408600986,239.73428780691964,234.5985565185547,276.6124821980794,0.04217355643354022,0.20004164492628207,TSLA
2022-07-18,240.54666137695312,240.54666137695312,250.51666259765625,239.60333251953125,244.93666076660156,82537500,0.001999426810217919,239.163334437779,234.00566711425782,276.2318896823459,0.04124132938038134,0.18405304689673607,TSLA
2022-07-19,245.52999877929688,245.52999877929688,247.13999938964844,236.97666931152344,245.0,80890200,0.020716718219316865,238.41571480887276,234.3727783203125,275.77863040500216,0.037681697933837834,0.13102274095904476,TSLA
2022-07-20,247.5,247.5,250.663330078125,243.48333740234375,246.78334045410156,88864200,0.008023464466653252,240.2952379499163,234.68011169433595,275.42381574842665,0.03760858598098052,0.11357569839015147,TSLA
2022-07-21,271.7066650390625,271.7066650390625,273.26666259765625,254.86666870117188,255.10667419433594,142032300,0.09780470722853529,245.81476048060827,235.77411142985025,275.49703792995876,0.041482152737319665,0.0200706840307463,TSLA
2022-07-22,272.24334716796875,272.24334716796875,280.78668212890625,270.71331787109375,276.2200012207031,103472700,0.0019752262198982073,250.84381103515625,236.7866673787435,275.68355662027994,0.04146233107313214,-0.007468890366074121,TSLA
2022-07-25,268.4333190917969,268.4333190917969,274.14666748046875,267.3999938964844,272.2166748046875,64073400,-0.013994935471540293,255.14666530064173,237.74422251383464,275.6961861504449,0.041530329169708606,0.022302351869702974,TSLA
2022-07-26,258.8599853515625,258.8599853515625,267.30999755859375,256.2633361816406,266.5133361816406,66820800,-0.0356637312112531,257.83142525809154,238.63188883463542,275.4604453192817,0.041671078508365086,0.09595931492359866,TSLA
2022-07-27,274.82000732421875,274.82000732421875,275.9266662597656,261.7900085449219,263.80999755859375,88110000,0.061655036992220635,262.7276175362723,240.60133361816406,275.2858528984917,0.040405083698606764,0.052543490490380096,TSLA
2022-07-28,280.8999938964844,280.8999938964844,283.29998779296875,272.79998779296875,280.0666809082031,84723000,0.02212352234272652,267.7804739815848,242.60166676839194,275.05366770426434,0.04038377929019867,0.06685652968087119,TSLA
2022-07-29,297.1499938964844,297.1499938964844,298.32000732421875,279.1000061035156,280.70001220703125,95313000,0.05784976985791013,274.87333025251115,244.73999989827473,274.943630472819,0.040506229130636694,0.024465824265783365,TSLA
2022-08-01,297.27667236328125,297.27667236328125,311.8766784667969,295.0,301.27667236328125,117042900,0.00042631152414229767,278.5261884416853,247.54588877360027,274.56529727511935,0.03644064248837098,-0.0173127189548844,TSLA
2022-08-02,300.586669921875,300.586669921875,307.8333435058594,292.6666564941406,294.0033264160156,95577600,0.011134400598203698,282.57523454938615,250.3401112874349,274.2047415839301,0.03642653147069066,0.006731221415152477,TSLA
2022-08-03,307.39666748046875,307.39666748046875,309.54998779296875,301.1499938964844,305.0,80091000,0.02265568716125621,288.1414271763393,252.6854446411133,273.86500091552733,0.03307134830733341,-0.011863067711039732,TSLA
2022-08-04,308.6333312988281,308.6333312988281,313.6066589355469,305.0,311.0,72256200,0.004023022853486102,295.2519051688058,255.10366668701172,273.55114898681643,0.032992970109503666,-0.01711845306233961,TSLA
2022-08-05,288.1700134277344,288.1700134277344,304.6066589355469,285.5433349609375,302.6700134277344,113172900,-0.0663030068235908,297.1590488978795,256.87366689046223,272.70918629964194,0.03571618840086388,0.07252660902459085,TSLA
2022-08-08,290.42333984375,290.42333984375,305.20001220703125,289.086669921875,295.0,98994000,0.007819434052879659,298.51952689034596,258.36422271728514,271.8636306762695,0.0349957989247094,0.06303443501623263,TSLA
2022-08-09,283.3333435058594,283.3333435058594,292.39666748046875,279.35333251953125,290.2933349609375,86244600,-0.024412625864385085,296.5457196916853,259.64466756184896,270.9599641587999,0.03540368873683179,0.0616469776235431,TSLA
2022-08-10,294.3566589355469,294.3566589355469,297.510009765625,283.3699951171875,297.0666809082031,94918800,0.03890581776676605,296.12857491629467,261.70111185709635,270.23948245578345,0.03430180499834132,-0.019590732611620476,TSLA
2022-08-11,286.6300048828125,286.6300048828125,298.2366638183594,285.8333435058594,296.5133361816406,70155000,-0.026249292544206493,294.134765625,263.6391118367513,269.407260301378,0.034554801254932446,-0.0394237104212688,TSLA
2022-08-12,300.0299987792969,300.0299987792969,300.1600036621094,285.0333251953125,289.4166564941406,79657200,0.046750143628413676,293.08238438197543,266.1576675415039,268.4985193888346,0.03489694191297405,-0.08005862450888146,TSLA
2022-08-15,309.32000732421875,309.32000732421875,313.1333312988281,301.2300109863281,301.78668212890625,89359200,0.03096359891583922,293.18048095703125,268.8928899129232,267.8937047322591,0.03509938756724253,-0.085283862207988,TSLA
2022-08-16,306.5633239746094,306.5633239746094,314.6666564941406,302.8833312988281,311.6666564941406,88136400,-0.008912075793144236,295.808096749442,271.342778523763,267.4267786661784,0.035168136184472086,-0.061172765785801664,TSLA
2022-08-17,303.9966735839844,303.9966735839844,309.65667724609375,300.0333251953125,303.39666748046875,68766000,-0.008372333511224461,297.7471444266183,273.7515563964844,266.8887415568034,0.03521171780812353,-0.1177206372260503,TSLA
2022-08-18,302.8699951171875,302.8699951171875,306.5,301.85333251953125,306.0,47500500,-0.0037062197211366055,300.538094656808,275.69577840169273,266.45585276285806,0.03421047915968421,-0.12421169387423614,TSLA
2022-08-19,296.6666564941406,296.6666564941406,300.3599853515625,292.5,299.0,61395300,-0.020481852686155544,300.8680943080357,277.22588907877605,266.1375934176975,0.034416951405064976,-0.18292134087110679,TSLA
2022-08-22,289.913330078125,289.913330078125,292.3999938964844,286.2966613769531,291.913330078125,55843200,-0.022764022407583906,301.33714076450894,279.0782221476237,265.7034822252062,0.03215937151101867,-0.13960492132532198,TSLA
2022-08-23,296.4533386230469,296.4533386230469,298.82666015625,287.92333984375,291.4533386230469,63984900,0.0225584954757323,300.82618931361606,281.19099985758464,265.21085255940756,0.03217395729715016,-0.18769679344109536,TSLA
2022-08-24,297.0966796875,297.0966796875,303.64666748046875,296.5,297.5633239746094,57259800,0.002170125887066332,299.0799996512277,283.19288940429686,264.8637785169813,0.03215313650971682,-0.19847638441032522,TSLA
2022-08-25,296.07000732421875,296.07000732421875,302.9599914550781,291.6000061035156,302.3599853515625,53230000,-0.003455684406709514,297.5809544154576,285.1181116739909,264.43385264078773,0.03221879269632257,-0.246563306630582,TSLA
2022-08-26,288.0899963378906,288.0899963378906,302.0,287.4700012207031,297.42999267578125,57163900,-0.026953121859416895,295.3085719517299,286.71888936360676,263.82688954671227,0.03283637610823579,-0.22607515169542636,TSLA
2022-08-29,284.82000732421875,284.82000732421875,287.739990234375,280.70001220703125,282.8299865722656,41864700,-0.01135058160727187,292.7300022670201,288.194667561849,263.37229699028865,0.03299110234155178,-0.23987081513711261,TSLA
2022-08-30,277.70001220703125,277.70001220703125,288.4800109863281,272.6499938964844,287.8699951171875,50541800,-0.0249982267189629,290.0204816545759,289.2670013427734,262.7216303507487,0.03334959123542346,-0.21771697535538082,TSLA
2022-08-31,275.6099853515625,275.6099853515625,281.25,271.80999755859375,280.6199951171875,52107300,-0.007526203685978228,287.9771466936384,290.20400085449216,262.0615561591254,0.03341597418869527,-0.19552986827425145,TSLA
2022-09-01,277.1600036621094,277.1600036621094,277.5799865722656,266.1499938964844,272.5799865722656,54287000,0.005623955563764049,285.220955984933,290.3857788085937,261.44474131266276,0.028360259820311217,-0.2603910997812261,TSLA
2022-09-02,270.2099914550781,270.2099914550781,282.3500061035156,269.0799865722656,281.07000732421875,50890100,-0.02507581222110289,281.38000052315846,290.3180002848307,261.2010743882921,0.028757079458267575,-0.18822392568713686,TSLA
2022-09-06,274.4200134277344,274.4200134277344,275.989990234375,265.739990234375,272.67999267578125,55860000,0.015580556255471167,278.28714425223217,290.51755676269534,260.9853337605794,0.028762465918074104,-0.1976168221440927,TSLA
2022-09-07,283.70001220703125,283.70001220703125,283.8399963378906,272.2699890136719,273.1000061035156,50028900,0.03381677109982606,277.6600036621094,291.3455576578776,260.88751915825736,0.028493374412023376,-0.21734232029536105,TSLA
2022-09-08,289.260009765625,289.260009765625,289.5,279.760009765625,281.29998779296875,53713100,0.01959815762903916,278.2942897251674,291.82689107259114,260.87648230658635,0.02649545446066872,-0.28341287498660117,TSLA
2022-09-09,299.67999267578125,299.67999267578125,299.8500061035156,291.25,291.6700134277344,54338100,0.03602289482946186,281.43428693498885,292.45289103190106,260.8620376586914,0.026975782516771726,-0.2844367068795104,TSLA
2022-09-12,304.4200134277344,304.4200134277344,305.489990234375,300.3999938964844,300.7200012207031,48674600,0.01581694096302666,285.5500052315848,292.695225016276,260.8768895467122,0.025023362696690733,-0.30605745127809014,TSLA
2022-09-13,292.1300048828125,292.1300048828125,297.3999938964844,290.3999938964844,292.8999938964844,68229600,-0.04037188096320543,287.6885768345424,292.52366943359374,260.5945561726888,0.02614528503989363,-0.23862665781911463,TSLA
2022-09-14,302.6099853515625,302.6099853515625,306.0,291.6400146484375,292.239990234375,72628700,0.03587437200418364,292.317147391183,292.59111328125,260.7225190904405,0.026896130850370608,-0.2576583382446255,TSLA
2022-09-15,303.75,303.75,309.1199951171875,300.7200012207031,301.8299865722656,64795500,0.003767273730617582,296.5071454729353,292.4695576985677,260.8914081149631,0.02658064600014282,-0.2589629750192901,TSLA
2022-09-16,303.3500061035156,303.3500061035156,303.7099914550781,295.6000061035156,299.6099853515625,87087800,-0.0013168523341049454,299.3142874581473,292.29344685872394,261.34674157036676,0.026570275137574855,-0.2466787549874635,TSLA
2022-09-19,309.07000732421875,309.07000732421875,309.8399963378906,297.79998779296875,300.0899963378906,60231200,0.018856110452001085,302.144287109375,292.9901133219401,261.81774173312715,0.02365759260950851,-0.26379141329155187,TSLA
2022-09-20,308.7300109863281,308.7300109863281,313.3299865722656,305.5799865722656,306.9100036621094,61642800,-0.0011000625419275156,303.43714686802457,293.6003356933594,262.52955661349824,0.02364585753167264,-0.26207365912895464,TSLA
2022-09-21,300.79998779296875,300.79998779296875,313.79998779296875,300.6300048828125,308.2900085449219,62555700,-0.025685948599634356,302.9200003487723,294.18255716959635,263.1754823472765,0.023696564278410784,-0.28530583626385286,TSLA
2022-09-22,288.5899963378906,288.5899963378906,301.2900085449219,285.82000732421875,299.8599853515625,70545400,-0.040591728559117746,302.4142848423549,293.99033508300784,263.531704542372,0.023902071025486242,-0.25392425139192365,TSLA
2022-09-23,275.3299865722656,275.3299865722656,284.5,272.82000732421875,283.0899963378906,63748400,-0.04594757245188685,298.5171421595982,293.61366780598956,263.90807478162975,0.024887375643336887,-0.24646783373067627,TSLA
2022-09-26,276.010009765625,276.010009765625,284.0899963378906,270.30999755859375,271.8299865722656,58076900,0.0024698479153155706,294.55428641183033,292.81300150553386,264.1540749443902,0.023211986903232982,-0.28596791834322977,TSLA
2022-09-27,282.94000244140625,282.94000244140625,288.6700134277344,277.510009765625,283.8399963378906,61925200,0.02510775852537339,291.6385716029576,291.9336680094401,264.66892683241105,0.022943810585438606,-0.32388491764654614,TSLA
2022-09-28,287.80999755859375,287.80999755859375,289.0,277.57000732421875,283.0799865722656,54664800,0.017212112374233923,288.60142735072543,291.3085571289063,265.2393342759874,0.023194746958526385,-0.3829609886927712,TSLA
2022-09-29,268.2099914550781,268.2099914550781,283.6499938964844,265.7799987792969,282.760009765625,77620600,-0.06810050474193607,282.81285313197543,290.11566772460935,265.76055636935763,0.026149879509772204,-0.2889153749044939,TSLA
2022-09-30,265.25,265.25,275.57000732421875,262.4700012207031,266.1499938964844,67726600,-0.011036096899372572,277.7342834472656,288.8616678873698,266.2081490410699,0.026182888915221473,-0.2611875543046065,TSLA
2022-10-03,242.39999389648438,242.39999389648438,255.16000366210938,241.00999450683594,254.5,98363500,-0.08614516909902215,271.1357116699219,287.0527791341146,266.57496371799044,0.030059273177917744,-0.21225246800218,TSLA
2022-10-04,249.44000244140625,249.44000244140625,257.5,242.00999450683594,250.52000427246094,109578500,0.029042940273044104,267.4371425083705,285.70366821289065,266.9065192328559,0.03056264586860453,-0.2205741009218648,TSLA
2022-10-05,240.80999755859375,240.80999755859375,246.6699981689453,233.27000427246094,245.00999450683594,86982700,-0.034597517632881325,262.4085693359375,283.84889017740886,266.9609636094835,0.030596740949963737,-0.22378638734272627,TSLA
2022-10-06,238.1300048828125,238.1300048828125,244.5800018310547,235.35000610351562,239.44000244140625,69298400,-0.011129075632041241,256.00714111328125,281.8833343505859,266.7934080335829,0.030563969715267585,-0.23079832690934465,TSLA
2022-10-07,223.07000732421875,223.07000732421875,234.57000732421875,222.02000427246094,233.94000244140625,83916800,-0.06324275500689214,246.7585710797991,279.4500010172526,266.4635933770074,0.03223600945183677,-0.19222667088762413,TSLA
2022-10-10,222.9600067138672,222.9600067138672,226.99000549316406,218.36000061035156,223.92999267578125,67925000,-0.0004931214719139376,240.2942875453404,277.2790013631185,266.1988157484266,0.03208607863770943,-0.24708472343822063,TSLA
2022-10-11,216.5,216.5,225.75,215.0,220.9499969482422,77013200,-0.02897383620084637,233.3300018310547,275.00166778564454,265.7340008205838,0.03231013200378691,-0.2151962879348297,TSLA
2022-10-12,217.24000549316406,217.24000549316406,219.3000030517578,211.50999450683594,215.3300018310547,66860700,0.003418039229395209,229.7357177734375,272.9863342285156,265.5420379638672,0.03222878515970284,-0.15669309374047602,TSLA
2022-10-13,221.72000122070312,221.72000122070312,222.99000549316406,206.22000122070312,208.3000030517578,91483000,0.020622332969329804,225.77571759905135,271.19000142415365,265.3580379909939,0.032639272023940735,-0.17526610317699653,TSLA
2022-10-14,204.99000549316406,204.99000549316406,226.25999450683594,204.16000366210938,224.00999450683594,94124500,-0.07545550981161053,220.65857587541853,268.78433481852215,264.98140835232203,0.0348646500206643,-0.10766382132203378,TSLA
2022-10-17,219.35000610351562,219.35000610351562,221.86000061035156,209.4499969482422,210.0399932861328,79428800,0.07005219876844393,217.97571890694755,267.08900197347003,264.7312232123481,0.03760796440417459,-0.17560977068896266,TSLA
2022-10-18,220.19000244140625,220.19000244140625,229.82000732421875,217.25,229.5,75891900,0.003829479437051919,217.56428963797433,265.28133494059244,264.5143714057075,0.037433747209564334,-0.11576368232225753,TSLA
2022-10-19,222.0399932861328,222.0399932861328,222.92999267578125,217.77999877929688,219.8000030517578,66571500,0.008401793106927569,217.43285914829798,263.2260009765625,264.4011491563585,0.036768676865486634,-0.12313095462338097,TSLA
2022-10-20,207.27999877929688,207.27999877929688,215.5500030517578,202.0,208.27999877929688,117798100,-0.0664744863679374,216.11571611676897,260.4933339436849,264.30718621148003,0.037923722499892544,-0.059918941731419095,TSLA
2022-10-21,214.44000244140625,214.44000244140625,214.66000366210938,203.8000030517578,206.4199981689453,75713800,0.03454266549727758,215.71571568080358,257.6520009358724,264.2355195787218,0.0378622361599429,-0.14917928151910476,TSLA
2022-10-24,211.25,211.25,213.5,198.58999633789062,205.82000732421875,100446800,-0.014875967194030837,214.22000122070312,254.54633382161458,263.9938529120551,0.037543052571321664,-0.14878103041789936,TSLA
2022-10-25,222.4199981689453,222.4199981689453,224.35000610351562,210.0,210.10000610351562,96507900,0.05287573097725584,216.71000017438615,252.22266693115233,264.0974083794488,0.03889828752301935,-0.21751643413855315,TSLA
2022-10-26,224.63999938964844,224.63999938964844,230.60000610351562,218.1999969482422,219.39999389648438,85012500,0.009981122376490958,217.46571350097656,249.62366739908853,264.1849639892578,0.03816458934771854,-0.22792021495438763,TSLA
2022-10-27,225.08999633789062,225.08999633789062,233.80999755859375,222.85000610351562,229.77000427246094,61638800,0.00200319154854367,218.16571262904577,247.00166727701824,264.0522232055664,0.03814532884148353,-0.20454037956009619,TSLA
2022-10-28,228.52000427246094,228.52000427246094,228.86000061035156,216.35000610351562,225.39999389648438,69152400,0.015238384603380561,219.09142848423548,244.50733388264973,263.96814914279514,0.0383826922009455,-0.2656222466890492,TSLA
2022-10-31,227.5399932861328,227.5399932861328,229.85000610351562,221.94000244140625,226.19000244140625,61554300,-0.004288512900427199,221.9857134137835,241.78966674804687,263.88448232014974,0.03804136046141365,-0.29265183397519634,TSLA
2022-11-01,227.82000732421875,227.82000732421875,237.39999389648438,227.27999877929688,234.0500030517578,62688800,0.0012306146011606955,223.8971426827567,239.09266662597656,263.6857416788737,0.038061364360311475,-0.3117373452253026,TSLA
2022-11-02,214.97999572753906,214.97999572753906,227.8699951171875,214.82000732421875,226.0399932861328,63070300,-0.05636033352596026,224.42999921526228,236.23200022379558,263.3530749850803,0.038917267895283665,-0.26658293188928694,TSLA
2022-11-03,215.30999755859375,215.30999755859375,221.1999969482422,210.13999938964844,211.36000061035156,56538800,0.0015350350619269815,223.4142848423549,233.78933359781902,263.1602601793077,0.03854818750936506,-0.30226186693139523,TSLA
2022-11-04,207.47000122070312,207.47000122070312,223.8000030517578,203.0800018310547,222.60000610351562,98622200,-0.03641259777431871,220.96142796107702,231.52733408610027,262.9267045762804,0.038271235018022695,-0.27763052858057147,TSLA
2022-11-07,197.0800018310547,197.0800018310547,208.89999389648438,196.66000366210938,208.64999389648438,93916500,-0.05007952633400592,216.96000017438615,228.89633382161458,262.6223342895508,0.038940632382145755,-0.30079154773965444,TSLA
2022-11-08,191.3000030517578,191.3000030517578,195.1999969482422,186.75,194.02000427246094,128803400,-0.02932818513088775,211.64285714285714,225.84166717529297,262.2227416992188,0.038493814008609566,-0.280867720179816,TSLA
2022-11-09,177.58999633789062,177.58999633789062,195.88999938964844,177.1199951171875,190.77999877929688,127062700,-0.07166757185130745,204.50714329310827,222.16766713460285,261.60633426242407,0.039555054395562034,-0.29416070128395855,TSLA
2022-11-10,190.72000122070312,190.72000122070312,191.0,180.02999877929688,189.89999389648438,132703000,0.07393437216942544,199.20714242117745,219.5846674601237,261.1506305270725,0.04145891574390807,-0.3542890061993631,TSLA
2022-11-11,195.97000122070312,195.97000122070312,196.52000427246094,182.58999633789062,186.0,114403600,0.027527264924482875,196.4914289202009,217.27533416748048,260.61092681884764,0.04203433451918574,-0.44328214627476725,TSLA
2022-11-14,190.9499969482422,190.9499969482422,195.72999572753906,186.33999633789062,192.77000427246094,92226600,-0.02561618738169713,193.0114288330078,215.56033426920573,259.94633416069877,0.039594326879295094,-0.40974076519612,TSLA
2022-11-15,194.4199981689453,194.4199981689453,200.82000732421875,192.05999755859375,195.8800048828125,91293800,0.018172303095892017,191.1471426827567,213.72633412679036,259.50274149576825,0.039300247237611295,-0.37341836826391595,TSLA
2022-11-16,186.9199981689453,186.9199981689453,192.57000732421875,185.66000366210938,191.50999450683594,66567600,-0.03857627852399581,189.69571358816964,211.93000081380208,258.9899636162652,0.03940135575021316,-0.3410014898788889,TSLA
2022-11-17,183.1699981689453,183.1699981689453,186.16000366210938,180.89999389648438,183.9600067138672,64336000,-0.020062058831236462,188.53428431919642,210.0980005900065,258.3914081149631,0.039462233516864016,-0.40983785797488537,TSLA
2022-11-18,180.19000244140625,180.19000244140625,185.19000244140625,176.5500030517578,185.0500030517578,76048900,-0.016269016527425406,188.9057137625558,208.66866709391277,257.74559326171874,0.038101166304198526,-0.36933238331798335,TSLA
2022-11-21,167.8699951171875,167.8699951171875,176.77000427246094,167.5399932861328,175.85000610351562,92882700,-0.06837231343190053,185.64142717633928,206.83233337402345,256.9434080335829,0.03972027603793002,-0.34270566779450995,TSLA
2022-11-22,169.91000366210938,169.91000366210938,170.9199981689453,166.19000244140625,168.6300048828125,78452300,0.012152311933396831,181.91857038225447,205.27933349609376,256.15855628119573,0.0397042800394141,-0.33458892871646384,TSLA
2022-11-23,183.1999969482422,183.1999969482422,183.6199951171875,172.5,173.57000732421875,109536700,0.07821783885404354,180.8114275251116,204.14466654459636,255.46600070529513,0.04263922728186199,-0.3462336318875381,TSLA
2022-11-25,182.86000061035156,182.86000061035156,185.1999969482422,180.6300048828125,185.05999755859375,50672700,-0.0018558752377418886,179.15999930245536,202.84933319091797,254.7477784898546,0.04237405450819667,-0.35004922849489983,TSLA
2022-11-28,182.9199981689453,182.9199981689453,188.5,179.0,179.9600067138672,92905200,0.0003281065208000644,178.58857073102678,202.11366628011066,253.76125996907552,0.040268522021161636,-0.32637217114502226,TSLA
2022-11-29,180.8300018310547,180.8300018310547,186.3800048828125,178.75,184.99000549316406,83357100,-0.011425739989130657,178.25428553989954,200.8296661376953,252.7455561319987,0.03784586115412172,-0.316706319153649,TSLA
2022-11-30,194.6999969482422,194.6999969482422,194.75999450683594,180.6300048828125,182.42999267578125,109186400,0.07670184691003823,180.32714189801897,199.97999928792316,251.92629699707032,0.04071032290252523,-0.3713405061921139,TSLA
2022-12-01,194.6999969482422,194.6999969482422,198.9199981689453,191.8000030517578,197.0800018310547,80046200,0.0,184.15999930245536,199.06866607666015,251.21340823703343,0.040655951776429756,-0.3246532739899398,TSLA
2022-12-02,194.86000061035156,194.86000061035156,196.25,191.11000061035156,191.77999877929688,73645900,0.0008217959148295595,187.72428458077567,198.6546661376953,250.32496371799044,0.03888364408368131,-0.33911527057413093,TSLA
2022-12-05,182.4499969482422,182.4499969482422,191.27000427246094,180.5500030517578,189.44000244140625,93122700,-0.06368676805520912,187.6171417236328,197.5883326212565,249.23107486300998,0.03988167813249244,-0.30298711813614787,TSLA
2022-12-06,179.82000732421875,179.82000732421875,183.64999389648438,175.3300018310547,181.22000122070312,92150800,-0.01441485156488942,187.182856968471,196.54066619873046,247.92740834554036,0.039877671921237555,-0.25803585399489715,TSLA
2022-12-07,174.0399932861328,174.0399932861328,179.3800048828125,172.22000122070312,175.02999877929688,84213300,-0.032143331123685615,185.9142848423549,194.9279993693034,246.55811191134984,0.03865523586137034,-0.17404041860846398,TSLA
2022-12-08,173.44000244140625,173.44000244140625,175.1999969482422,169.05999755859375,172.1999969482422,97624500,-0.003447430865732959,184.8585706438337,193.221332804362,245.14537116156683,0.038524268655056974,-0.1703759377064168,TSLA
2022-12-09,179.0500030517578,179.0500030517578,182.5,173.36000061035156,173.83999633789062,104872300,0.0323454827685834,182.62285723005022,191.6866663614909,243.71929711235893,0.03918508849947496,-0.19335386643902475,TSLA
2022-12-12,167.82000732421875,167.82000732421875,177.3699951171875,167.52000427246094,176.10000610351562,109794500,-0.0627198857086465,178.7828587123326,189.6633331298828,242.15470462375217,0.040239825219369744,-0.04498869456710031,TSLA
2022-12-13,160.9499969482422,160.9499969482422,175.0500030517578,156.91000366210938,174.8699951171875,175862700,-0.04093677795344208,173.9385724748884,187.44366658528645,240.74114888509115,0.040631835180472434,0.10531219179639328,TSLA
2022-12-14,156.8000030517578,156.8000030517578,161.6199951171875,155.30999755859375,159.25,140682300,-0.025784367661833008,170.2742876325335,185.07633310953776,239.2564451429579,0.040658109048308494,0.06288265572990381,TSLA
2022-12-15,157.6699981689453,157.6699981689453,160.92999267578125,153.27999877929688,153.44000244140625,122334500,0.005548438139381551,167.11000061035156,183.16599985758464,237.8601857503255,0.03987040019941823,0.09862372824470889,TSLA
2022-12-16,150.22999572753906,150.22999572753906,160.99000549316406,150.0399932861328,159.63999938964844,139032200,-0.047187179094365206,163.7085723876953,180.99666646321614,236.25877838134767,0.040393567729883964,0.20754848446590635,TSLA
2022-12-19,149.8699951171875,149.8699951171875,155.25,145.82000732421875,154.0,139390600,-0.00239632976495896,160.34142848423548,179.07666625976563,234.73922271728514,0.040136331684030364,0.2562221285538002,TSLA
2022-12-20,137.8000030517578,137.8000030517578,148.47000122070312,137.66000366210938,146.0500030517578,159563300,-0.08053641461716088,154.44857134137834,177.10066630045574,232.9366672092014,0.04154535477811705,0.3786646699578258,TSLA
2022-12-21,137.57000732421875,137.57000732421875,141.25999450683594,135.88999938964844,139.33999633789062,145417400,-0.0016690545895901021,150.12714276994978,175.3096664428711,231.02833387586804,0.04143185924094332,0.41571552037381543,TSLA
2022-12-22,125.3499984741211,125.3499984741211,136.6300048828125,122.26000213623047,136.0,210090300,-0.08882756559936855,145.04142870221818,173.56833318074544,229.0148524814182,0.042417871069962206,0.5700837650925525,TSLA
2022-12-23,123.1500015258789,123.1500015258789,128.6199951171875,121.0199966430664,126.37000274658203,166989700,-0.017550833466474902,140.23428562709265,171.31599985758464,227.0054450141059,0.039299462764069794,0.6345106844666459,TSLA
2022-12-27,109.0999984741211,109.0999984741211,119.66999816894531,108.76000213623047,117.5,208643400,-0.1140885333144338,133.29571424211775,168.42033309936522,224.85244505140517,0.04254506589863965,0.9002750707956773,TSLA
2022-12-28,112.70999908447266,112.70999908447266,116.2699966430664,108.23999786376953,110.3499984741211,221070500,0.03308891531476843,127.93571472167969,165.8123331705729,222.80848219129774,0.043542115707440966,0.7468725134323306,TSLA
2022-12-29,121.81999969482422,121.81999969482422,123.56999969482422,117.5,120.38999938964844,221923300,0.0808269069678893,123.92857251848493,163.39233322143554,220.9407785203722,0.04665326357790465,0.5977671964968667,TSLA
2022-12-30,123.18000030517578,123.18000030517578,124.4800033569336,119.75,119.94999694824219,157777300,0.011164017515666869,121.84000069754464,161.26766662597657,219.01551920572916,0.046648195809657726,0.698733556434386,TSLA
2023-01-03,108.0999984741211,108.0999984741211,118.80000305175781,104.63999938964844,118.47000122070312,231402800,-0.12242248574195735,117.62999943324498,158.76533330281575,216.91555608113606,0.05076419335290656,0.981868718938536,TSLA
2023-01-04,113.63999938964844,113.63999938964844,114.58999633789062,107.5199966430664,109.11000061035156,180389000,0.05124885285593783,115.95714242117745,156.54699986775717,214.88855599297418,0.05223419022389685,0.7778950578253594,TSLA
2023-01-05,110.33999633789062,110.33999633789062,111.75,107.16000366210938,110.51000213623047,157986300,-0.029039097760312105,114.12714168003627,154.62933324178059,212.91355599297418,0.05130515641379658,0.8878920108053361,TSLA
2023-01-06,113.05999755859375,113.05999755859375,114.38999938964844,101.80999755859375,103.0,220911100,0.024651090365942707,114.69285583496094,152.73433303833008,211.00511144002277,0.05156310250861102,0.7457102368580877,TSLA
2023-01-09,119.7699966430664,119.7699966430664,123.5199966430664,117.11000061035156,118.95999908447266,190284000,0.059349011404278285,115.70142691476005,150.61999969482423,209.25033348931206,0.05052717952415327,0.6770477268104651,TSLA
2023-01-10,118.8499984741211,118.8499984741211,122.76000213623047,114.91999816894531,121.06999969482422,167642500,-0.007681374256751861,115.27714102608817,148.48633295694987,207.5085558573405,0.05049484540091521,0.7002104326338576,TSLA
2023-01-11,123.22000122070312,123.22000122070312,125.94999694824219,120.51000213623047,122.08999633789062,183810800,0.036769060182475055,115.28285544259208,146.49633305867513,205.79811138576932,0.051258952530130075,0.5977925899397996,TSLA
2023-01-12,123.55999755859375,123.55999755859375,124.12999725341797,117.0,122.55999755859375,169400900,0.0027592625752506095,117.49142674037388,144.58733291625975,204.1686670091417,0.05132772458494131,0.6803982598360903,TSLA
2023-01-13,122.4000015258789,122.4000015258789,122.62999725341797,115.5999984741211,116.55000305175781,180714100,-0.009388119582672827,118.74285561697823,142.17733306884764,202.47955576578775,0.04857000862037403,0.6806372888024363,TSLA
2023-01-17,131.49000549316406,131.49000549316406,131.6999969482422,125.0199966430664,125.69999694824219,186477000,0.07426473736900463,121.76428549630302,140.0703333536784,200.788333468967,0.051142001177553055,0.5420944239218439,TSLA
2023-01-18,128.77999877929688,128.77999877929688,136.67999267578125,127.01000213623047,136.55999755859375,195680300,-0.020609982513142944,124.00999995640346,137.86766662597657,199.0052222357856,0.0511106938047163,0.48237300594829735,TSLA
2023-01-19,127.16999816894531,127.16999816894531,129.99000549316406,124.30999755859375,127.26000213623047,170291900,-0.012501946153228194,125.06714303152901,136.025,197.08844451904298,0.05018616786502067,0.5553196204608641,TSLA
2023-01-20,133.4199981689453,133.4199981689453,133.50999450683594,127.3499984741211,128.67999267578125,138858100,0.0491468120625187,127.14857155936105,134.47833302815755,195.18844434950086,0.05135255446175683,0.45263079162374575,TSLA
2023-01-23,143.75,143.75,145.3800048828125,134.27000427246094,135.8699951171875,203119200,0.07742468874848996,130.08142852783203,133.46866658528646,193.53977762858074,0.05347237566489371,0.305808742357337,TSLA
2023-01-24,143.88999938964844,143.88999938964844,146.5,141.10000610351562,143.0,158699100,0.0009739087975544347,132.98571450369698,132.4836664835612,191.7762222290039,0.05348272321582997,0.26485510300928694,TSLA
2023-01-25,144.42999267578125,144.42999267578125,146.41000366210938,138.07000732421875,141.91000366210938,192734300,0.003752820129427681,136.13285609654017,131.3296661376953,190.00599992540148,0.053051108412231936,0.19725823539379994,TSLA
2023-01-26,160.27000427246094,160.27000427246094,161.4199981689453,154.75999450683594,159.97000122070312,234815100,0.10967259156647335,140.2442844935826,131.0779993693034,188.41622212727864,0.055925712183778904,0.08217381804368173,TSLA
2023-01-27,177.89999389648438,177.89999389648438,180.67999267578125,161.1699981689453,162.42999267578125,306590600,0.11000180416824756,147.2614266531808,131.64299926757812,186.95877753363715,0.05882991947083477,-0.019224273672180825,TSLA
2023-01-30,166.66000366210938,166.66000366210938,179.77000427246094,166.5,178.0500030517578,230878800,-0.06318150994943417,152.9028560093471,131.97166595458984,185.38022189670139,0.05989204040904612,0.09960392703687804,TSLA
2023-01-31,173.22000122070312,173.22000122070312,174.3000030517578,162.77999877929688,164.57000732421875,196813500,0.03936155894904236,158.58857073102678,132.48999938964843,183.96266649034288,0.060243494825621094,0.04173880427542076,TSLA
2023-02-01,181.41000366210938,181.41000366210938,183.80999755859375,169.92999267578125,173.88999938964844,213806300,0.047280928205116535,163.96857125418526,133.52933298746746,182.7717776828342,0.05989424892499716,0.014993667194722837,TSLA
2023-02-02,188.27000427246094,188.27000427246094,196.75,182.61000061035156,187.3300018310547,217448300,0.03781489703913388,170.3085719517299,134.80933329264323,181.8044445461697,0.06010172822865028,-0.04323577418030111,TSLA
2023-02-03,189.97999572753906,189.97999572753906,199.0,183.69000244140625,183.9499969482422,232662000,0.009082654784473565,176.81571524483817,136.54866638183594,180.8485555013021,0.05765468215034126,-0.03542475986361704,TSLA
2023-02-06,194.75999450683594,194.75999450683594,198.1699981689453,189.9199981689453,193.00999450683594,186188100,0.025160537355481072,181.74285670689173,138.4549992879232,179.86877763536242,0.05763717989842368,0.01447939722610636,TSLA
2023-02-07,196.80999755859375,196.80999755859375,197.5,189.5500030517578,196.42999267578125,186010300,0.010525791279409002,184.4442858014788,140.8369992574056,178.8576665242513,0.054326979020280664,-0.028758720249586367,TSLA
2023-02-08,201.2899932861328,201.2899932861328,203.0,194.30999755859375,196.10000610351562,180673600,0.022763049555982517,189.39142717633928,143.44166564941406,178.1141109890408,0.05395052438760127,-0.045059329166635353,TSLA
2023-02-09,207.32000732421875,207.32000732421875,214.0,204.77000427246094,207.77999877929688,215431400,0.029956849516678652,194.26285661969865,146.7156659444173,177.47044440375433,0.04786137620566069,-0.08156474563337512,TSLA
2023-02-10,196.88999938964844,196.88999938964844,206.1999969482422,192.88999938964844,202.22999572753906,204754100,-0.05030873801899527,196.47428458077567,149.52166595458985,176.96477779812284,0.049628932746933724,-0.02580121817665959,TSLA
2023-02-13,194.63999938964844,194.63999938964844,196.3000030517578,187.61000061035156,194.4199981689453,172475500,-0.011427700782035255,197.38428388323103,151.94899927775066,176.35588887532552,0.048574408817597184,-0.028000395424025215,TSLA
2023-02-14,209.25,209.25,209.82000732421875,189.44000244140625,191.94000244140625,216455700,0.0750616556523096,200.13714163643974,154.81799926757813,176.0052222357856,0.04970268838301019,-0.07345278431152924,TSLA
2023-02-15,214.24000549316406,214.24000549316406,214.66000366210938,206.11000061035156,211.75999450683594,181006400,0.02384709913101113,202.92000034877233,158.35599950154622,175.73977779812282,0.04191365247288547,-0.08849890882994849,TSLA
2023-02-16,202.0399932861328,202.0399932861328,217.64999389648438,201.83999633789062,210.77999877929688,229586500,-0.05694553722096751,203.6671425955636,161.30266596476238,175.50611097547744,0.04407742991776335,0.026826438367865357,TSLA
2023-02-17,208.30999755859375,208.30999755859375,208.44000244140625,197.5,199.99000549316406,213738500,0.031033480898909227,204.67000034877233,164.56833267211914,175.3433330959744,0.04311340322895767,-0.06499924845097393,TSLA
2023-02-21,197.3699951171875,197.3699951171875,209.7100067138672,197.22000122070312,204.99000549316406,180018600,-0.05251789433835996,203.24857003348214,167.37866592407227,175.13077748616536,0.04521819856865461,-0.02426910576396768,TSLA
2023-02-22,200.86000061035156,200.86000061035156,201.99000549316406,191.77999877929688,197.92999267578125,191828500,0.017682553475729224,203.81571306501115,170.0816660563151,174.94877743191188,0.04459444007569171,-0.07637158364670471,TSLA
2023-02-23,202.07000732421875,202.07000732421875,205.13999938964844,196.3300018310547,203.91000366210938,146360000,0.006024129792842503,204.87714276994978,172.85566635131835,174.7304441663954,0.044388548987803075,-0.08417879521493088,TSLA
2023-02-24,196.8800048828125,196.8800048828125,197.6699981689453,192.8000030517578,196.3300018310547,142228100,-0.025684180003413215,203.11000061035156,175.310999806722,174.6403330485026,0.044976518533720845,-0.0628302014891734,TSLA
2023-02-27,207.6300048828125,207.6300048828125,209.4199981689453,201.25999450683594,202.02999877929688,161028300,0.0546017865369246,202.16571480887276,178.11333338419595,174.51011081271702,0.045416179641071995,-0.10037090548854877,TSLA
2023-02-28,205.7100067138672,205.7100067138672,211.22999572753906,203.75,210.58999633789062,153144900,-0.009247209573726933,202.69000244140625,180.8903335571289,174.34922197129993,0.045413210749628494,-0.1223567770465569,TSLA
2023-03-01,202.77000427246094,202.77000427246094,207.1999969482422,198.52000427246094,206.2100067138672,156852800,-0.014291975817664837,201.89857482910156,183.2663335164388,174.1351109822591,0.044528518163815346,-0.08319776111119681,TSLA
2023-03-02,190.89999389648438,190.89999389648438,193.75,186.00999450683594,186.74000549316406,181500700,-0.05853928157947319,200.9742889404297,185.33700002034504,173.95311092800563,0.04609937751309844,-0.030906202645997194,TSLA
2023-03-03,197.7899932861328,197.7899932861328,200.47999572753906,192.8800048828125,194.8000030517578,154193300,0.03609219282314147,200.5357164655413,187.69099985758464,173.76811082628038,0.045981739417058506,-0.05435057568584123,TSLA
2023-03-06,193.80999755859375,193.80999755859375,198.60000610351562,192.3000030517578,198.5399932861328,128100100,-0.020122331071529054,199.35571507045202,189.7039998372396,173.57433302137588,0.04599059713610432,-0.04901707919957998,TSLA
2023-03-07,187.7100067138672,187.7100067138672,194.1999969482422,186.10000610351562,191.3800048828125,148125800,-0.03147407730028162,198.04571533203125,191.1693333943685,173.18866644965277,0.045061674361173885,-0.03793090470040761,TSLA
2023-03-08,182.0,182.0,186.5,180.0,185.0399932861328,151897800,-0.03041929843714275,194.38428606305803,192.43966674804688,172.71488867865668,0.04563690847825308,-0.10445051926832938,TSLA
2023-03-09,172.9199981689453,172.9199981689453,185.17999267578125,172.50999450683594,180.25,170023800,-0.04989011995084991,189.6999991280692,193.38933359781902,172.13522203233507,0.04687760999382292,-0.04533886433558043,TSLA
2023-03-10,173.44000244140625,173.44000244140625,178.2899932861328,168.44000244140625,175.1300048828125,191488900,0.0030071956856769777,185.50999886648995,193.82833353678384,171.52322201199001,0.04268426135963741,-0.06278827972991663,TSLA
2023-03-13,174.47999572753906,174.47999572753906,177.35000610351562,163.91000366210938,167.4600067138672,167790300,0.005996271168666301,183.1642848423549,193.714333597819,170.9336664835612,0.0376651242517404,-0.07914946066458461,TSLA
2023-03-14,183.25999450683594,183.25999450683594,183.8000030517578,177.13999938964844,177.30999755859375,143717900,0.050320947926932424,181.08857073102678,194.26766662597657,170.43855523003472,0.03678579642608405,-0.16102802243473358,TSLA
2023-03-15,180.4499969482422,180.4499969482422,182.33999633789062,176.02999877929688,180.8000030517578,145995600,-0.015333393227232373,179.17999921526228,194.5086664835612,170.05488857693143,0.03631619352524263,-0.1122748398419039,TSLA
2023-03-16,184.1300048828125,184.1300048828125,185.80999755859375,178.83999633789062,180.3699951171875,121136800,0.020393505108375454,178.66857038225447,194.59933319091797,169.70844421386718,0.03548242030614705,-0.10764137728032419,TSLA
2023-03-17,180.1300048828125,180.1300048828125,186.22000122070312,177.3300018310547,184.52000427246094,133197100,-0.02172378153438792,178.40142822265625,194.3279998779297,169.4046664767795,0.03502043164049604,-0.10159330792037269,TSLA
2023-03-20,183.25,183.25,186.44000244140625,176.35000610351562,178.0800018310547,129684400,0.017320796272765726,179.87714276994978,194.10366668701172,169.2509997897678,0.03513335546345471,-0.12518418794764663,TSLA
2023-03-21,197.5800018310547,197.5800018310547,198.0,188.0399932861328,188.27999877929688,153391400,0.07819919143822474,183.32571411132812,194.19766693115236,169.3207775539822,0.03771428498020277,-0.18711408481671732,TSLA
2023-03-22,191.14999389648438,191.14999389648438,200.66000366210938,190.9499969482422,199.3000030517578,150376400,-0.03254381959196684,185.70714242117745,194.00900014241537,169.47144419352213,0.03816269064261092,-0.15668322210076213,TSLA
2023-03-23,192.22000122070312,192.22000122070312,199.30999755859375,188.64999389648438,195.25999450683594,144193900,0.0055977366381618765,186.98714338030135,193.7066670735677,169.4881108601888,0.03793340197518604,-0.11528458808334785,TSLA
2023-03-24,190.41000366210938,190.41000366210938,192.36000061035156,187.14999389648438,191.64999389648438,116312400,-0.009416281069083654,188.41000148228235,193.14300028483072,169.42633310953775,0.03750973522405414,-0.09778903428319108,TSLA
2023-03-27,191.80999755859375,191.80999755859375,197.38999938964844,189.94000244140625,194.4199981689453,120851600,0.007352522816861606,189.50714329310827,192.97366689046223,169.435888671875,0.036418747260000654,-0.11813776106840956,TSLA
2023-03-28,189.19000244140625,189.19000244140625,192.35000610351562,185.42999267578125,192.0,98654600,-0.013659325116185062,190.80142865862166,192.79200032552083,169.37777760823568,0.03644466754392265,-0.10914957919971968,TSLA
2023-03-29,193.8800048828125,193.8800048828125,195.2899932861328,189.44000244140625,193.1300048828125,123660000,0.024789906342217005,192.32000078473772,192.27966715494793,169.45511101616754,0.03392850128453987,-0.11244069786842881,TSLA
2023-03-30,195.27999877929688,195.27999877929688,197.3300018310547,194.4199981689453,195.5800018310547,110252200,0.007220929756684091,191.9914289202009,191.64766693115234,169.58966657850476,0.033626442366876154,-0.13979927909878753,TSLA
2023-03-31,207.4600067138672,207.4600067138672,207.7899932861328,197.1999969482422,197.52999877929688,170222100,0.06237201971890638,194.32143075125558,191.82833404541014,169.89266662597657,0.03402344374280824,-0.1981586777207197,TSLA
2023-04-03,194.77000427246094,194.77000427246094,202.69000244140625,192.1999969482422,199.91000366210938,169545900,-0.061168427796826186,194.6857169015067,191.3770009358724,170.1915556165907,0.03539460301500871,-0.14504286789705811,TSLA
2023-04-04,192.5800018310547,192.5800018310547,198.74000549316406,190.32000732421875,197.32000732421875,126463800,-0.011244043709844997,194.99571663992745,191.2173344930013,170.44344448513453,0.0341280887964854,-0.09720636121462745,TSLA
2023-04-05,185.52000427246094,185.52000427246094,190.67999267578125,183.75999450683594,190.52000427246094,133882500,-0.036660076287605925,194.0971461704799,190.70600128173828,170.46922234429255,0.03458209177589564,-0.046517920892984566,TSLA
2023-04-06,185.05999755859375,185.05999755859375,186.38999938964844,179.74000549316406,183.0800018310547,123857900,-0.002479553165553039,193.50714547293526,190.13900095621744,170.49366675482855,0.034548285700692107,-0.026585962573502875,TSLA
2023-04-10,184.50999450683594,184.50999450683594,185.10000610351562,176.11000061035156,179.94000244140625,142154600,-0.0029720256079851515,192.16857256208147,189.72666727701824,170.51133338080513,0.03426712793840477,0.0236301595585926,TSLA
2023-04-11,186.7899932861328,186.7899932861328,189.19000244140625,185.64999389648438,186.69000244140625,115770900,0.012357047570192181,190.9557146344866,189.03200022379556,170.57755550808378,0.032710718485556754,-0.005460619146280599,TSLA
2023-04-12,180.5399932861328,180.5399932861328,191.5800018310547,180.30999755859375,190.74000549316406,150256300,-0.03346003653646468,187.10999843052454,188.19299977620443,170.42022213406034,0.03316558261053462,0.013071899291650313,TSLA
2023-04-13,185.89999389648438,185.89999389648438,186.5,180.94000244140625,182.9600067138672,112933000,0.029688716127604264,185.84285409109933,187.63066609700522,170.32244432237414,0.03365482143292318,-0.007692268546159897,TSLA
2023-04-14,185.0,185.0,186.27999877929688,182.00999450683594,183.9499969482422,96438700,-0.004841279860318459,184.75999668666296,187.43399963378906,170.2128887600369,0.03194782887157442,0.04416215226456921,TSLA
2023-04-17,187.0399932861328,187.0399932861328,189.69000244140625,182.69000244140625,186.32000732421875,116662200,0.011026990735853115,184.97713797433036,187.07566630045574,170.2638887193468,0.0312770441564184,0.07549193158051404,TSLA
2023-04-18,184.30999755859375,184.30999755859375,187.69000244140625,183.5800018310547,187.14999389648438,92067000,-0.014595786064655836,184.8699951171875,186.75899963378907,170.31377749972873,0.031179043208268576,0.10645106275881822,TSLA
2023-04-19,180.58999633789062,180.58999633789062,183.5,177.64999389648438,179.10000610351562,125732700,-0.020183393575926356,184.30999537876673,186.52166595458985,170.38655531141492,0.0308676978178617,0.1491223682411691,TSLA
2023-04-20,162.99000549316406,162.99000549316406,169.6999969482422,160.55999755859375,166.1699981689453,210970800,-0.09745828230593856,180.90999712262834,185.88799947102865,170.27044423421225,0.03520536287882231,0.31277988839430537,TSLA
2023-04-21,165.0800018310547,165.0800018310547,166.0,161.32000732421875,164.8000030517578,123539000,0.012822849668400638,178.70142691476005,185.6266662597656,170.11522199842665,0.03417601208225329,0.31820934211678087,TSLA
2023-04-24,162.5500030517578,162.5500030517578,165.64999389648438,158.61000061035156,164.64999389648438,140006600,-0.015325895028073244,175.36571393694197,185.26366628011067,170.0566663953993,0.034266125421064046,0.3614887321049516,TSLA
2023-04-25,160.6699981689453,160.6699981689453,163.47000122070312,158.75,159.82000732421875,121999300,-0.011565701922588656,171.88999938964844,184.80333302815754,170.05355529785157,0.034282118409278,0.3977096526016155,TSLA
2023-04-26,153.75,153.75,160.6699981689453,153.13999938964844,160.2899932861328,153364100,-0.04306963495243776,167.13428606305803,183.81966654459634,170.01966637505424,0.03358415905878604,0.5275447194169207,TSLA
2023-04-27,160.19000244140625,160.19000244140625,160.47999572753906,152.3699951171875,152.63999938964844,127015200,0.041886194740853755,163.6885724748884,183.1443333943685,170.04766642252605,0.03460318120543567,0.525688183854546,TSLA
2023-04-28,164.30999755859375,164.30999755859375,165.0,157.32000732421875,160.89999389648438,122515800,0.025719427270091355,161.36285836356026,182.4836664835612,170.20411088731555,0.034742726484096084,0.520479615015295,TSLA
2023-05-01,161.8300018310547,161.8300018310547,163.27999877929688,158.8300018310547,163.1699981689453,109015000,-0.015093395194377579,161.1971435546875,181.87366638183593,170.33699985080295,0.03464177116900194,0.5986528364818473,TSLA
2023-05-02,160.30999755859375,160.30999755859375,165.49000549316406,158.92999267578125,161.8800048828125,128259700,-0.00939259874721976,160.51571437290735,181.10899963378907,170.5871109008789,0.03444473843146716,0.6018340244254847,TSLA
2023-05-03,160.61000061035156,160.61000061035156,165.0,159.91000366210938,160.00999450683594,119728000,0.0018713932775662467,160.2385711669922,179.8766662597656,170.8431108262804,0.03079979514629846,0.593300497627862,TSLA
2023-05-04,161.1999969482422,161.1999969482422,162.9499969482422,159.64999389648438,162.7100067138672,95108500,0.003673471985857102,160.3142852783203,178.87833302815756,171.2414441426595,0.030448073278000046,0.6162531853432702,TSLA
2023-05-05,170.05999755859375,170.05999755859375,170.7899932861328,163.50999450683594,163.97000122070312,107607300,0.05496278398315546,162.64428492954798,178.13966623942056,171.76266632080078,0.03232800041415893,0.6138422682998697,TSLA
2023-05-08,171.7899932861328,171.7899932861328,173.8000030517578,169.19000244140625,173.72000122070312,112249400,0.010172855182730478,164.30142647879464,177.518999226888,172.45922181871202,0.03240340926530874,0.5103323918461449,TSLA
2023-05-09,169.14999389648438,169.14999389648438,169.82000732421875,166.55999755859375,168.9499969482422,88965000,-0.015367597024416146,164.99285452706474,176.76366577148437,173.08633287217882,0.03242082385405482,0.5643511374496253,TSLA
2023-05-10,168.5399932861328,168.5399932861328,174.42999267578125,166.67999267578125,172.5500030517578,119840700,-0.0036062703657255835,165.95142473493303,176.07533213297526,173.60544391208225,0.03236587599388599,0.52248734024738,TSLA
2023-05-11,172.0800018310547,172.0800018310547,173.57000732421875,166.7899932861328,168.6999969482422,103889900,0.021003967520705658,167.63285391671317,175.34866536458333,174.1487772623698,0.03225965672160926,0.4008019554091866,TSLA
2023-05-12,167.97999572753906,167.97999572753906,177.3800048828125,167.22999572753906,176.07000732421875,157849600,-0.023826162598143963,168.68571036202567,174.43866526285808,174.81411056518556,0.0324029807031604,0.4895226400630699,TSLA
2023-05-15,166.35000610351562,166.35000610351562,169.75999450683594,164.5500030517578,167.66000366210938,105592500,-0.009703474612936969,169.42142595563615,173.06833190917968,175.39977730645074,0.029845508920361672,0.5403665815011933,TSLA
2023-05-16,166.52000427246094,166.52000427246094,169.52000427246094,164.35000610351562,165.64999389648438,98288800,0.001021930644472091,168.91571262904577,172.126665242513,176.02399961683486,0.028051638145139952,0.5463607578262915,TSLA
2023-05-17,173.86000061035156,173.86000061035156,174.5,167.19000244140625,168.41000366210938,125473600,0.04407876621166107,169.21142796107702,171.5026652018229,176.69955520629884,0.029400842604733864,0.5056366507230197,TSLA
2023-05-18,176.88999938964844,176.88999938964844,177.05999755859375,172.4499969482422,174.22000122070312,109520300,0.01742780840135616,170.317143031529,171.21499837239583,177.33422190348307,0.028918544319755945,0.5818870953119226,TSLA
2023-05-19,180.13999938964844,180.13999938964844,181.9499969482422,176.30999755859375,177.1699981689453,136196700,0.018373000232992265,171.97428676060267,171.05099843343098,178.0152219136556,0.02913587667648019,0.5681137556535407,TSLA
2023-05-22,188.8699951171875,188.8699951171875,189.32000732421875,180.11000061035156,180.6999969482422,132001400,0.04846228354123516,174.37285723005022,171.1963317871094,178.7446662902832,0.030467023411506557,0.46418179538437565,TSLA
2023-05-23,185.77000427246094,185.77000427246094,192.9600067138672,185.25999450683594,186.1999969482422,156952100,-0.01641335799687571,176.91428702218192,171.1623321533203,179.43588858710396,0.030557542372614772,0.4772567495519162,TSLA
2023-05-24,182.89999389648438,182.89999389648438,184.22000122070312,178.22000122070312,182.22999572753906,137605100,-0.015449266889003499,179.27857099260603,171.24099884033203,180.10811072455513,0.03004449454169296,0.47408416811732224,TSLA
2023-05-25,184.47000122070312,184.47000122070312,186.77999877929688,180.5800018310547,186.5399932861328,96870700,0.008583965973816943,181.84285627092635,171.19333241780598,180.69677734375,0.029590247490511534,0.4625142665995887,TSLA
2023-05-26,193.1699981689453,193.1699981689453,198.60000610351562,184.52999877929688,184.6199951171875,162061500,0.047162123329924865,184.60142735072546,171.46566569010417,181.41222178141277,0.030785447659131326,0.40803433665974453,TSLA
2023-05-30,201.16000366210938,201.16000366210938,204.47999572753906,197.52999877929688,200.10000610351562,128818700,0.041362559242642094,188.06857081821985,171.93633270263672,182.23433295355903,0.03158321473042442,0.3814873177437199,TSLA
2023-05-31,203.92999267578125,203.92999267578125,203.9499969482422,195.1199951171875,199.77999877929688,150711700,0.013770078361723614,191.4671412876674,172.5903325398763,183.01777733696832,0.03146520167047892,0.37978725537525704,TSLA
2023-06-01,207.52000427246094,207.52000427246094,209.8000030517578,199.3699951171875,202.58999633789062,148029900,0.017604137329555458,194.13142830984933,173.48799947102864,183.72633293999567,0.031224810827953618,0.399286810449182,TSLA
2023-06-02,213.97000122070312,213.97000122070312,217.25,209.75,210.14999389648438,164398400,0.031081326211682914,198.15999930245536,175.1873326619466,184.50499962700738,0.024826890687670505,0.37093982644473567,TSLA
2023-06-05,217.61000061035156,217.61000061035156,221.2899932861328,214.52000427246094,217.8000030517578,151143100,0.017011727666879306,203.11857169015067,176.9383326212565,185.3181108262804,0.024858520077821373,0.33844956090574985,TSLA
2023-06-06,221.30999755859375,221.30999755859375,221.91000366210938,212.52999877929688,216.13999938964844,146911600,0.017002881015874438,208.38142830984933,178.8969991048177,185.9963329739041,0.024440294336471203,0.1879264235538176,TSLA
2023-06-07,224.57000732421875,224.57000732421875,230.8300018310547,223.1999969482422,228.0,185710800,0.014730512862447087,212.86714390345983,181.0269994099935,186.5148886786567,0.024085979820763725,0.15785715159314617,TSLA
2023-06-08,234.86000061035156,234.86000061035156,235.22999572753906,223.00999450683594,224.22000122070312,164489700,0.045820870777622646,217.68142918178015,183.7306660970052,187.27266642252604,0.02256052838114976,0.14561865306720434,TSLA
2023-06-09,244.39999389648438,244.39999389648438,252.4199981689453,242.02000427246094,249.07000732421875,200242400,0.0406199151040636,223.46285792759485,186.53766581217448,188.06355523003472,0.022508579570481933,0.08543373733330051,TSLA
2023-06-12,249.8300018310547,249.8300018310547,250.97000122070312,244.58999633789062,247.94000244140625,150337900,0.02221770896144215,229.50714329310827,189.38833262125652,188.82377743191188,0.022456995129391623,0.05811953794996949,TSLA
2023-06-13,258.7099914550781,258.7099914550781,259.67999267578125,251.33999633789062,253.50999450683594,162384300,0.035544128242966044,235.89857046944755,192.61766560872397,189.6064439561632,0.022070809378648668,-0.01159593691893357,TSLA
2023-06-14,256.7900085449219,256.7900085449219,261.57000732421875,250.5,260.1700134277344,170575500,-0.007421371317580694,241.49571446010046,195.8336659749349,190.34877743191188,0.021995431579778638,0.037579319971073666,TSLA
2023-06-15,255.89999389648438,255.89999389648438,258.95001220703125,247.2899932861328,248.39999389648438,160171200,-0.0034659239799892383,246.43714250837053,199.00999908447267,191.02811075846355,0.022135287140361223,0.04505665906330947,TSLA
2023-06-16,260.5400085449219,260.5400085449219,263.6000061035156,257.2099914550781,258.9200134277344,167915600,0.01813214052015355,251.57571411132812,202.321332804362,191.73622199164495,0.022017412732673162,0.0020342318335553333,TSLA
2023-06-20,274.45001220703125,274.45001220703125,274.75,261.1199951171875,261.5,165611200,0.05338912722001776,257.23143005371094,205.8009999593099,192.54911109076605,0.021923956422422092,-0.0741118990416958,TSLA
2023-06-21,259.4599914550781,259.4599914550781,276.989990234375,257.7799987792969,275.1300048828125,211797100,-0.054618400747766804,259.3828582763672,208.72333323160808,193.1284442477756,0.025456160707516932,-0.0005395210647866078,TSLA
2023-06-22,264.6099853515625,264.6099853515625,265.0,248.25,250.77000427246094,166875900,0.019848894111198723,261.4942844935826,211.90533294677735,193.88088853624132,0.024852841258506987,-0.04062577127211753,TSLA
2023-06-23,256.6000061035156,256.6000061035156,262.45001220703125,252.8000030517578,259.2900085449219,177460800,-0.030270888067223778,261.19285801478793,214.84066670735677,194.5693330552843,0.026003402968625865,-0.02007018329218535,TSLA
2023-06-26,241.0500030517578,241.0500030517578,258.3699951171875,240.6999969482422,250.07000732421875,179990600,-0.060600166336257755,258.94428580147877,217.13966674804686,194.92266642252605,0.02934600428931397,0.03588464545518821,TSLA
2023-06-27,250.2100067138672,250.2100067138672,250.38999938964844,240.85000610351562,243.24000549316406,164968200,0.03800042956291749,258.13143048967635,219.88066711425782,195.3223331027561,0.028931948862081894,-0.03205309163207204,TSLA
2023-06-28,256.239990234375,256.239990234375,259.8800048828125,248.88999938964844,249.6999969482422,159770800,0.0240996896954786,257.5171421595982,222.8769999186198,195.92455529106988,0.028642760281634542,-0.04253822319659972,TSLA
2023-06-29,257.5,257.5,260.739990234375,253.61000061035156,258.0299987792969,131283400,0.004917303362650394,255.09571184430803,225.9096664428711,196.47111087375217,0.02858643500020255,-0.05766992661559467,TSLA
2023-06-30,261.7699890136719,261.7699890136719,264.45001220703125,259.8900146484375,260.6000061035156,112620800,0.016582481606492783,255.42571149553572,228.83999938964843,197.1866663614909,0.028058994840672348,-0.08408142808794783,TSLA
2023-07-03,279.82000732421875,279.82000732421875,284.25,275.1099853515625,276.489990234375,119685900,0.06895373445427366,257.59857177734375,232.2709996541341,198.06399976942274,0.02979211414194169,-0.167464796597108,TSLA
2023-07-05,282.4800109863281,282.4800109863281,283.8500061035156,277.6000061035156,278.82000732421875,131530900,0.009506123909958086,261.29571533203125,235.68233337402344,198.9574442545573,0.02981003854671568,-0.20135939772943956,TSLA
2023-07-06,276.5400085449219,276.5400085449219,279.9700012207031,272.8800048828125,278.0899963378906,120332100,-0.021028045208104085,266.36571611676897,238.60466715494792,199.8425554063585,0.029863327745407696,-0.2072756402439596,TSLA
2023-07-07,274.42999267578125,274.42999267578125,280.7799987792969,273.7699890136719,278.42999267578125,113879200,-0.007630056425625198,269.8257141113281,241.56000010172525,200.58477749294704,0.029604697780415613,-0.2147723964422884,TSLA
2023-07-10,269.6099853515625,269.6099853515625,277.5199890136719,265.1000061035156,276.4700012207031,119425400,-0.01756370459810941,271.73571341378346,244.45033315022786,201.29477725558812,0.02967845786459862,-0.14216827511890773,TSLA
2023-07-11,269.7900085449219,269.7900085449219,270.8999938964844,266.3699951171875,268.6499938964844,91972400,0.000667717084456676,273.4914289202009,247.2943333943685,202.03944396972656,0.029758251158289544,-0.13566108804737842,TSLA
2023-07-12,271.989990234375,271.989990234375,276.5199890136719,271.4599914550781,276.3299865722656,95672100,0.008154422401772665,274.95142909458707,249.92166646321616,202.94044392903646,0.029066436327098055,-0.12915912675224472,TSLA
2023-07-13,277.8999938964844,277.8999938964844,279.45001220703125,270.6000061035156,274.5899963378906,112681500,0.02172875427149612,274.67714146205356,252.47966613769532,203.83055504692925,0.02859697738517518,-0.17222022908060608,TSLA
2023-07-14,281.3800048828125,281.3800048828125,285.29998779296875,276.30999755859375,277.010009765625,120062400,0.012522529912772917,274.5199977329799,255.06133321126302,204.80355512830945,0.028594057490165553,-0.1520719589252364,TSLA
2023-07-17,290.3800048828125,290.3800048828125,292.2300109863281,283.57000732421875,286.6300048828125,131569600,0.03198521516746822,276.4971400669643,257.82333323160805,205.9443328857422,0.02882500403703313,-0.17756042665334903,TSLA
2023-07-18,293.3399963378906,293.3399963378906,295.260009765625,286.010009765625,290.1499938964844,112120300,0.010193509901870401,279.19856916155135,260.46899973551433,207.1814439561632,0.028591130775248125,-0.12326993970661138,TSLA
2023-07-19,291.260009765625,291.260009765625,299.2900085449219,289.5199890136719,296.0400085449219,142355400,-0.007090702250741598,282.2914297921317,262.9240000406901,208.4963329739041,0.02875361555354066,-0.11797024897715924,TSLA
2023-07-20,262.8999938964844,262.8999938964844,280.92999267578125,261.20001220703125,279.55999755859375,175158300,-0.09737009860008494,281.30714198521207,264.3103332519531,209.49033287896052,0.034768784026336964,-0.018333995572919703,TSLA
2023-07-21,260.0199890136719,260.0199890136719,268.0,255.8000030517578,268.0,161796100,-0.010954754468143868,279.5971418108259,265.49199930826825,210.44077724880643,0.034871442721928776,-0.05772631005705764,TSLA
2023-07-24,269.05999755859375,269.05999755859375,269.8500061035156,254.1199951171875,255.85000610351562,136508500,0.03476659075024635,278.3342851911272,266.63199920654296,211.39411061604818,0.03448692911392189,-0.04671823176346146,TSLA
2023-07-25,265.2799987792969,265.2799987792969,272.8999938964844,265.0,272.3800048828125,112757300,-0.014048906614123058,276.03428431919644,267.32799936930337,212.33666619194878,0.03398755796224472,-0.05036188431780941,TSLA
2023-07-26,264.3500061035156,264.3500061035156,268.0400085449219,261.75,263.25,95856200,-0.0035057022016762307,272.31571306501115,267.81199951171874,213.2279995388455,0.033818023716782636,-0.04864762743873652,TSLA
2023-07-27,255.7100067138672,255.7100067138672,269.1300048828125,255.3000030517578,268.30999755859375,103697300,-0.032683938680391544,266.94000026157926,267.71200002034504,214.0677773369683,0.033809691073138644,-0.028196028800448913,TSLA
2023-07-28,266.44000244140625,266.44000244140625,267.25,258.2300109863281,259.8599853515625,111446000,0.04196157931177735,263.394284929548,268.0336664835612,214.9921106974284,0.0346196391478073,0.026797718305942242,TSLA
2023-07-31,267.42999267578125,267.42999267578125,269.0799865722656,263.7799987792969,267.4800109863281,84582200,0.00371562162326855,264.0414276123047,268.41799977620445,215.76822170681424,0.034606659882495276,0.00018703328690405918,TSLA
2023-08-01,261.07000732421875,261.07000732421875,266.4700012207031,260.25,266.260009765625,83166000,-0.023781870118334214,264.1914302280971,268.43566640218097,216.54511074490017,0.03478100206802489,0.03918481702896481,TSLA
2023-08-02,254.11000061035156,254.11000061035156,259.5199890136719,250.49000549316406,255.57000732421875,101752900,-0.02665954157355066,262.0557163783482,267.757666015625,217.23277740478517,0.03364852645936709,0.08630123915586241,TSLA
2023-08-03,259.32000732421875,259.32000732421875,260.489990234375,252.0,252.0399932861328,97569100,0.020502958173047814,261.2042890276228,267.7529998779297,217.99844411214193,0.03236913649579565,0.058113554290383895,TSLA
2023-08-04,253.86000061035156,253.86000061035156,264.7699890136719,253.11000061035156,260.9700012207031,99539900,-0.02105509239416581,259.70571681431363,267.39466705322263,218.6878885904948,0.032387374955019664,0.04498541771641218,TSLA
2023-08-07,251.4499969482422,251.4499969482422,253.64999389648438,242.75999450683594,251.4499969482422,111097900,-0.009493435973824349,259.0971439906529,267.22300008138023,219.37966630723741,0.03195617765585069,0.05985286631304132,TSLA
2023-08-08,249.6999969482422,249.6999969482422,250.9199981689453,245.00999450683594,247.4499969482422,96642200,-0.006959634206558429,256.7057146344866,267.51133321126304,219.99988844129774,0.029892617719580343,0.05162194452217106,TSLA
2023-08-09,242.19000244140625,242.19000244140625,251.10000610351562,241.89999389648438,250.8699951171875,101596300,-0.03007606967809695,253.1000017438616,267.2439997355143,220.52111070421006,0.02961788658759597,0.055782626742012065,TSLA
2023-08-10,245.33999633789062,245.33999633789062,251.8000030517578,243.0,245.39999389648438,109498600,0.013006292021680244,250.8528573172433,266.8806666056315,220.94199947781033,0.029366351864381024,-0.001874914249385573,TSLA
2023-08-11,242.64999389648438,242.64999389648438,243.7899932861328,238.02000427246094,241.77000427246094,99038600,-0.01096438608281991,249.21571350097656,266.385666402181,221.4739993625217,0.029398676324251586,0.017885892049645635,TSLA
2023-08-14,239.75999450683594,239.75999450683594,240.66000366210938,233.75,235.6999969482422,98595300,-0.011910156448968756,246.42142595563615,265.65199991861977,221.9982215033637,0.029252434581407253,0.018184854480497004,TSLA
2023-08-15,232.9600067138672,232.9600067138672,240.5,232.61000061035156,238.72999572753906,88197600,-0.028361644764614224,243.43571254185267,264.08999989827475,222.52533264160155,0.026302114052239086,0.03236604167595947,TSLA
2023-08-16,225.60000610351562,225.60000610351562,233.97000122070312,225.3800048828125,228.02000427246094,112484500,-0.03159340830287438,239.74285670689173,262.1939997355143,222.97577718098958,0.026549409509443476,0.09210992117509997,TSLA
2023-08-17,219.22000122070312,219.22000122070312,226.74000549316406,218.8300018310547,226.05999755859375,120718400,-0.028280162722535862,235.3885716029576,260.28333282470703,223.36144392225478,0.026712947054088915,0.14141045446300438,TSLA
2023-08-18,215.49000549316406,215.49000549316406,217.5800018310547,212.36000061035156,214.1199951171875,136276600,-0.017014851321818125,231.57428632463728,258.31866658528645,223.68033294677736,0.026771115286832636,0.16757157960858216,TSLA
2023-08-21,231.27999877929688,231.27999877929688,232.1300048828125,220.5800018310547,221.5500030517578,135702700,0.073274828918382,229.56571524483817,257.04100036621094,224.24411078559027,0.030492278181993265,0.06593739225393458,TSLA
2023-08-22,233.19000244140625,233.19000244140625,240.82000732421875,229.5500030517578,240.25,130442800,0.008258403978685713,228.21428789411272,255.8210001627604,224.76955532497828,0.030569271871708166,0.11994511311749378,TSLA
2023-08-23,236.86000061035156,236.86000061035156,238.97999572753906,229.2899932861328,229.33999633789062,101077600,0.01573823118710882,227.8000030517578,254.6500005086263,225.3457775539822,0.030707639244997642,0.09790588162990876,TSLA
2023-08-24,230.0399932861328,230.0399932861328,238.9199981689453,228.17999267578125,238.66000366210938,99777400,-0.02879341090367582,227.3828582763672,253.0546671549479,225.82355533176,0.030625377308478936,0.1325421943272247,TSLA
2023-08-25,238.58999633789062,238.58999633789062,239.0,230.35000610351562,231.30999755859375,106612200,0.037167463490241914,229.2385711669922,251.62833353678386,226.42666642930772,0.03145376710337206,0.08835247668971946,TSLA
2023-08-28,238.82000732421875,238.82000732421875,244.3800048828125,235.35000610351562,242.5800018310547,107673700,0.0009640428763089126,232.03857203892298,249.9096669514974,227.07366655137804,0.03069672287252929,0.1038438448722625,TSLA
2023-08-29,257.17999267578125,257.17999267578125,257.4800109863281,237.77000427246094,238.5800018310547,134047600,0.07687791972402569,237.9942844935826,248.70433349609374,228.12022196451824,0.034134282475270096,0.02259117242420272,TSLA
2023-08-30,256.8999938964844,256.8999938964844,260.510009765625,250.58999633789062,254.1999969482422,121988400,-0.0010887269121663268,241.65428379603796,247.55899963378906,229.14044409857857,0.03413199279629655,0.0076683583787742204,TSLA
2023-08-31,258.0799865722656,258.0799865722656,261.17999267578125,255.0500030517578,255.97999572753906,108861700,0.004593198535678855,245.20999581473214,247.39833272298176,230.20188835991755,0.029193174357224946,-0.02696835019064614,TSLA
2023-09-01,245.00999450683594,245.00999450683594,259.0799865722656,242.00999450683594,257.260009765625,132541600,-0.05064318329763218,246.37428065708704,246.89799957275392,231.13899943033854,0.030563834370779683,0.03636587837995631,TSLA
2023-09-05,256.489990234375,256.489990234375,258.0,244.86000061035156,245.0,129469600,0.046855214011356505,250.15285164969308,246.47899932861327,232.28055487738715,0.031133337905157276,-0.006393949835472257,TSLA
2023-09-06,251.9199981689453,251.9199981689453,255.38999938964844,245.05999755859375,255.13999938964844,116959800,-0.017817428513501543,252.05713762555803,246.0336659749349,233.29977705213759,0.031194789110170214,-0.03667833264657072,TSLA
2023-09-07,251.49000549316406,251.49000549316406,252.80999755859375,243.27000427246094,245.07000732421875,115312900,-0.0017068620153485314,253.8671373639788,245.60499928792316,234.26844380696613,0.03119205017917023,-0.12477634974510132,TSLA
2023-09-08,248.5,248.5,256.5199890136719,246.6699981689453,251.22000122070312,118367700,-0.01188916230408743,252.62713841029577,245.36466573079426,235.2314437866211,0.030695353601739774,-0.14692150706976237,TSLA
2023-09-11,273.5799865722656,273.5799865722656,274.8500061035156,260.6099853515625,264.2699890136719,174667900,0.10092549928477124,255.00999450683594,245.60266520182293,236.48999922010634,0.035082598644201275,-0.22479708955233035,TSLA
2023-09-12,267.4800109863281,267.4800109863281,278.3900146484375,266.6000061035156,270.760009765625,135999900,-0.022296863386701782,256.35285513741627,245.60433247884114,237.67744377983942,0.03534539068142014,-0.19051893457740265,TSLA
2023-09-13,271.29998779296875,271.29998779296875,274.9800109863281,268.1000061035156,270.07000732421875,111673700,0.014281354305895722,260.1085684640067,245.9453318277995,238.90077701144747,0.03512272856161184,-0.21702909057613096,TSLA
2023-09-14,276.0400085449219,276.0400085449219,276.7099914550781,270.4200134277344,271.32000732421875,107709800,0.017471511114000693,262.90142822265625,246.67633209228515,240.07833268907336,0.03480977405734276,-0.2546008254692862,TSLA
2023-09-15,274.3900146484375,274.3900146484375,278.9800109863281,271.0,277.54998779296875,133692300,-0.005977372284481253,266.1114305768694,247.1786656697591,241.21833292643228,0.03469490755487674,-0.24450602432686497,TSLA
2023-09-18,265.2799987792969,265.2799987792969,271.44000244140625,263.760009765625,271.1600036621094,101543300,-0.033200974462619715,268.0814296177455,247.55933227539063,242.28644409179688,0.035047721409151106,-0.2560313573638555,TSLA
2023-09-19,266.5,266.5,267.8500061035156,261.20001220703125,264.3500061035156,103704000,0.004598918977371191,270.6528581891741,248.06099904378254,243.37488861083983,0.034982119191544696,-0.24637900060829032,TSLA
2023-09-20,262.5899963378906,262.5899963378906,273.92999267578125,262.4599914550781,267.0400085449219,122514600,-0.014671683535119606,269.0828595842634,248.49066569010418,244.38055521647135,0.03508233479917707,-0.21680183354176963,TSLA
2023-09-21,255.6999969482422,255.6999969482422,260.8599853515625,254.2100067138672,257.8500061035156,119951500,-0.026238620989897266,267.4000004359654,248.94099884033204,245.35522189670138,0.03496718370836693,-0.14544389083013598,TSLA
2023-09-22,244.8800048828125,244.8800048828125,257.7900085449219,244.47999572753906,257.3999938964844,127524100,-0.042315182614647506,263.62571716308594,248.92566579182943,246.22777743869358,0.035835709738622545,-0.10176411986299494,TSLA
2023-09-25,246.99000549316406,246.99000549316406,247.10000610351562,238.30999755859375,243.3800048828125,104636600,0.008616467528091087,259.4757167271205,249.0703328450521,247.12188856336806,0.035797219741936046,-0.11223126686990714,TSLA
2023-09-26,244.1199951171875,244.1199951171875,249.5500030517578,241.66000366210938,242.97999572753906,101993600,-0.011619945391094011,255.15142822265625,249.21566619873047,247.90255516899956,0.03579359541254985,-0.08987384433984669,TSLA
2023-09-27,240.5,240.5,245.3300018310547,234.5800018310547,244.25999450683594,136597200,-0.014828753029631048,251.6114283970424,249.46699930826824,248.60933295355903,0.03549214856634566,-0.07646569392785219,TSLA
2023-09-28,246.3800048828125,246.3800048828125,247.5500030517578,238.64999389648438,240.02000427246094,117058900,0.02444908475181906,248.73714338030135,250.1596659342448,249.3453330145942,0.03515508523342646,-0.14773929878192282,TSLA
2023-09-29,250.22000122070312,250.22000122070312,254.77000427246094,246.35000610351562,250.0,128522700,0.015585665483353939,246.97000122070312,251.19299926757813,250.0269997490777,0.03469594528029594,-0.1421549322623682,TSLA
2023-10-02,251.60000610351562,251.60000610351562,254.27999877929688,242.6199951171875,244.80999755859375,123810400,0.005515166158101437,246.38428824288505,252.39666595458985,250.7584442138672,0.0344462651622658,-0.11085055132380905,TSLA
2023-10-03,246.52999877929688,246.52999877929688,250.02000427246094,244.4499969482422,248.61000061035156,101985300,-0.020151062008054166,246.62000165666853,252.90499928792318,251.46544426812065,0.03228511999715457,-0.036993449731657524,TSLA
2023-10-04,261.1600036621094,261.1600036621094,261.8599853515625,247.60000610351562,248.13999938964844,129721600,0.05934371052307452,248.644287109375,253.83733266194662,252.3175554063585,0.03389951532902441,-0.07014859498899884,TSLA
2023-10-05,260.04998779296875,260.04998779296875,263.6000061035156,256.25,260.0,119159200,-0.00425032873937603,250.92000034877233,254.6103322347005,253.060666402181,0.033863868280243105,-0.10174963544371896,TSLA
2023-10-06,260.5299987792969,260.5299987792969,261.6499938964844,250.64999389648438,253.97999572753906,118121800,0.001845841218459432,253.78142874581474,255.6266657511393,253.7203330145942,0.033308873942547265,-0.10067936840455483,TSLA
2023-10-09,259.6700134277344,259.6700134277344,261.3599853515625,252.0500030517578,255.30999755859375,101377900,-0.003300907210654902,255.68000139508928,256.32933298746747,254.33966657850476,0.03276278778589891,-0.09269459729479845,TSLA
2023-10-10,263.6199951171875,263.6199951171875,268.94000244140625,257.6499938964844,257.75,122656000,0.015211543440507347,257.5942862374442,257.15599924723307,254.96299981011285,0.032830489078462005,-0.08504665269786882,TSLA
2023-10-11,262.989990234375,262.989990234375,268.6000061035156,260.8999938964844,266.20001220703125,103706300,-0.002389822071472425,259.221426827567,257.3496658325195,255.50766635470922,0.0297963170634168,-0.10943376017794171,TSLA
2023-10-12,258.8699951171875,258.8699951171875,265.4100036621094,256.6300048828125,262.9200134277344,111508100,-0.015665976919941982,260.9842834472656,257.4153325398763,255.9661107381185,0.02995276259544064,-0.09047011477071087,TSLA
2023-10-13,251.1199951171875,251.1199951171875,259.6000061035156,250.22000122070312,258.8999938964844,102073800,-0.02993780718577166,259.5499965122768,257.183332824707,256.29733293321397,0.030456355961507014,-0.05989165967892862,TSLA
2023-10-16,253.9199981689453,253.9199981689453,255.39999389648438,248.47999572753906,250.0500030517578,88917200,0.01115006015531006,258.6742837088449,257.48033294677737,256.6234439425998,0.029001139259572546,-0.0283553757095244,TSLA
2023-10-17,254.85000610351562,254.85000610351562,257.17999267578125,247.0800018310547,250.10000610351562,93562900,0.0036626021631882555,257.86285618373324,257.42566680908203,256.8455551147461,0.027720136202104055,-0.04202474576169701,TSLA
2023-10-18,242.67999267578125,242.67999267578125,254.6300048828125,242.0800018310547,252.6999969482422,125147800,-0.04775363208267347,255.43571036202567,257.11766662597654,256.8264439900716,0.028902706765732412,-0.01071365964725457,TSLA
2023-10-19,220.11000061035156,220.11000061035156,230.61000061035156,216.77999877929688,225.9499969482422,170772700,-0.09300310180733784,249.2199968610491,256.07166646321616,256.496221754286,0.033445284898681225,0.08504839020850352,TSLA
2023-10-20,211.99000549316406,211.99000549316406,218.86000061035156,210.4199981689453,217.00999450683594,138010100,-0.036890623300491754,241.93428475516183,254.85466664632162,255.97711079915365,0.03395891086367214,0.11127881374884585,TSLA
2023-10-23,212.0800018310547,212.0800018310547,216.97999572753906,202.50999450683594,210.0,150683400,0.0004245310418349302,235.25,252.8046671549479,255.48033294677734,0.027524445754443315,0.12561297227293577,TSLA
2023-10-24,216.52000427246094,216.52000427246094,222.0500030517578,214.11000061035156,216.5,118231100,0.02093550737020089,230.30714416503906,251.1060002644857,255.04277750651042,0.02788372014712312,0.10553293180233347,TSLA
2023-10-25,212.4199981689453,212.4199981689453,220.10000610351562,212.1999969482422,215.8800048828125,107065100,-0.018935922882932887,224.37857273646765,249.1433339436849,254.5081107245551,0.02768322887442418,0.14226533038884637,TSLA
2023-10-26,205.75999450683594,205.75999450683594,214.8000030517578,204.8800048828125,211.32000732421875,115112600,-0.031352997455599385,217.36571393694197,246.80066680908203,253.74488830566406,0.02758471074320217,0.18506999828768733,TSLA
2023-10-27,207.3000030517578,207.3000030517578,212.41000366210938,205.77000427246094,210.60000610351562,94881200,0.00748448962886572,212.3114297049386,244.5643330891927,253.1653328789605,0.027750822198500964,0.15648819085307375,TSLA
2023-10-30,197.36000061035156,197.36000061035156,210.8800048828125,194.6699981689453,209.27999877929688,136448200,-0.04794984223383958,209.0614297049386,242.30033315022786,252.41811082628038,0.028320557533341596,0.2009018736008492,TSLA
2023-10-31,200.83999633789062,200.83999633789062,202.8000030517578,194.07000732421875,196.1199951171875,118068300,0.017632730628176496,207.46857125418526,240.11166636149088,251.7985551622179,0.028641107076332432,0.19144591540200184,TSLA
2023-11-01,205.66000366210938,205.66000366210938,205.99000549316406,197.85000610351562,204.0399932861328,121661700,0.023999240251476817,206.55142865862166,238.21399993896483,251.40533294677735,0.029240065431790828,0.2207040677886123,TSLA
2023-11-02,218.50999450683594,218.50999450683594,219.1999969482422,211.4499969482422,212.97000122070312,125987600,0.06248172039245192,206.83571297781808,236.97433319091797,251.05311058892144,0.0316839286310721,0.16013000033309432,TSLA
2023-11-03,219.9600067138672,219.9600067138672,226.3699951171875,218.39999389648438,221.14999389648438,119534800,0.006635907937775798,207.91285705566406,236.14366658528647,250.6499996609158,0.030933345416321745,0.14602652362604474,TSLA
2023-11-06,219.27000427246094,219.27000427246094,226.32000732421875,215.0,223.97999572753906,117335800,-0.0031369449915676917,209.84285845075334,235.21966654459635,250.22522193060982,0.03085413997962487,0.17307427467865688,TSLA
2023-11-07,222.17999267578125,222.17999267578125,223.1199951171875,215.72000122070312,219.97999572753906,116900100,0.013271256198382764,211.96857125418526,234.48833312988282,249.78533308241103,0.030962565983416464,0.11234137877702777,TSLA
2023-11-08,222.11000061035156,222.11000061035156,224.14999389648438,217.63999938964844,223.14999389648438,106584800,-0.00031502415940676265,215.50428553989954,233.87533315022787,249.14411078559027,0.030879212874260997,0.14582864031624743,TSLA
2023-11-09,209.97999572753906,209.97999572753906,220.8000030517578,206.67999267578125,219.75,142110500,-0.054612601186257326,216.80999973842077,232.66199951171876,248.3385550604926,0.03188553504185694,0.2026859625895876,TSLA
2023-11-10,214.64999389648438,214.64999389648438,215.3800048828125,205.69000244140625,210.02999877929688,130994000,0.022240205086035525,218.0942840576172,231.47633260091146,247.65088823106555,0.03205505030397718,0.19548098135662406,TSLA
2023-11-13,223.7100067138672,223.7100067138672,225.39999389648438,211.61000061035156,215.60000610351562,140447600,0.04220830689495392,218.83714294433594,230.54666595458986,247.0873328314887,0.033135886899796275,0.16865582493051834,TSLA
2023-11-14,237.41000366210938,237.41000366210938,238.13999938964844,230.72000122070312,235.02999877929688,149771600,0.06123998273248876,221.32999965122767,230.24266611735027,246.72955525716145,0.034994460095091134,0.06642512434360737,TSLA
2023-11-15,242.83999633789062,242.83999633789062,246.6999969482422,236.4499969482422,239.2899932861328,150354000,0.022871793909364557,224.69714137486048,229.63199920654296,246.43011067708332,0.03343696603153883,0.0232251666723009,TSLA
2023-11-16,233.58999633789062,233.58999633789062,240.8800048828125,230.9600067138672,239.49000549316406,136816800,-0.038090924639652135,226.32714189801897,228.7499994913737,246.0034440782335,0.03408446991611843,0.06348731565371879,TSLA
2023-11-17,234.3000030517578,234.3000030517578,237.38999938964844,226.5399932861328,232.0,142532800,0.0030395424675642158,228.06857081821985,227.87566630045572,245.5189997355143,0.03409101975435309,0.017712308333037496,TSLA
2023-11-20,235.60000610351562,235.60000610351562,237.10000610351562,231.02000427246094,234.0399932861328,116320100,0.005548455120893081,231.72857230050224,227.07333272298177,245.01033308241102,0.03412624936781848,0.009889586213515988,TSLA
2023-11-21,241.1999969482422,241.1999969482422,243.6199951171875,233.33999633789062,235.0399932861328,122288000,0.023769060694616817,235.52142987932478,226.32599945068358,244.4638885498047,0.03431607681684572,-0.015381390970225506,TSLA
2023-11-22,234.2100067138672,234.2100067138672,244.00999450683594,231.39999389648438,242.0399932861328,117950600,-0.028980059381488954,237.02142987932478,225.36666666666667,243.8068886650933,0.03465799661454442,0.02664271404081542,TSLA
2023-11-24,235.4499969482422,235.4499969482422,238.75,232.3300018310547,233.75,65125200,0.00529435207219775,236.7414289202009,224.58600006103515,243.18677741156685,0.03461067744207446,-0.00208107980771266,TSLA
2023-11-27,236.0800018310547,236.0800018310547,238.3300018310547,232.10000610351562,236.88999938964844,112031800,0.0026757481035388775,235.77571541922433,224.08466695149738,242.88877749972875,0.034231499509037276,-0.009064721166767375,TSLA
2023-11-28,246.72000122070312,246.72000122070312,247.0,234.00999450683594,236.67999267578125,148549900,0.04506946504203557,237.65143040248327,223.84466705322265,242.74099985758463,0.03520931579872235,-0.0790369645894915,TSLA
2023-11-29,244.13999938964844,244.13999938964844,252.75,242.75999450683594,249.2100067138672,135401300,-0.010457205813430348,239.05714416503906,223.48766682942707,242.4641109890408,0.035248162600047685,-0.10342426502467916,TSLA
2023-11-30,240.0800018310547,240.0800018310547,245.22000122070312,236.91000366210938,245.13999938964844,132353200,-0.016629792613843564,239.6971435546875,223.4010004679362,242.18411102294922,0.03426346570652982,-0.08401365384501713,TSLA
2023-12-01,238.8300018310547,238.8300018310547,240.19000244140625,231.89999389648438,233.13999938964844,121331700,-0.005206597761023168,239.35857282366072,224.0250005086263,241.9005554199219,0.029436257689163903,-0.09747518570034952,TSLA
2023-12-04,235.5800018310547,235.5800018310547,239.3699951171875,233.2899932861328,235.75,104099800,-0.01360800559009756,239.55428641183036,224.81133371988932,241.67688869900172,0.028640567633507055,-0.10060275390115059,TSLA
2023-12-05,238.72000122070312,238.72000122070312,246.66000366210938,233.6999969482422,233.8699951171875,137971100,0.013328802806870987,240.02142987932478,225.69933369954427,241.36888868543838,0.028683158605811727,-0.11113437769619128,TSLA
2023-12-06,239.3699951171875,239.3699951171875,246.57000732421875,239.1699981689453,242.9199981689453,126436200,0.002722829646282676,240.4914289202009,226.46100006103515,241.05711093478732,0.028512209137333894,-0.12771020883575512,TSLA
2023-12-07,242.63999938964844,242.63999938964844,244.0800018310547,236.97999572753906,241.5500030517578,107142300,0.01366087788429815,239.90857151576452,227.46833343505858,240.85233306884766,0.028238004148379736,-0.1380646228332837,TSLA
2023-12-08,243.83999633789062,243.83999633789062,245.27000427246094,239.27000427246094,240.27000427246094,103126800,0.0049455858525417895,239.86571393694197,228.73766682942707,240.73822191026477,0.02739947381836277,-0.14767878546445123,TSLA
2023-12-11,239.74000549316406,239.74000549316406,243.44000244140625,237.4499969482422,242.74000549316406,97913900,-0.01681426716823431,239.817143031529,229.81900024414062,240.52066633436414,0.02771259257661675,-0.23821639818882878,TSLA
2023-12-12,237.00999450683594,237.00999450683594,238.99000549316406,233.8699951171875,238.5500030517578,95328300,-0.011387381846063915,239.55714198521204,231.14066670735676,240.3334440443251,0.026047229356958877,-0.22682585440625957,TSLA
2023-12-13,239.2899932861328,239.2899932861328,240.3000030517578,228.1999969482422,234.19000244140625,146286300,0.009619842336358264,240.08714076450892,232.42233327229818,240.19833289252387,0.025969535063496394,-0.20209788109494708,TSLA
2023-12-14,251.0500030517578,251.0500030517578,253.8800048828125,240.7899932861328,241.22000122070312,160829200,0.04914543063053567,241.84856959751673,233.93533325195312,240.21333296034072,0.02695176888694963,-0.23684527381427112,TSLA
2023-12-15,253.5,253.5,254.1300048828125,248.3000030517578,251.2100067138672,135932800,0.009758999874367902,243.8671417236328,235.10166676839194,240.33899959988065,0.02484721331933104,-0.2611834584373459,TSLA
2023-12-18,252.0800018310547,252.0800018310547,258.739990234375,251.36000061035156,253.77999877929688,116416500,-0.005601570686174839,245.21571350097656,236.17233327229818,240.41388854980468,0.02492418244622764,-0.2507934019417911,TSLA
2023-12-19,257.2200012207031,257.2200012207031,258.3399963378906,253.00999450683594,253.47999572753906,106737400,0.0203903496997484,247.12714276994978,237.4373331705729,240.57577752007379,0.025034032875982333,-0.2694580407031548,TSLA
2023-12-20,247.13999938964844,247.13999938964844,259.8399963378906,247.0,256.4100036621094,125097000,-0.03918825045959673,248.18428475516183,238.2693333943685,240.65777757432727,0.026283353373891545,-0.26737882169721516,TSLA
2023-12-21,254.5,254.5,254.8000030517578,248.5500030517578,251.89999389648438,109594200,0.029780693649462897,250.682856968471,239.3490000406901,240.89711083306207,0.026688628482506395,-0.2726915280804887,TSLA
2023-12-22,252.5399932861328,252.5399932861328,258.2200012207031,251.3699951171875,256.760009765625,93370100,-0.007701401626197146,252.57571411132812,240.76766662597657,241.19644402398004,0.024354229979170867,-0.25722655097039293,TSLA
2023-12-26,256.6099853515625,256.6099853515625,257.9700012207031,252.91000366210938,254.49000549316406,86892400,0.01611622781987765,253.36999729701452,242.1663330078125,241.6118882921007,0.024242767455357122,-0.26129142130267646,TSLA
2023-12-27,261.44000244140625,261.44000244140625,263.3399963378906,257.5199890136719,258.3500061035156,106494400,0.018822405072142834,254.50428336007255,243.4239995320638,242.12244381374782,0.023408302043507554,-0.25960065209377614,TSLA
2023-12-28,253.17999267578125,253.17999267578125,265.1300048828125,252.7100067138672,263.6600036621094,113619900,-0.03159428430420175,254.6614249093192,243.94966583251954,242.36577707926432,0.021867092971735617,-0.25693178637646474,TSLA
2023-12-29,248.47999572753906,248.47999572753906,255.19000244140625,247.42999267578125,255.10000610351562,100891600,-0.018563856087399966,253.41285269601005,244.13766581217448,242.5356658935547,0.02183650036953023,-0.25941722699383485,TSLA
2024-01-02,248.4199981689453,248.4199981689453,251.25,244.41000366210938,250.0800018310547,104654200,-0.0002414583049958896,253.59570966448103,244.63199920654296,242.6641103108724,0.02055621247033148,-0.24035903669265224,TSLA
2024-01-03,238.4499969482422,238.4499969482422,245.67999267578125,236.32000732421875,244.97999572753906,121082600,-0.04013364984377277,251.3028520856585,244.77033233642578,242.75755479600696,0.021962676274578794,-0.15936255184036874,TSLA
2024-01-04,237.92999267578125,237.92999267578125,242.6999969482422,237.72999572753906,239.25,102629300,-0.0021807686270334248,249.21570914132255,244.8479985555013,242.7502214219835,0.02195060289988117,-0.15962676794301023,TSLA
2024-01-05,237.49000549316406,237.49000549316406,240.1199951171875,234.89999389648438,236.86000061035156,92488900,-0.001849229589212631,246.48428344726562,244.72433217366537,242.73544362386068,0.021510485087889383,-0.18413411080403064,TSLA
2024-01-08,240.4499969482422,240.4499969482422,241.25,235.3000030517578,236.13999938964844,85166600,0.012463646412957496,243.48571123395647,244.93233184814454,242.54955478244358,0.02092754720375331,-0.18997709817236574,TSLA
2024-01-09,234.9600067138672,234.9600067138672,238.9600067138672,232.0399932861328,238.11000061035156,96705700,-0.02283214932024613,240.88285609654017,244.91599884033204,242.30577714708116,0.02135820140537196,-0.15981444492162433,TSLA
2024-01-10,233.94000244140625,233.94000244140625,235.5,231.2899932861328,235.10000610351562,91628500,-0.004341182513256769,238.8057141985212,244.84466552734375,242.03755510118273,0.02136801144972623,-0.17940497898051933,TSLA
2024-01-11,227.22000122070312,227.22000122070312,230.92999267578125,225.3699951171875,230.57000732421875,105873600,-0.028725319101363445,235.77714320591517,244.19466552734374,241.8398885091146,0.020206863200252577,-0.12243643682228766,TSLA
2024-01-12,218.88999938964844,218.88999938964844,225.33999633789062,217.14999389648438,220.0800018310547,123043800,-0.036660513098772496,232.98285784040178,243.35299886067708,241.42211083306208,0.021107006984426024,-0.0875325675706291,TSLA
2024-01-16,219.91000366210938,219.91000366210938,223.49000549316406,212.17999267578125,215.10000610351562,115355000,0.004659894354722027,230.4085736955915,242.6806655883789,241.06644422743057,0.021005096271248195,-0.0812605614951184,TSLA
2024-01-17,215.5500030517578,215.5500030517578,215.6699981689453,212.00999450683594,214.86000061035156,103164400,-0.019826295019533036,227.2742876325335,241.904665629069,240.6671108669705,0.02123343295406796,-0.0634191508949451,TSLA
2024-01-18,211.8800048828125,211.8800048828125,217.4499969482422,208.74000549316406,216.8800048828125,108595400,-0.017026203279914,223.19286019461495,241.11466573079426,240.26022203233507,0.02130030536589374,-0.0436096152549863,TSLA
2024-01-19,212.19000244140625,212.19000244140625,213.19000244140625,207.55999755859375,209.99000549316406,102260300,0.0014630807600990448,219.94000244140625,240.23033243815104,239.57811109754775,0.02108984428774248,-0.11334182937482618,TSLA
2024-01-22,208.8000030517578,208.8000030517578,217.8000030517578,206.27000427246094,212.25999450683594,117952500,-0.015976244642273096,216.34857395717077,239.21133270263672,238.92611100938586,0.0211695256711714,-0.13438695952335866,TSLA
2024-01-23,209.13999938964844,209.13999938964844,215.64999389648438,207.75,211.3000030517578,106605900,0.0016283349277841364,213.76571655273438,238.09466603597005,238.23544447157118,0.02092959155958433,-0.155876476038324,TSLA
2024-01-24,207.8300018310547,207.8300018310547,212.72999572753906,206.77000427246094,211.8800048828125,123369900,-0.006263735117226887,212.1857169015067,236.8943328857422,237.47755550808375,0.02085084227287159,-0.14040325110659813,TSLA
2024-01-25,182.6300048828125,182.6300048828125,193.0,180.05999755859375,189.6999969482422,198076800,-0.12125293136804816,206.86000279017858,234.99066619873048,236.45799984402126,0.029710244114767706,-0.03991681733568164,TSLA
2024-01-26,183.25,183.25,186.77999877929688,182.10000610351562,185.5,107343200,0.0033948152034783963,202.24571663992745,233.19866638183595,235.5465554131402,0.02978462151601688,-0.02990447873145463,TSLA
2024-01-29,190.92999267578125,190.92999267578125,191.47999572753906,183.6699981689453,185.6300048828125,125013100,0.04190991910385411,199.2528577532087,231.5866663614909,234.70688866509332,0.031005126437476983,-0.07013041378148499,TSLA
2024-01-30,191.58999633789062,191.58999633789062,196.36000061035156,190.61000061035156,195.3300018310547,109982300,0.0034567835721344142,196.30999973842077,229.60466613769532,233.91799977620443,0.029222320254312328,-0.1154026882038145,TSLA
2024-01-31,187.2899932861328,187.2899932861328,193.97000122070312,185.85000610351562,187.0,103221400,-0.02244377647032403,193.23714120047433,227.39766591389974,233.1578886244032,0.029118340707115834,-0.13236154719841242,TSLA
2024-02-01,188.86000061035156,188.86000061035156,189.8800048828125,184.27999877929688,188.5,91843300,0.008382761388752824,190.33999851771765,225.2903325398763,232.535444132487,0.029296124246107245,-0.1339086794683969,TSLA
2024-02-02,187.91000366210938,187.91000366210938,188.69000244140625,182.0,185.0399932861328,110612700,-0.0050301649114266045,187.4942844935826,222.97999928792316,231.87899966769749,0.028775413843315712,-0.07508914020204838,TSLA
2024-02-05,181.05999755859375,181.05999755859375,184.67999267578125,175.00999450683594,184.25999450683594,134294400,-0.03645365318513305,187.2699977329799,220.77733256022137,231.17833302815754,0.028683923342670788,-0.05379426911360141,TSLA
2024-02-06,185.10000610351562,185.10000610351562,186.49000549316406,177.11000061035156,177.2100067138672,122676000,0.0223130928940527,187.53428431919642,218.46399943033853,230.56277754041884,0.028358246549682,-0.05099947125948234,TSLA
2024-02-07,187.5800018310547,187.5800018310547,189.7899932861328,182.67999267578125,188.17999267578125,111535200,0.01339813963135228,187.0557141985212,216.29866638183594,229.9094441731771,0.02868086826876388,-0.07868639707195246,TSLA
2024-02-08,189.55999755859375,189.55999755859375,191.6199951171875,185.5800018310547,189.0,83034000,0.010555473441792307,186.76571437290735,214.06366678873698,229.23544413248698,0.02852752591496029,-0.09880774408508597,TSLA
2024-02-09,193.57000732421875,193.57000732421875,194.1199951171875,189.47999572753906,190.17999267578125,84476300,0.021154303741671487,187.66285923549108,211.80133361816405,228.59066636827257,0.028610784301049113,-0.10817792865158571,TSLA
2024-02-12,188.1300048828125,188.1300048828125,194.72999572753906,187.27999877929688,192.11000061035156,95498600,-0.028103539988478476,187.55857413155692,209.63300069173178,227.94177754720053,0.028525026139906342,-0.05559988541106353,TSLA
2024-02-13,184.02000427246094,184.02000427246094,187.25999450683594,182.11000061035156,183.99000549316406,86759500,-0.021846598116614713,187.00285993303572,207.48433430989584,227.08466644287108,0.02856750784242167,-0.022769276948839234,TSLA
2024-02-14,188.7100067138672,188.7100067138672,188.88999938964844,183.35000610351562,185.3000030517578,81203000,0.025486372853585015,188.09571838378906,205.49400126139324,226.29199998643662,0.02923486807558937,-0.06846490895061241,TSLA
2024-02-15,200.4499969482422,200.4499969482422,200.8800048828125,188.86000061035156,189.16000366210938,120831800,0.06221180550417671,190.28857421875,204.22733459472656,225.62444441053603,0.03133507271120944,-0.12586678030258913,TSLA
2024-02-16,199.9499969482422,199.9499969482422,203.1699981689453,197.39999389648438,202.05999755859375,111346700,-0.0024943876658132247,192.05571637834822,202.96133473714193,224.960888671875,0.03133405615439552,-0.16664162327571674,TSLA
2024-02-20,193.75999450683594,193.75999450683594,198.60000610351562,189.1300048828125,196.1300048828125,104545800,-0.030957752117438453,192.6557159423828,201.50366770426433,224.1846664428711,0.031672745882151306,-0.1309867379415518,TSLA
2024-02-21,194.77000427246094,194.77000427246094,199.44000244140625,191.9499969482422,193.36000061035156,103500300,0.00521268473502845,192.827144077846,199.9810012817383,223.42666659884983,0.03155238577262592,-0.12147662957901739,TSLA
2024-02-22,197.41000366210938,197.41000366210938,198.32000732421875,191.36000061035156,194.0,92739500,0.013554445406056326,194.1528581891741,198.72933451334634,222.7437778049045,0.03160225013892277,-0.16468268660421959,TSLA
2024-02-23,191.97000122070312,191.97000122070312,197.57000732421875,191.5,195.30999755859375,78841900,-0.027556873210526134,195.28857203892298,197.33033447265626,222.08655565049912,0.031861464777039814,-0.098921734502318,TSLA
2024-02-26,199.39999389648438,199.39999389648438,201.77999877929688,192.0,192.2899932861328,111747100,0.03870392576202142,196.81571306501115,196.4030008951823,221.48077782524956,0.032577828812581144,-0.11293876480940512,TSLA
2024-02-27,199.72999572753906,199.72999572753906,205.60000610351562,198.25999450683594,204.0399932861328,108645400,0.0016549741281637331,196.71285574776786,195.76433410644532,220.8683332655165,0.03199147500428581,-0.1400390618285413,TSLA
2024-02-28,202.0399932861328,202.0399932861328,205.3000030517578,198.44000244140625,200.4199981689453,99806200,0.01156560160219966,197.0114266531808,195.16866709391277,220.41677771674262,0.03206978897684461,-0.13581463123370907,TSLA
2024-02-29,201.8800048828125,201.8800048828125,205.27999877929688,198.4499969482422,204.17999267578125,85907000,-0.0007918650199801869,198.17142813546317,194.71300048828124,220.21422220865887,0.03189904961617822,-0.1527144892281478,TSLA
2024-03-01,202.63999938964844,202.63999938964844,204.52000427246094,198.5,200.52000427246094,82243100,0.003764585340074067,199.29571315220423,194.40500030517578,220.11033325195314,0.031779583438385085,-0.2031188501089779,TSLA
2024-03-04,188.13999938964844,188.13999938964844,199.75,186.72000122070312,198.72999572753906,134334900,-0.07155546804023882,197.97142682756697,193.60333353678385,219.84433322482639,0.03428366096947894,-0.16493036504710523,TSLA
2024-03-05,180.74000549316406,180.74000549316406,184.58999633789062,177.57000732421875,183.0500030517578,119660800,-0.03933237971984138,196.3671417236328,192.66800028483073,219.4467776828342,0.0348394906416289,-0.13992479681471737,TSLA
2024-03-06,176.5399932861328,176.5399932861328,181.5800018310547,173.6999969482422,179.99000549316406,107920900,-0.02323786698783792,193.10142735072546,191.58133341471355,219.04811096191406,0.03499172918174089,-0.15073072177601454,TSLA
2024-03-07,178.64999389648438,178.64999389648438,180.0399932861328,173.6999969482422,174.35000610351562,102129000,0.011951969472048907,190.08999851771765,190.6086664835612,218.74688873291015,0.03512718481850032,-0.17688212664052272,TSLA
2024-03-08,175.33999633789062,175.33999633789062,182.72999572753906,174.6999969482422,181.5,85544600,-0.018527834714126334,186.27571323939733,190.36566619873048,218.39177754720052,0.027530256074989174,-0.18985966682684885,TSLA
2024-03-11,177.77000427246094,177.77000427246094,182.8699951171875,174.8000030517578,175.4499969482422,85391500,0.013858834181150304,182.83142743791853,190.18299967447916,218.17411092122396,0.027653720116396364,-0.18613945435903778,TSLA
2024-03-12,177.5399932861328,177.5399932861328,179.42999267578125,172.41000366210938,177.77000427246094,87391700,-0.0012938683737420131,179.24571228027344,189.73666636149088,217.91522199842666,0.026460668266967333,-0.08679727940782767,TSLA
2024-03-13,169.47999572753906,169.47999572753906,176.0500030517578,169.14999389648438,173.0500030517578,106524500,-0.04539820808488959,176.57999747140067,188.99966634114583,217.51322191026475,0.0275875358741963,0.004130262956623554,TSLA
2024-03-14,162.5,162.5,171.1699981689453,160.50999450683594,167.77000427246094,126325700,-0.04118477639544138,173.97428240094865,188.17333323160807,216.89088863796658,0.028231093646067604,0.035630727914663485,TSLA
2024-03-15,163.57000732421875,163.57000732421875,165.17999267578125,160.75999450683594,163.16000366210938,97146800,0.006584660456730784,172.12142726353235,187.33033345540363,216.26433308919272,0.02820506252178625,0.18634220433287285,TSLA
2024-03-18,173.8000030517578,173.8000030517578,174.72000122070312,165.89999389648438,170.02000427246094,108214400,0.06254200201423088,171.42857142857142,186.86000010172526,215.75911085340712,0.030736897555543784,0.0545454290050611,TSLA
2024-03-19,171.32000732421875,171.32000732421875,172.82000732421875,167.4199981689453,172.36000061035156,77271400,-0.014269250195585559,170.85428728376115,186.53533376057942,215.19399990505642,0.030144061629010777,0.050607038280926275,TSLA
2024-03-20,175.66000366210938,175.66000366210938,176.25,170.82000732421875,173.0,83846700,0.025332688257929448,170.55285862513952,186.22066701253254,214.67788882785374,0.030230892293632045,0.02476369551428448,TSLA
2024-03-21,172.82000732421875,172.82000732421875,178.17999267578125,171.8000030517578,176.38999938964844,73178000,-0.016167575308454918,169.87857491629464,185.72866719563802,214.26500006781683,0.03021710780008766,0.04843186415034095,TSLA
2024-03-22,170.8300018310547,170.8300018310547,171.1999969482422,166.3000030517578,166.69000244140625,75580600,-0.01151490226146512,170.0714329310826,185.10433400472004,213.77811126708986,0.030162297330620133,0.08154301075028703,TSLA
2024-03-25,172.6300048828125,172.6300048828125,175.24000549316406,168.72999572753906,168.75999450683594,74228600,0.010536808713131895,171.5185764857701,184.40633392333984,213.21055569118923,0.029930237963364317,0.030006328733510834,TSLA
2024-03-26,177.6699981689453,177.6699981689453,184.25,177.3800048828125,178.5800018310547,113186200,0.029195349264770964,173.5328608921596,184.05766703287762,212.5467778523763,0.030125442691683196,-0.01660379905805509,TSLA
2024-03-27,179.8300018310547,179.8300018310547,181.91000366210938,176.0,181.41000366210938,81804000,0.012157391142962881,174.39428928920202,183.91800028483073,211.84666680230035,0.02997147848550719,-0.043707949342823293,TSLA
2024-03-28,175.7899932861328,175.7899932861328,179.57000732421875,175.3000030517578,177.4499969482422,77654800,-0.022465709302040393,175.0328587123326,183.48733317057292,211.2044445461697,0.02982537316335031,-0.041640550344153926,TSLA
2024-04-01,175.22000122070312,175.22000122070312,176.75,170.2100067138672,176.1699981689453,81562100,-0.003242460249155976,174.97000122070312,182.64633331298828,210.5480000813802,0.027254664067077543,-0.019004690148702208,TSLA
2024-04-02,166.6300048828125,166.6300048828125,167.69000244140625,163.42999267578125,164.75,116650600,-0.049024062767074494,174.0857151576451,181.5356669108073,209.7816667344835,0.028456831827208866,0.0655344046627444,TSLA
2024-04-03,168.3800048828125,168.3800048828125,168.82000732421875,163.27999877929688,164.02000427246094,82950100,0.01050231020055925,173.73571559361048,180.68966725667318,208.97255571153428,0.028191575656219423,0.03331749879836354,TSLA
2024-04-04,171.11000061035156,171.11000061035156,177.19000244140625,168.00999450683594,170.07000732421875,123162000,0.016213301154368365,173.51857212611608,179.9010004679362,208.27144453260632,0.02839016746452198,0.02179881780278259,TSLA
2024-04-05,164.89999389648438,164.89999389648438,170.86000061035156,160.50999450683594,169.0800018310547,143157600,-0.036292482565110196,171.6942858014788,178.8173334757487,207.48755560980902,0.028788384707339947,0.07616745471359643,TSLA
2024-04-08,172.97999572753906,172.97999572753906,174.5,167.7899932861328,169.33999633789062,104423300,0.04899940648952894,170.71571350097656,178.18433329264323,206.7864444308811,0.0301343960133857,0.01138860717632384,TSLA
2024-04-09,176.8800048828125,176.8800048828125,179.22000122070312,171.9199981689453,172.91000366210938,102951700,0.02254601255405486,170.87142944335938,177.4336669921875,206.0104444715712,0.02950059027219085,0.054952515560720894,TSLA
2024-04-10,171.75999450683594,171.75999450683594,174.92999267578125,170.00999450683594,173.0399932861328,84532400,-0.028946236061948905,170.37714276994978,176.50133361816407,205.20622219509548,0.029841027747108194,0.048614382688416446,TSLA
2024-04-11,174.60000610351562,174.60000610351562,175.8800048828125,168.50999450683594,172.5500030517578,94516000,0.01653476762638495,171.51571437290735,175.5866673787435,204.47866668701172,0.02994735737310979,-0.004925547424332266,TSLA
2024-04-12,171.0500030517578,171.0500030517578,173.80999755859375,170.36000061035156,172.33999633789062,64722700,-0.020332204625772565,171.8971426827567,174.55900065104166,203.72555558946397,0.03007799486472069,0.04788075004551762,TSLA
2024-04-15,161.47999572753906,161.47999572753906,170.69000244140625,161.3800048828125,170.24000549316406,100245300,-0.05594859487563397,170.52142769949776,173.18700052897137,202.9022221883138,0.03141916396972481,0.09456282311417463,TSLA
2024-04-16,157.11000061035156,157.11000061035156,158.19000244140625,153.75,156.74000549316406,97000000,-0.027062145360474688,169.40857151576452,172.1526672363281,201.99544440375433,0.029244580892239382,0.12144358574840175,TSLA
2024-04-17,155.4499969482422,155.4499969482422,158.3300018310547,153.77999877929688,157.63999938964844,82439700,-0.010565868854054306,166.90428597586495,171.3096669514974,201.06299997965496,0.028563270008219108,0.15014472046378868,TSLA
2024-04-18,149.92999267578125,149.92999267578125,152.1999969482422,148.6999969482422,151.25,96098800,-0.03550983840996058,163.05428423200334,170.42266693115235,200.03288879394532,0.028924727016801145,0.1877543555687815,TSLA
2024-04-19,147.0500030517578,147.0500030517578,150.94000244140625,146.22000122070312,148.97000122070312,87074500,-0.0192088959161848,159.52428545270647,169.36933390299478,198.95744442409938,0.02885341654744382,0.1988438600989575,TSLA
2024-04-22,142.0500030517578,142.0500030517578,144.44000244140625,138.8000030517578,140.55999755859375,107097600,-0.03400203941675628,154.87428501674108,168.2596674601237,197.8719999525282,0.02921988136542405,0.2303414327191613,TSLA
2024-04-23,144.67999267578125,144.67999267578125,147.25999450683594,141.11000061035156,143.3300018310547,124545100,0.018514534090260826,151.10714067731584,167.15666707356772,196.84611104329426,0.029344280806473017,0.20956599985572288,TSLA
2024-04-24,162.1300048828125,162.1300048828125,167.97000122070312,157.50999450683594,162.83999633789062,181178000,0.12061109407252757,151.1999991280692,166.64300079345702,195.98877783881292,0.037411117336520215,0.09751432234903845,TSLA
2024-04-25,170.17999267578125,170.17999267578125,170.8800048828125,158.36000061035156,158.9600067138672,126427500,0.04965143743002587,153.06714085170202,166.6663340250651,195.09022216796876,0.03766473020728026,0.04289577721198645,TSLA
2024-04-26,168.2899932861328,168.2899932861328,172.1199951171875,166.3699951171875,168.85000610351562,109815700,-0.011105884774887609,154.90142604282923,166.85933380126954,194.14344431559246,0.03690099773685656,0.03268168173641017,TSLA
2024-04-29,194.0500030517578,194.0500030517578,198.8699951171875,184.5399932861328,188.4199981689453,243869700,0.1530691710339953,161.20428466796875,167.87533365885417,193.49866655137805,0.0460997655428949,-0.12053593930328232,TSLA
2024-04-30,183.27999877929688,183.27999877929688,190.9499969482422,182.83999633789062,186.97999572753906,127031800,-0.05550118063944742,166.37999834333147,168.1913335164388,192.67711096869576,0.04620593540706368,-0.03268226502105742,TSLA
2024-05-01,179.99000549316406,179.99000549316406,185.86000061035156,179.00999450683594,182.0,92829700,-0.017950640048260635,171.7999986921038,168.48033345540364,191.93099992540147,0.046257571869626174,0.013778519094679753,TSLA
2024-05-02,180.00999450683594,180.00999450683594,184.60000610351562,176.02000427246094,182.86000061035156,89148000,0.0001110562423569661,176.8471418108259,168.62533315022787,191.10333319769964,0.046059579898454994,-0.0111104942004987,TSLA
2024-05-03,181.19000244140625,181.19000244140625,184.77999877929688,178.4199981689453,182.10000610351562,75491500,0.006555235656792835,179.56999860491072,168.90433298746746,190.31055552164713,0.04594071509850719,0.03449417691807333,TSLA
2024-05-06,184.75999450683594,184.75999450683594,187.55999755859375,182.1999969482422,183.8000030517578,84390300,0.019703030064167848,181.6528560093471,169.36866607666016,189.51222229003906,0.04596467834180077,0.0005412757441487503,TSLA
2024-05-07,177.80999755859375,177.80999755859375,183.25999450683594,177.39999389648438,182.39999389648438,75045900,-0.03761635178001177,183.01285661969865,169.5413324991862,188.58300001356338,0.046550806256466404,0.021146222469217157,TSLA
2024-05-08,174.72000122070312,174.72000122070312,176.05999755859375,170.14999389648438,171.58999633789062,79969500,-0.017378079862311324,180.25142778669084,169.44299926757813,187.71122233072916,0.04638842562348497,0.047447305564410236,TSLA
2024-05-09,171.97000122070312,171.97000122070312,175.6199951171875,171.3699951171875,175.00999450683594,65950300,-0.01573946875450305,178.6357138497489,169.18099924723307,186.8611112806532,0.04642490772095318,0.06169681069394706,TSLA
2024-05-10,168.47000122070312,168.47000122070312,173.05999755859375,167.75,173.0500030517578,72627200,-0.02035238689978358,176.98999895368303,168.93699951171874,185.9727779812283,0.04639201360515552,0.11206745857429445,TSLA
2024-05-13,171.88999938964844,171.88999938964844,175.39999389648438,169.0,170.0,67018900,0.020300339194899042,175.82999965122767,168.82599945068358,185.23322245279948,0.046541602609949925,0.1424166374685163,TSLA
2024-05-14,177.5500030517578,177.5500030517578,179.49000549316406,174.07000732421875,174.5,86407400,0.03292805679333921,175.30999973842077,169.18999938964845,184.5623336791992,0.04594436598123833,0.11191210800145801,TSLA
2024-05-15,173.99000549316406,173.99000549316406,180.0,173.11000061035156,179.89999389648438,79663000,-0.02005067585133169,173.77142987932478,169.3769994099935,183.85677812364366,0.04611273535207498,0.13730673392378878,TSLA
2024-05-16,174.83999633789062,174.83999633789062,175.7899932861328,171.42999267578125,174.10000610351562,59812200,0.004885285464054867,173.3471439906529,169.50133260091147,183.12777811686198,0.04603927039102745,0.200297443410959,TSLA
2024-05-17,177.4600067138672,177.4600067138672,179.6300048828125,172.75,173.5500030517578,77445800,0.014985188920464187,173.7385733468192,169.9199996948242,182.4888892279731,0.04552936297396539,0.30316683059589145,TSLA
2024-05-20,174.9499969482422,174.9499969482422,177.75,173.52000427246094,177.55999755859375,61727400,-0.014144086952910362,174.16428702218192,169.98566640218098,181.83344472249348,0.04480258311277956,0.408345262575462,TSLA
2024-05-21,186.60000610351562,186.60000610351562,186.8800048828125,174.7100067138672,175.50999450683594,115266500,0.06659050790792542,176.75428771972656,170.3096664428711,181.38211144341363,0.04622199897350523,0.34790994665311636,TSLA
2024-05-22,180.11000061035156,180.11000061035156,183.8000030517578,178.1199951171875,182.85000610351562,88313500,-0.03478030697150003,177.92857360839844,170.58799997965494,180.9512225680881,0.04637205785448157,0.40436400857392973,TSLA
2024-05-23,173.74000549316406,173.74000549316406,181.89999389648438,173.25999450683594,181.8000030517578,71975500,-0.03536724832380789,177.38428824288505,170.55933329264323,180.43822258843315,0.04679942745786741,0.5098997253259969,TSLA
2024-05-24,179.24000549316406,179.24000549316406,180.0800018310547,173.72999572753906,174.83999633789062,65584500,0.03165649721483632,178.13428824288505,170.83233337402345,180.03477817111545,0.046950596699400375,0.4687569833603098,TSLA
2024-05-28,176.75,176.75,178.25,173.16000366210938,176.39999389648438,59736600,-0.01389201861667555,178.40714590890067,171.3413335164388,179.64444478352866,0.04575553956643931,0.36367750370182117,TSLA
2024-05-29,176.19000244140625,176.19000244140625,178.14999389648438,173.92999267578125,174.19000244140625,54782600,-0.0031683030189180172,178.22571672712053,171.97733357747396,179.24444478352865,0.0454032013841806,0.40887673697655136,TSLA
2024-05-30,178.7899932861328,178.7899932861328,182.6699981689453,175.3800048828125,178.5800018310547,77618400,0.014756744473008343,178.7742876325335,172.75533345540364,178.91100023057726,0.045343526142285394,0.4130544710370183,TSLA
2024-05-31,178.0800018310547,178.0800018310547,180.32000732421875,173.82000732421875,178.5,67314600,-0.003971091681523098,177.55714416503906,173.69366709391275,178.5658891465929,0.044718390125314075,0.4407007801021554,TSLA
2024-06-03,176.2899932861328,176.2899932861328,182.63999938964844,174.49000549316406,178.1300048828125,68568900,-0.0100517100545634,177.0114288330078,174.6683334350586,178.21544460720486,0.04456665199962155,0.40960922039780523,TSLA
2024-06-04,174.77000427246094,174.77000427246094,177.75999450683594,174.0,174.77999877929688,60056300,-0.008622094682395387,177.15857151576452,175.75900014241537,178.12811126708985,0.043999252907122144,0.4260456007027231,TSLA
2024-06-05,175.0,175.0,176.14999389648438,172.1300048828125,175.35000610351562,57953800,0.0013159908560766986,176.5528564453125,176.76966705322266,178.03644460042318,0.043967148160397346,0.3668571254185269,TSLA
2024-06-06,177.94000244140625,177.94000244140625,179.72999572753906,172.72999572753906,174.60000610351562,69887000,0.01680001395089281,176.72285679408483,177.29666697184246,177.89211137559678,0.03848014995905165,0.4134539229853922,TSLA
2024-06-07,177.47999572753906,177.47999572753906,179.35000610351562,175.5800018310547,176.1300048828125,56244900,-0.0025851787543875737,176.90714154924666,177.54000040690104,177.73533359103732,0.03750267269840855,0.3882128172971464,TSLA
2024-06-10,173.7899932861328,173.7899932861328,178.57000732421875,173.1699981689453,176.05999755859375,50774600,-0.020791089307163446,176.19285583496094,177.72333374023438,177.58533359103734,0.03766114681032142,0.24282187604180372,TSLA
2024-06-11,170.66000366210938,170.66000366210938,174.75,167.41000366210938,173.9199981689453,64761900,-0.018010183238054034,175.13285609654017,176.94366709391275,177.38311140272353,0.0246637294419001,0.2905777292497551,TSLA
2024-06-12,177.2899932861328,177.2899932861328,180.5500030517578,169.8000030517578,171.1199951171875,90389400,0.03884911216309472,175.27571323939733,176.74400024414064,177.2651112874349,0.02387016276831188,0.23977670131115092,TSLA
2024-06-13,182.47000122070312,182.47000122070312,191.0800018310547,181.22999572753906,188.38999938964844,118984100,0.029217711832219218,176.37571280343192,176.82666676839193,177.28077799479166,0.02425423052647156,0.27198994109055485,TSLA
2024-06-14,178.00999450683594,178.00999450683594,186.0,176.9199981689453,185.8000030517578,82038200,-0.024442410719736185,176.8057120186942,176.76000010172527,177.2020000881619,0.024686530260334832,0.25060390981944813,TSLA
2024-06-17,187.44000244140625,187.44000244140625,188.80999755859375,177.0,177.9199981689453,109786100,0.052974598199923895,178.16285487583704,176.96833343505858,177.20044453938803,0.026504596880338783,0.2381028825304452,TSLA
2024-06-18,184.86000061035156,184.86000061035156,187.1999969482422,182.3699951171875,186.55999755859375,68982300,-0.013764414198944475,179.2171412876674,176.97166697184244,177.14822235107422,0.026414730807307857,0.17310397000078837,TSLA
2024-06-20,181.57000732421875,181.57000732421875,185.2100067138672,179.66000366210938,184.67999267578125,55893100,-0.017797215597047833,180.32857186453683,177.0970006306966,177.0148890177409,0.025669747971746485,0.14374615736023721,TSLA
2024-06-21,183.00999450683594,183.00999450683594,183.9499969482422,180.69000244140625,182.3000030517578,61937300,0.00793075466503601,182.09285627092635,177.3733337402344,176.95800001356338,0.025459554886928866,0.08671663216395409,TSLA
2024-06-24,182.5800018310547,182.5800018310547,188.8000030517578,182.5500030517578,184.97000122070312,61992100,-0.0023495584322592578,182.84857177734375,177.72700042724608,176.94199998643663,0.025257027719627567,0.09891552950747062,TSLA
2024-06-25,187.35000610351562,187.35000610351562,187.97000122070312,182.00999450683594,184.39999389648438,62905700,0.026125557150967316,183.54571533203125,178.35633392333983,176.92688886854384,0.025244984775468014,0.0235387683995254,TSLA
2024-06-26,196.3699951171875,196.3699951171875,197.75999450683594,186.36000061035156,186.5399932861328,95737100,0.04814512260377568,186.16857256208147,179.17233378092448,176.88155551486545,0.02635795688962109,0.01257830260284476,TSLA
2024-06-27,197.4199981689453,197.4199981689453,198.72000122070312,194.0500030517578,195.1699981689453,72746500,0.0053470646120412635,187.5942862374442,179.83466695149738,176.85344441731772,0.02581774159439016,0.013068594139317158,TSLA
2024-06-28,197.8800048828125,197.8800048828125,203.1999969482422,195.25999450683594,199.5500030517578,95438100,0.002330091774560339,189.45428684779577,180.63100026448566,176.89922231038412,0.02542334816094732,-0.0019708883162773416,TSLA
2024-07-01,209.86000061035156,209.86000061035156,213.22999572753906,200.85000610351562,201.02000427246094,135691400,0.060541719385108106,193.49571446010046,181.79833374023437,177.06688893636067,0.027398432591190007,-0.00967310956539058,TSLA
2024-07-02,231.25999450683594,231.25999450683594,231.3000030517578,218.05999755859375,218.88999938964844,205047900,0.10197271435359379,200.3885716029576,183.59166666666667,177.44299994574652,0.032465976161977876,-0.12920518175978857,TSLA
2024-07-03,246.38999938964844,246.38999938964844,248.35000610351562,234.25,234.55999755859375,166561500,0.06542422054051067,209.50428553989954,185.9730000813802,178.04766659206814,0.03370601831738788,-0.13089005268025877,TSLA
2024-07-05,251.52000427246094,251.52000427246094,252.3699951171875,242.4600067138672,249.80999755859375,154501200,0.02082067005771515,218.67142813546317,188.13700002034506,178.62677781846787,0.032150402172492744,-0.140744308818181,TSLA
2024-07-08,252.94000244140625,252.94000244140625,259.44000244140625,244.57000732421875,247.7100067138672,157219600,0.005645666924397386,226.7528577532087,190.56466674804688,179.21800011528862,0.03101480237521886,-0.11947497797507778,TSLA
2024-07-09,262.3299865722656,262.3299865722656,265.6099853515625,250.3000030517578,251.0,160210900,0.03712336538398886,236.02571323939733,193.51766611735027,179.887888929579,0.030018354832786222,-0.15716838554174262,TSLA
2024-07-10,263.260009765625,263.260009765625,267.5899963378906,257.8599853515625,262.79998779296875,128519400,0.003545241645880992,245.36571393694197,196.3183329264323,180.56988898383247,0.029894799504403435,-0.15190307684318005,TSLA
2024-07-11,241.02999877929688,241.02999877929688,271.0,239.64999389648438,263.29998779296875,221707300,-0.08444127539962887,249.81857081821985,198.46099955240885,180.99644453260635,0.03452500196201604,-0.12600089312947427,TSLA
2024-07-12,248.22999572753906,248.22999572753906,251.83999633789062,233.08999633789062,235.8000030517578,155955800,0.029871787680814776,252.24285670689173,200.86233266194662,181.6641111585829,0.034585624548928766,-0.11243600243201357,TSLA
2024-07-15,252.63999938964844,252.63999938964844,265.6000061035156,251.72999572753906,255.97000122070312,146912900,0.01776579679334911,253.1357138497489,203.3239995320638,182.46299997965494,0.034598064904059304,-0.1560718523236223,TSLA
2024-07-16,256.55999755859375,256.55999755859375,258.6199951171875,245.8000030517578,255.30999755859375,126332500,0.015516142251486675,253.855712890625,205.93999938964845,183.35211113823786,0.034467372253305095,-0.1845571846558529,TSLA
2024-07-17,248.5,248.5,258.4700012207031,246.17999267578125,252.72999572753906,115584800,-0.031415644041518975,253.22142682756697,208.346999613444,184.1282223171658,0.035169629705991856,-0.17203219315895368,TSLA
2024-07-18,249.22999572753906,249.22999572753906,257.1400146484375,247.1999969482422,251.08999633789062,110869000,0.002937608561525362,251.3499995640346,210.8289993286133,184.9492223103841,0.034997654412633486,-0.17233076950815984,TSLA
2024-07-19,239.1999969482422,239.1999969482422,249.44000244140625,236.8300018310547,247.7899932861328,87403900,-0.040243947162209914,247.91285487583704,212.96899922688803,185.63177778455946,0.03625503960414317,-0.1048912903762268,TSLA
2024-07-22,251.50999450683594,251.50999450683594,253.2100067138672,243.75,244.2100067138672,101225400,0.05146320115237035,249.40999712262834,215.42133229573568,186.45366668701172,0.03698786094187752,-0.16265750585195293,TSLA
2024-07-23,246.3800048828125,246.3800048828125,255.75999450683594,245.6300048828125,253.60000610351562,111928200,-0.020396762498772203,249.14571271623885,217.71799926757814,187.30811123318142,0.03737524232086353,-0.10946505676680651,TSLA
2024-07-24,215.99000549316406,215.99000549316406,225.99000549316406,214.7100067138672,225.4199981689453,167942900,-0.12334604589403697,243.90999930245536,219.12466634114583,187.90244462754993,0.044463849173733305,0.0656511519753169,TSLA
2024-07-25,220.25,220.25,226.0,216.22999572753906,216.8000030517578,100636500,0.01972310939623889,238.72285679408483,220.7776662190755,188.53222232394748,0.04422862169653632,-0.04322362893285325,TSLA
2024-07-26,219.8000030517578,219.8000030517578,222.27999877929688,215.3300018310547,221.19000244140625,94604100,-0.0020431189477511102,234.62285723005022,222.19466654459634,189.0433334350586,0.04392206816520377,-0.016060048818405392,TSLA
2024-07-29,232.10000610351562,232.10000610351562,234.27000427246094,224.6999969482422,224.89999389648438,129201800,0.055959976710561854,232.17571585518974,223.8490000406901,189.71866675482855,0.04463026982834283,-0.02554936569853239,TSLA
2024-07-30,222.6199951171875,222.6199951171875,232.41000366210938,220.0,232.25,100560300,-0.04084450985365373,229.80714416503906,225.33600006103515,190.24044443766277,0.04515188606847783,0.02475074066336469,TSLA
2024-07-31,232.07000732421875,232.07000732421875,234.67999267578125,226.7899932861328,227.89999389648438,67497000,0.04244907202543402,227.0300031389509,226.82366689046225,190.8987777709961,0.0448340283697334,-0.009738482760797251,TSLA
2024-08-01,216.86000061035156,216.86000061035156,231.8699951171875,214.3300018310547,227.69000244140625,83861900,-0.06554059651757449,222.81285967145647,227.8903335571289,191.41022220187716,0.04666519707802443,0.06192932139621221,TSLA
2024-08-02,207.6699981689453,207.6699981689453,216.1300048828125,205.77999877929688,214.8800048828125,82880100,-0.042377581921705376,221.62428719656808,228.7603332519531,191.79955546061197,0.04731608541409718,0.09202099859800184,TSLA
2024-08-05,198.8800048828125,198.8800048828125,203.8800048828125,182.0,185.22000122070312,100308800,-0.04232673647438423,218.57143075125558,229.28933359781902,192.03522220187716,0.048113259097060004,0.14576623854900328,TSLA
2024-08-06,200.63999938964844,200.63999938964844,202.89999389648438,192.6699981689453,200.75,73783900,0.008849529684359148,215.83428737095423,229.8913335164388,192.26644439697264,0.0481064409165789,0.13237638376888894,TSLA
2024-08-07,191.75999450683594,191.75999450683594,203.49000549316406,191.47999572753906,200.77000427246094,71159800,-0.044258397676563366,210.07142857142858,230.0383331298828,192.44388885498046,0.04871703273675945,0.2720067018997019,TSLA
2024-08-08,198.83999633789062,198.83999633789062,200.6999969482422,192.0399932861328,195.6999969482422,65033900,0.036921162045623124,206.67428588867188,230.12066650390625,192.70633324517144,0.04839196866252179,0.19819957950079425,TSLA
2024-08-09,200.0,200.0,200.8800048828125,195.11000061035156,197.0500030517578,58648300,0.005833854775063374,202.09285627092635,230.2066665649414,193.07711096869573,0.048393361879534205,0.25,TSLA
2024-08-12,197.49000549316406,197.49000549316406,199.25999450683594,194.6699981689453,199.02000427246094,64044900,-0.012549972534179665,199.32571411132812,230.19366658528645,193.4005554199219,0.04846163769734402,0.2875082140866225,TSLA
2024-08-13,207.8300018310547,207.8300018310547,208.49000549316406,197.05999755859375,198.47000122070312,76247400,0.05235706137163754,199.34857177734375,230.1259999593099,193.80855543348525,0.04813733437813956,0.23668376437105465,TSLA
2024-08-14,201.3800048828125,201.3800048828125,208.44000244140625,198.75,207.38999938964844,70250000,-0.0310349655555765,199.7057146344866,229.13000030517577,194.2138888888889,0.04448565794860373,0.2623894878175188,TSLA
2024-08-15,214.13999938964844,214.13999938964844,215.8800048828125,204.82000732421875,205.02000427246094,89848500,0.06336276788880446,201.63428606305803,228.05500030517578,194.67122226291232,0.044376788985948455,0.21630705238373515,TSLA
2024-08-16,216.1199951171875,216.1199951171875,219.8000030517578,210.8000030517578,211.14999389648438,88765100,0.009246267550119258,205.1142861502511,226.875,195.10722215440538,0.04420633889216347,0.210577506912065,TSLA
2024-08-19,222.72000122070312,222.72000122070312,222.97999572753906,214.08999633789062,217.07000732421875,76435200,0.030538618603692225,208.52571541922433,225.86766662597657,195.67344445122612,0.04462671384167701,0.15849491558680628,TSLA
2024-08-20,221.10000610351562,221.10000610351562,228.22000122070312,219.55999755859375,224.8800048828125,74001200,-0.007273684933137958,211.54000200544084,224.4933339436849,196.1901111178928,0.04397321731813791,0.12627769062961303,TSLA
2024-08-21,223.27000427246094,223.27000427246094,224.66000366210938,218.86000061035156,222.6699981689453,70146000,0.009814554993405888,215.22285897391183,223.16033376057942,196.77033335367838,0.04402873821315218,0.07788775499115896,TSLA
2024-08-22,210.66000366210938,210.66000366210938,224.8000030517578,210.32000732421875,223.82000732421875,79514500,-0.056478704568676985,215.62714494977678,222.14800059000652,197.3167778862847,0.04254951616973764,0.187126162933964,TSLA
2024-08-23,220.32000732421875,220.32000732421875,221.47999572753906,214.2100067138672,214.4600067138672,81525200,0.04585589810206048,218.3328595842634,221.21766764322916,198.01911129421657,0.04307966799075596,0.09309183834881507,TSLA
2024-08-26,213.2100067138672,213.2100067138672,219.08999633789062,211.00999450683594,218.75,59301200,-0.0322712435275504,218.20000348772322,219.90333455403646,198.6608891805013,0.043214334553989174,0.14675668261726904,TSLA
2024-08-27,209.2100067138672,209.2100067138672,215.66000366210938,206.94000244140625,213.25,62821400,-0.018760845523390857,217.2128622872489,218.32500152587892,199.31955600314672,0.04311389258346336,0.15219155545192264,TSLA
2024-08-28,205.75,205.75,211.83999633789062,202.58999633789062,209.72000122070312,64116400,-0.01653843794670573,214.78857639857702,216.9000015258789,199.97177819146052,0.0428948330334252,0.16048604749677242,TSLA
2024-08-29,206.27999877929688,206.27999877929688,214.88999938964844,205.97000122070312,209.8000030517578,62308800,0.002575935743848623,212.6714324951172,215.4683349609375,200.68544481065538,0.04289246962600694,0.055846443381000865,TSLA
2024-08-30,214.11000061035156,214.11000061035156,214.57000732421875,207.02999877929688,208.6300048828125,63370600,0.03795812428442069,211.36286054338728,214.6320017496745,201.4568893432617,0.043076379387927154,0.023586021378553257,TSLA
2024-09-03,210.60000610351562,210.60000610351562,219.89999389648438,209.63999938964844,215.25999450683594,76714200,-0.016393416920415627,211.35428946358817,213.2683354695638,201.99544491238063,0.041895759742505444,0.04259259715450403,TSLA
2024-09-04,219.41000366210938,219.41000366210938,222.22000122070312,210.57000732421875,210.58999633789062,80651800,0.04183284569452206,211.2242889404297,212.3693354288737,202.54244503445096,0.04264272595174137,0.008750732131166172,TSLA
2024-09-05,230.1699981689453,230.1699981689453,235.0,222.25,223.49000549316406,119355000,0.04904058305110959,213.6471448625837,212.84200185139974,203.23000064425997,0.03711765240282576,-0.040318020824266276,TSLA
2024-09-06,210.72999572753906,210.72999572753906,233.60000610351562,210.50999450683594,232.60000610351562,112177000,-0.0844593239607937,213.8642861502511,212.52466837565103,203.4153338962131,0.04022235290132221,0.047311732657147276,TSLA
2024-09-09,216.27000427246094,216.27000427246094,219.8699951171875,213.6699981689453,216.1999969482422,67443500,0.026289605928169646,215.36714390345983,212.4070017496745,203.78188951280382,0.04052088829739506,0.011929540759634705,TSLA
2024-09-10,226.1699981689453,226.1699981689453,226.39999389648438,218.63999938964844,220.07000732421875,78891100,0.04577608406578748,218.2085723876953,212.20933481852214,204.29500054253472,0.040078407375594954,-0.0362559004935612,TSLA
2024-09-11,228.1300048828125,228.1300048828125,228.47000122070312,216.8000030517578,224.5500030517578,83548600,0.008666077418469476,220.211430140904,212.39300181070965,204.82966732449,0.03935477158842311,-0.06347262822251865,TSLA
2024-09-12,229.80999755859375,229.80999755859375,231.4499969482422,223.8300018310547,224.66000366210938,71894900,0.007364189890953776,222.9557146344866,212.31766815185546,205.36988949245875,0.03861239550110148,0.13345813390870664,TSLA
2024-09-13,230.2899932861328,230.2899932861328,232.6699981689453,226.32000732421875,228.0,59515100,0.0020886633855721204,224.50999886648995,212.7653345743815,205.87577836778428,0.036548852893719015,0.16891749658848876,TSLA
2024-09-16,226.77999877929688,226.77999877929688,229.9600067138672,223.52999877929688,229.3000030517578,54323000,-0.015241628421408637,224.02571323939733,213.40233459472657,206.41988949245876,0.03572237491605716,0.15755362544604612,TSLA
2024-09-17,227.8699951171875,227.8699951171875,234.57000732421875,226.5500030517578,229.4499969482422,66761600,0.004806404196833203,226.47428458077567,214.36866760253906,207.0104449801975,0.03465520445076523,0.1388949601732674,TSLA
2024-09-18,227.1999969482422,227.1999969482422,235.67999267578125,226.8800048828125,230.08999633789062,78010200,-0.0029402649901351108,228.03571210588728,215.25400085449218,207.62411159939236,0.034678417951263425,0.13358270797706262,TSLA
2024-09-19,243.9199981689453,243.9199981689453,244.24000549316406,232.1300048828125,234.0,102694600,0.07359155565707187,230.57142639160156,216.99266764322917,208.46244489881727,0.03559954215840219,0.02431128230192514,TSLA
2024-09-20,238.25,238.25,243.99000549316406,235.9199981689453,241.52000427246094,99879100,-0.02324531900421767,232.0171399797712,218.30633443196615,209.19977823893228,0.035647603267749885,0.045036708195337116,TSLA
2024-09-23,250.0,250.0,250.0,241.9199981689453,242.61000061035156,86927200,0.04931794333683115,234.90142604282923,219.9730010986328,210.00477820502388,0.03648700901461019,-0.028640014648437462,TSLA
2024-09-24,254.27000427246094,254.27000427246094,257.19000244140625,249.0500030517578,254.0800018310547,88491000,0.017080017089843746,238.32714189801897,221.86566772460938,210.8967781914605,0.03630907757500944,-0.011129908300242186,TSLA
2024-09-25,257.0199890136719,257.0199890136719,257.04998779296875,252.27999877929688,252.5399932861328,65034300,0.010815214909361437,242.6471405029297,223.50533396402994,211.8098892211914,0.035382716435677496,0.12259750646845169,TSLA
2024-09-26,254.22000122070312,254.22000122070312,261.75,251.52999877929688,260.6000061035156,67142200,-0.01089404681602335,246.4114270891462,225.26666717529298,212.66277804904513,0.03480857317302485,0.16792542772566743,TSLA
2024-09-27,260.4599914550781,260.4599914550781,260.70001220703125,254.1199951171875,257.3800048828125,70988100,0.024545630573566513,251.16285487583704,226.8106669108073,213.6128890991211,0.033386857528844086,0.23327962742448438,TSLA
2024-09-30,261.6300048828125,261.6300048828125,264.8599853515625,255.77000427246094,259.0400085449219,80705700,0.004492104223754234,253.69285583496094,228.32766723632812,214.44655575222438,0.03338755389482887,0.33776705067436574,TSLA
2024-10-01,258.0199890136719,258.0199890136719,263.9800109863281,248.52999877929688,262.6700134277344,87397600,-0.013798172234708361,256.51713997977123,229.50433349609375,215.31222229003907,0.033287698965130584,0.27311837927785154,TSLA
2024-10-02,249.02000427246094,249.02000427246094,251.16000366210938,241.5,247.5500030517578,93983900,-0.03488095932262847,256.3771405901228,230.43500010172525,216.14866672092015,0.03402512207441871,0.3261584795133512,TSLA
2024-10-03,240.66000366210938,240.66000366210938,249.7899932861328,237.80999755859375,244.47999572753906,80729200,-0.03357160254966751,254.43285478864397,231.01466674804686,216.83111114501952,0.034708110357421,0.29302745757738413,TSLA
2024-10-04,250.0800018310547,250.0800018310547,250.9600067138672,244.5800018310547,246.69000244140625,86573200,0.03914235030998814,253.4414280482701,232.32866668701172,217.64588894314235,0.03341586867050871,0.28246960521605535,TSLA
2024-10-07,240.8300018310547,240.8300018310547,249.8300018310547,240.6999969482422,249.0,68113300,-0.03698816351676526,251.52857099260603,233.01233317057293,218.3641111585829,0.03345518737539122,0.4065522885807451,TSLA
2024-10-08,244.5,244.5,246.2100067138672,240.55999755859375,243.55999755859375,56303200,0.015238957526229946,249.24857221330916,234.05533294677736,219.09422234429255,0.032821329949325184,0.4151329243353783,TSLA
2024-10-09,241.0500030517578,241.0500030517578,247.42999267578125,239.50999450683594,243.82000732421875,66289500,-0.014110416966225725,246.3085719517299,235.11666615804037,219.79388902452257,0.03271557598421088,0.4189172140597601,TSLA
2024-10-10,238.77000427246094,238.77000427246094,242.7899932861328,232.33999633789062,241.80999755859375,83087100,-0.009458613360014412,243.55857413155692,236.2173329671224,220.4881113688151,0.032578216943519714,0.4224567934457697,TSLA
2024-10-11,217.8000030517578,217.8000030517578,223.33999633789062,214.3800048828125,220.1300048828125,142628900,-0.08782510719719305,239.09857395717077,236.60133310953776,220.96622246636284,0.036768292543342455,0.6187327484784824,TSLA
2024-10-14,219.16000366210938,219.16000366210938,221.91000366210938,213.74000549316406,220.1300048828125,86291900,0.00624426350457119,236.0271453857422,236.76966654459636,221.45688917371962,0.03616386068901511,0.5449442903820754,TSLA
2024-10-15,219.57000732421875,219.57000732421875,224.25999450683594,217.1199951171875,220.00999450683594,62988800,0.0018707960177875016,231.6685747419085,237.06866658528645,221.91944478352863,0.03600707619953418,0.5404199102971978,TSLA
2024-10-16,221.3300018310547,221.3300018310547,222.82000732421875,218.92999267578125,221.39999389648438,49632800,0.008015641700267029,228.8828604561942,237.1326665242513,222.40666707356772,0.035239069759561745,0.5040437893392269,TSLA
2024-10-17,220.88999938964844,220.88999938964844,222.0800018310547,217.89999389648438,221.58999633789062,50791800,-0.001987992760882462,225.51000322614397,236.82333323160807,222.93000047471787,0.034046572056637074,0.5625877342380246,TSLA
2024-10-18,220.6999969482422,220.6999969482422,222.27999877929688,219.22999572753906,220.7100067138672,49611900,-0.0008601676940163117,222.6028594970703,237.15566660563152,223.48600040011937,0.03016299183873117,0.6179882250820066,TSLA
2024-10-21,218.85000610351562,218.85000610351562,220.47999572753906,215.72999572753906,218.89999389648438,47329000,-0.008382378207102636,219.75714547293526,237.24166666666667,223.9477783203125,0.02986236084326563,0.6057573846331692,TSLA
2024-10-22,217.97000122070312,217.97000122070312,218.22000122070312,215.25999450683594,217.30999755859375,43268700,-0.004021041161846095,219.78143092564173,236.96833343505858,224.34222276475694,0.02863665655307934,0.6421066691345438,TSLA
2024-10-23,213.64999389648438,213.64999389648438,218.72000122070312,212.11000061035156,217.1300048828125,80938900,-0.019819274670942355,218.9942866734096,236.48566640218098,224.73822275797525,0.02878278056268821,0.7294172749351759,TSLA
2024-10-24,260.4800109863281,260.4800109863281,262.1199951171875,242.64999389648438,244.67999267578125,204491900,0.21919035070290427,224.8385729108538,237.50800018310548,225.5497784084744,0.04957535842978718,0.4942413421547813,TSLA
2024-10-25,269.19000244140625,269.19000244140625,269.489990234375,255.32000732421875,256.010009765625,161611900,0.03343823359841336,231.67571585518974,238.8046671549479,226.48677842881943,0.04983548090812438,0.4480107173733774,TSLA
2024-10-28,262.510009765625,262.510009765625,273.5400085449219,262.239990234375,270.0,107653600,-0.024815158866218545,237.6214316231864,239.99566752115885,227.3861117892795,0.050008697053573664,0.5275226670113955,TSLA
2024-10-29,259.5199890136719,259.5199890136719,264.9800109863281,255.50999450683594,264.510009765625,80521800,-0.01139012091242797,243.16714477539062,241.05066731770833,228.23622283935546,0.05010942407004907,0.6367524930470554,TSLA
2024-10-30,257.54998779296875,257.54998779296875,263.3500061035156,255.82000732421875,258.0400085449219,53993600,-0.007590942139718337,248.69571358816964,242.0623336791992,229.06922268337672,0.0501435109241675,0.6233742027571161,TSLA
2024-10-31,249.85000610351562,249.85000610351562,259.75,249.25,257.989990234375,66575300,-0.029897037679701755,253.25,242.26000061035157,229.76366712782118,0.04882666314705445,0.7459675818682718,TSLA
2024-11-01,248.97999572753906,248.97999572753906,254.0,246.6300048828125,252.0399932861328,57544800,-0.003482130697311625,258.2971431187221,242.61766713460287,230.34822269015842,0.04860907301528938,0.8596674309544072,TSLA
2024-11-04,242.83999633789062,242.83999633789062,248.89999389648438,238.8800048828125,244.55999755859375,68802400,-0.024660613282231236,255.77714102608817,242.37900034586588,230.85288933648005,0.04802614866968066,0.9760335718498334,TSLA
2024-11-05,251.44000244140625,251.44000244140625,255.27999877929688,246.2100067138672,247.33999633789062,69282500,0.03541429020427711,253.2414267403739,242.2846669514974,231.4480004204644,0.048365723741053454,0.7504374825377167,TSLA
2024-11-06,288.5299987792969,288.5299987792969,289.5899963378906,275.6199951171875,284.6700134277344,165228700,0.14751032444224466,256.95856802804127,243.33500061035156,232.32211151123047,0.05529716170923458,0.5116972767929435,TSLA
2024-11-07,296.9100036621094,296.9100036621094,299.75,285.5199890136719,288.8900146484375,117309200,0.02904379065700735,262.29999869210377,244.75800069173178,233.05155605740018,0.05537647508099192,0.4181401514439036,TSLA
2024-11-08,321.2200012207031,321.2200012207031,328.7099914550781,297.6600036621094,299.1400146484375,204782800,0.08187665372925301,271.39571489606584,246.78333435058593,233.88300052218966,0.05698467971080749,0.34051430317896036,TSLA
2024-11-11,350.0,350.0,358.6400146484375,336.0,346.29998779296875,210521600,0.08959591143118995,285.7028568812779,249.7290008544922,234.97722269694012,0.058867310097125744,0.32079999651227675,TSLA
2024-11-12,328.489990234375,328.489990234375,345.8399963378906,323.30999755859375,342.739990234375,155726000,-0.06145717075892854,297.0614275251116,252.0780008951823,235.81666700575087,0.06019610284059202,0.3824774525360555,TSLA
2024-11-13,330.239990234375,330.239990234375,344.6000061035156,322.5,335.8500061035156,125405600,0.005327407385385952,309.5471409388951,254.78533376057942,236.57122260199654,0.05961378414744685,0.30711003036232976,TSLA
2024-11-14,311.17999267578125,311.17999267578125,329.9800109863281,310.3699951171875,327.69000244140625,120726100,-0.05771559508909463,318.08142525809154,257.13600006103513,237.10366685655382,0.06039485867066174,0.3413780239303794,TSLA
2024-11-15,320.7200012207031,320.7200012207031,324.67999267578125,309.2200012207031,310.57000732421875,114440300,0.030657525449785616,322.6799970354353,259.49066670735675,237.989111328125,0.0602746298648108,0.2591668583213449,TSLA
2024-11-18,338.739990234375,338.739990234375,348.54998779296875,330.010009765625,340.7300109863281,126085600,0.056186046847983784,328.6557094029018,262.7543329874674,238.99477793375652,0.06017223203435663,0.11967883838241877,TSLA
2024-11-19,346.0,346.0,347.3800048828125,332.75,335.760009765625,88852500,0.021432396454288627,332.1957092285156,266.1376663208008,240.03211127387152,0.06019054782141636,0.18624278162256136,TSLA
2024-11-20,342.0299987792969,342.0299987792969,346.6000061035156,334.29998779296875,345.0,66340700,-0.011473991967350106,331.057137625558,269.5036661783854,240.98177795410157,0.060151092854399776,0.20179513276614292,TSLA
2024-11-21,339.6400146484375,339.6400146484375,347.989990234375,335.2799987792969,343.80999755859375,58011700,-0.006987644766217049,332.6499982561384,272.86599985758465,241.99444478352865,0.06012044571343634,0.16111167219141076,TSLA
2024-11-22,352.55999755859375,352.55999755859375,361.5299987792969,337.70001220703125,341.0899963378906,89140700,0.038040225983177356,335.8385707310268,277.3579996744792,243.1425559149848,0.05712661698622498,0.12020650435751468,TSLA
2024-11-25,338.5899963378906,338.5899963378906,361.92999267578125,338.20001220703125,360.1400146484375,95890900,-0.039624464821427674,339.75428553989957,281.33899943033856,244.24688924153645,0.058048611969056634,0.16583476920106754,TSLA
2024-11-26,338.2300109863281,338.2300109863281,346.9599914550781,335.6600036621094,341.0,62295900,-0.001063189566898104,342.2557155064174,285.29433288574216,245.21044498019748,0.058075902162195776,0.19241340052138733,TSLA
2024-11-27,332.8900146484375,332.8900146484375,342.54998779296875,326.5899963378906,341.79998779296875,57896400,-0.015788061864523528,341.42000470842635,289.0129999796549,246.17166731092664,0.058350941518907434,0.19066348616721096,TSLA
2024-11-29,345.1600036621094,345.1600036621094,345.45001220703125,334.6499938964844,336.0799865722656,37167600,0.03685898787510977,341.3000052315848,293.15533345540365,247.60688951280383,0.0583868542339058,0.24064201146522302,TSLA
2024-12-02,357.0899963378906,357.0899963378906,360.0,351.1499938964844,352.3800048828125,77986500,0.034563659025395044,343.45143345424106,297.70166676839193,249.12733391655817,0.05838148237826178,0.1588675447873602,TSLA
2024-12-03,351.4200134277344,351.4200134277344,355.69000244140625,348.20001220703125,351.79998779296875,58267200,-0.01587830229999254,345.13429042271207,302.1206670125326,250.58977847629123,0.058512848435271984,0.21364744096370303,TSLA
2024-12-04,357.92999267578125,357.92999267578125,358.1000061035156,348.6000061035156,353.0,50810900,0.018524782309774723,345.9014325823103,306.78600006103517,251.9878894382053,0.058372200151430124,0.18478477915190572,TSLA
2024-12-05,369.489990234375,369.489990234375,375.42999267578125,359.5,359.8699951171875,81403600,0.03229681165351517,350.3157174246652,311.9806666056315,253.6197782728407,0.05797584477114543,0.12346747225344257,TSLA
2024-12-06,389.2200012207031,389.2200012207031,389.489990234375,370.79998779296875,377.4200134277344,81455800,0.053397958017247005,357.6000017438616,316.271999613444,255.365889316135,0.04471230384701229,0.05950363185209673,TSLA
2024-12-09,389.7900085449219,389.7900085449219,404.79998779296875,378.010009765625,397.6099853515625,96359200,0.0014644862094215227,365.7285723005022,320.29199981689453,257.2873338487413,0.04462411407292283,0.0430744186851284,TSLA
2024-12-10,400.989990234375,400.989990234375,409.7300109863281,390.8500061035156,392.67999267578125,97563600,0.02873337295448497,373.70428466796875,324.90799916585286,259.43533376057945,0.04411309831432617,-0.009576289761363377,TSLA
2024-12-11,424.7699890136719,424.7699890136719,424.8800048828125,402.3800048828125,409.70001220703125,104287600,0.05930322291934931,383.3728550502232,330.4163324991862,261.94522247314455,0.04453371341256655,-0.06281044651420165,TSLA
2024-12-12,418.1000061035156,418.1000061035156,429.29998779296875,415.0,424.8399963378906,87752200,-0.015702575706076027,392.8985682896205,335.7679997762044,264.36144476996526,0.04471547909403588,-0.06936139578247225,TSLA
2024-12-13,436.2300109863281,436.2300109863281,436.29998779296875,415.7099914550781,420.0,89000200,0.04336284290396253,404.0842851911272,341.9806666056315,267.07777828640405,0.044049260587526236,-0.08241068083726577,TSLA
2024-12-16,463.0199890136719,463.0199890136719,463.19000244140625,436.1499938964844,441.0899963378906,114083800,0.06141250567967771,417.44571358816967,349.1153330485026,270.0131115383572,0.044465137837295055,-0.1261716217362513,TSLA
2024-12-17,479.8599853515625,479.8599853515625,483.989990234375,457.510009765625,475.8999938964844,131223000,0.036369912179738284,430.39428274972096,357.01599934895836,273.12266693115237,0.04365388599970249,-0.20043345061438367,TSLA
2024-12-18,440.1300048828125,440.1300048828125,488.5400085449219,427.010009765625,466.5,149340800,-0.0827949436951747,437.58571079799106,363.3056660970052,275.81866692437063,0.04772018179396096,-0.1088769520280568,TSLA
2024-12-19,436.1700134277344,436.1700134277344,456.3599853515625,420.0199890136719,451.8800048828125,118566100,-0.008997322180141931,442.6114283970424,368.2269999186198,278.35577816433374,0.041430607944926125,-0.13297567052855086,TSLA
2024-12-20,421.05999755859375,421.05999755859375,447.0799865722656,417.6400146484375,425.510009765625,132216200,-0.034642491239586515,442.0814296177455,372.3653330485026,280.79666697184246,0.04229288453993022,-0.11100553485342846,TSLA
2024-12-23,430.6000061035156,430.6000061035156,434.510009765625,415.4100036621094,431.0,72698100,0.022657123925894362,443.8671439034598,376.01133321126304,283.2017781575521,0.04028095310216595,-0.16019509988057323,TSLA
2024-12-24,462.2799987792969,462.2799987792969,462.7799987792969,435.1400146484375,435.8999938964844,59551800,0.07357174228224572,447.5885707310268,379.7539998372396,285.9368893093533,0.039291435828469085,-0.24130394584998105,TSLA
2024-12-26,454.1300048828125,454.1300048828125,465.3299865722656,451.0199890136719,465.1600036621094,76366400,-0.017629994630971146,446.3185729980469,383.94200032552084,288.50811157226565,0.0373048976588449,-0.2766388556845768,TSLA
2024-12-27,431.6600036621094,431.6600036621094,450.0,426.5,449.5199890136719,82666800,-0.04947922616674816,439.432861328125,387.3226674397786,290.8476671006944,0.03892583442266056,-0.22042809871021773,TSLA
2024-12-30,417.4100036621094,417.4100036621094,427.0,415.75,419.3999938964844,64941000,-0.03301209257078741,436.18714686802457,390.86366780598956,293.00477820502385,0.03769223068850885,-0.1472652803751744,TSLA
2024-12-31,403.8399963378906,403.8399963378906,427.92999267578125,402.5400085449219,423.7900085449219,76825100,-0.03251001941775111,431.5685729980469,393.63433430989585,295.1512225680881,0.03828844798957215,-0.11885895511904343,TSLA
2025-01-02,379.2799987792969,379.2799987792969,392.7300109863281,373.0400085449219,390.1000061035156,109710700,-0.06081615932376483,425.6000017438616,394.9856679280599,296.9174446953667,0.039203193593660215,-0.06636261735062077,TSLA
2025-01-03,410.44000244140625,410.44000244140625,411.8800048828125,379.45001220703125,381.4800109863281,95423300,0.08215567328200035,422.7200012207031,397.1336680094401,299.1088890923394,0.04160082128695914,-0.12152812734166496,TSLA
2025-01-06,411.04998779296875,411.04998779296875,426.42999267578125,401.70001220703125,423.20001220703125,85516500,0.0014861742226248698,415.40142822265625,399.43433430989586,301.3515555487739,0.04147436371517132,-0.13781777296881215,TSLA
2025-01-07,394.3599853515625,394.3599853515625,414.3299865722656,390.0,405.8299865722656,75699500,-0.040603340073111505,406.86285400390625,401.2583333333333,303.4472220526801,0.042310302764255174,-0.14342225291486377,TSLA
2025-01-08,394.94000244140625,394.94000244140625,402.5,387.3999938964844,392.95001220703125,73038800,0.0014707807875757872,401.6171395438058,402.67100016276044,305.54344431559247,0.04187562158103014,-0.16308807227413058,TSLA
2025-01-10,394.739990234375,394.739990234375,399.2799987792969,377.2900085449219,391.3999938964844,62287300,-0.0005064369418008585,398.3785661969866,404.54266662597655,307.55044420030384,0.041050805736579654,-0.232912815311206,TSLA
2025-01-13,403.30999755859375,403.30999755859375,403.7900085449219,380.07000732421875,383.2099914550781,67580500,0.021710512074366584,398.30285208565846,406.7119995117188,309.6916663275825,0.04112732890642985,-0.27896657768638455,TSLA
2025-01-14,396.3599853515625,396.3599853515625,422.6400146484375,394.5400085449219,414.3399963378906,84565000,-0.017232432245921525,400.7428501674107,408.8276652018229,311.65777723524303,0.04115539734448188,-0.28865167366239597,TSLA
2025-01-15,428.2200012207031,428.2200012207031,429.79998779296875,405.6600036621094,409.8999938964844,81375500,0.08038151439752794,403.28284999302457,411.59633178710936,313.858332824707,0.04298345549516389,-0.3158189478512302,TSLA
2025-01-16,413.82000732421875,413.82000732421875,424.0,409.1300048828125,423.489990234375,68335200,-0.03362756026209679,403.6785670689174,413.4873321533203,316.11488850911456,0.04333743744690845,-0.3121405711216194,TSLA
2025-01-17,426.5,426.5,439.739990234375,419.75,421.5,94991400,0.030641323404759335,408.2699977329799,415.98999837239586,318.45077735053167,0.043366199459814965,-0.3621570725793156,TSLA
2025-01-21,424.07000732421875,424.07000732421875,433.20001220703125,406.30999755859375,432.6400146484375,87320900,-0.00569752092797482,412.4314270019531,418.1946655273438,320.64966634114586,0.04337702637092977,-0.3418539361824465,TSLA
2025-01-22,415.1099853515625,415.1099853515625,428.0,414.5899963378906,416.80999755859375,60963300,-0.021128638710367298,415.34142630440846,419.71533203125,322.7272216796875,0.04338117206192162,-0.36534889185112784,TSLA
2025-01-23,412.3800048828125,412.3800048828125,420.7300109863281,408.95001220703125,416.05999755859375,50690600,-0.006576523247056931,416.6371416364397,420.4873321533203,324.75577731662327,0.04243558055540441,-0.3630389196431135,TSLA
2025-01-24,406.5799865722656,406.5799865722656,418.8800048828125,405.7799987792969,414.45001220703125,56427100,-0.014064741844588391,418.0971418108259,421.0469980875651,326.7145550198025,0.042546902862120886,-0.45361306204628105,TSLA
2025-01-27,397.1499938964844,397.1499938964844,406.69000244140625,389.0,394.79998779296875,58125500,-0.023193450212053546,413.6585693359375,420.9189982096354,328.60755496554907,0.04248959018476566,-0.4194133063712082,TSLA
2025-01-28,398.0899963378906,398.0899963378906,400.5899963378906,386.5,396.9100036621094,48910700,0.0023668700890153715,411.4114249093192,420.0296651204427,330.49888831244573,0.04102066979561212,-0.3767992197238814,TSLA
2025-01-29,389.1000061035156,389.1000061035156,398.5899963378906,384.4800109863281,395.2099914550781,68033600,-0.02258280870425211,406.06856863839283,419.06299845377606,332.2977773030599,0.04112276156441193,-0.38144438730296226,TSLA
2025-01-30,400.2799987792969,400.2799987792969,412.5,384.4100036621094,410.7799987792969,98092900,0.028732954254456988,402.6699959891183,417.8646647135417,334.0351106431749,0.04065546559939856,-0.37548716775785995,TSLA
2025-01-31,404.6000061035156,404.6000061035156,419.989990234375,401.3399963378906,401.5299987792969,83283600,0.010792463618949588,401.1685703822545,415.9173319498698,335.8834440443251,0.038944262019077885,-0.41174001256455284,TSLA
2025-02-03,383.67999267578125,383.67999267578125,389.1700134277344,374.3599853515625,386.67999267578125,93732100,-0.05170542044525339,397.06856863839283,412.7113321940104,337.3687772962782,0.03913417747223351,-0.4127658416919694,TSLA
2025-02-04,392.2099914550781,392.2099914550781,394.0,381.3999938964844,382.6300048828125,57072200,0.022232065633156273,395.01571219308033,411.11399841308594,338.9014438205295,0.036714557883673005,-0.39863846982754425,TSLA
2025-02-05,378.1700134277344,378.1700134277344,388.3900146484375,375.5299987792969,387.510009765625,57223300,-0.035797094243459227,392.30428641183033,409.1806650797526,340.24755520290796,0.03718368644759358,-0.3752545518737076,TSLA
2025-02-06,374.32000732421875,374.32000732421875,375.3999938964844,363.17999267578125,373.0299987792969,77918200,-0.010180622383618276,388.90857369559154,407.62266540527344,341.5819997151693,0.03675628606350796,-0.33556849260679233,TSLA
2025-02-07,361.6199951171875,361.6199951171875,380.54998779296875,360.3399963378906,370.19000244140625,70298300,-0.0339282217314959,384.9828578404018,405.3233317057292,342.70599975585935,0.036831641115380655,-0.23015867925604694,TSLA
2025-02-10,350.7300109863281,350.7300109863281,362.70001220703125,350.510009765625,356.2099914550781,77514900,-0.030114441341470455,377.904288155692,401.60499877929686,343.69599982367623,0.0339404560687306,-0.1784563464126555,TSLA
2025-02-11,328.5,328.5,349.3699951171875,325.1000061035156,345.79998779296875,118543400,-0.06338211812502892,367.0328587123326,397.4173319498698,344.4791110568576,0.035357863341523715,-0.17181127075009517,TSLA
2025-02-12,336.510009765625,336.510009765625,346.3999938964844,329.1199951171875,329.94000244140625,105382700,0.0243835913717656,360.2942897251674,394.24566548665365,345.4512222290039,0.03509468376346816,-0.18834508051322418,TSLA
2025-02-13,355.94000244140625,355.94000244140625,358.69000244140625,342.8500061035156,345.0,89441500,0.05773971683431944,355.1128627232143,392.19666544596356,346.7321111043294,0.03670966816053285,-0.25956625839953595,TSLA
2025-02-14,355.8399963378906,355.8399963378906,362.0,347.5,360.6199951171875,68277300,-0.0002809633725618932,351.922860281808,390.59666544596354,347.90722215440536,0.03633597640265379,-0.27169512609812985,TSLA
2025-02-18,354.1099853515625,354.1099853515625,359.1000061035156,350.0199890136719,355.010009765625,51631700,-0.004861766535893763,349.0357142857143,389.7576649983724,349.1658886379666,0.034695629155556656,-0.24187398672604654,TSLA
2025-02-19,360.55999755859375,360.55999755859375,367.3399963378906,353.6700134277344,354.0,67094400,0.018214714280444966,348.884286063058,388.0949981689453,350.4554441663954,0.0311485733206657,-0.21577542800023364,TSLA
2025-02-20,354.3999938964844,354.3999938964844,362.29998779296875,348.0,361.510009765625,45965400,-0.01708454543992588,349.4085693359375,386.2066650390625,351.7148885091146,0.03122343901004158,-0.2458239182211558,TSLA
2025-02-21,337.79998779296875,337.79998779296875,354.9800109863281,334.4200134277344,353.44000244140625,74058600,-0.046839747148427646,350.7371390206473,384.3213317871094,352.81522165934246,0.03149195985248638,-0.2912078113439027,TSLA
2025-02-24,330.5299987792969,330.5299987792969,342.3999938964844,324.70001220703125,338.1400146484375,76052300,-0.021521578674915554,349.88285173688615,382.17433166503906,354.06777716742624,0.0316168762176315,-0.294194190700656,TSLA
2025-02-25,302.79998779296875,302.79998779296875,328.8900146484375,297.25,327.0199890136719,134228800,-0.0838955952220366,342.29142107282365,379.1096649169922,354.99711032443577,0.03468519655381769,-0.26730512036201837,TSLA
2025-02-26,290.79998779296875,290.79998779296875,309.0,288.0400085449219,303.7099914550781,100118300,-0.039630120487999076,332.999991280692,375.359331258138,355.7885545518663,0.03466816550629242,-0.06396140428719521,TSLA
2025-02-27,281.95001220703125,281.95001220703125,297.2300109863281,280.8800048828125,291.1600036621094,101748200,-0.030433204805490277,322.69142368861606,371.54566548665366,356.4621102227105,0.03484303134827995,-0.10480587703911426,TSLA
2025-02-28,292.9800109863281,292.9800109863281,293.8800048828125,273.6000061035156,279.5,115697000,0.03912040539724382,313.0371398925781,367.03766581217445,357.2631103515625,0.03180567902258942,-0.1388149767993293,TSLA
2025-03-03,284.6499938964844,284.6499938964844,303.94000244140625,277.29998779296875,300.3399963378906,115551400,-0.02843203214376444,303.0728541782924,362.73199869791665,357.97366587320965,0.031698250467989235,-0.11347264530318224,TSLA
2025-03-04,272.0400085449219,272.0400085449219,284.3500061035156,261.8399963378906,270.92999267578125,126706600,-0.04429996705409467,293.67857142857144,357.5833323160807,358.56466590033637,0.03117848819894253,-0.06590945218122035,TSLA
2025-03-05,279.1000061035156,279.1000061035156,279.54998779296875,267.7099914550781,272.9200134277344,94042900,0.025952056083059283,286.3314296177455,352.75099894205727,359.24388817681205,0.032007603134597766,-0.13453959953634276,TSLA
2025-03-06,263.45001220703125,263.45001220703125,272.6499938964844,260.0199890136719,272.05999755859375,98451600,-0.056073068986891905,280.7100045340402,347.69566650390624,359.79722171359595,0.03292331663316087,-0.08381103080948904,TSLA
2025-03-07,262.6700134277344,262.6700134277344,266.25,250.72999572753906,259.32000732421875,102369600,-0.0029607088371812473,276.6914367675781,342.70533345540366,359.821555074056,0.03295996487229973,-0.13389428419628235,TSLA
2025-03-10,222.14999389648438,222.14999389648438,253.3699951171875,220.0,252.5399932861328,189076900,-0.1542620682219512,268.14857700892856,336.5576670328776,359.29888831244574,0.0416939078781109,0.07121317919815207,TSLA
2025-03-11,230.5800018310547,230.5800018310547,237.05999755859375,217.02000427246094,225.30999755859375,174896400,0.037947369642955975,259.23428998674666,331.00533396402994,358.9441104465061,0.04296017927715793,0.08743170917693277,TSLA
2025-03-12,248.08999633789062,248.08999633789062,251.83999633789062,241.10000610351562,247.22000122070312,142215700,0.0759389121683911,254.01143319266183,326.00533396402994,358.81711052788626,0.04609125710749833,0.04603173685480111,TSLA
2025-03-13,240.67999267578125,240.67999267578125,248.2899932861328,232.60000610351562,248.1300048828125,114813500,-0.02986820819658198,249.53143092564173,321.0580001831055,358.6296661376953,0.04615406059932891,0.18393726474342187,TSLA
2025-03-14,249.97999572753906,249.97999572753906,251.5800018310547,240.72999572753906,247.30999755859375,100242300,0.038640532386444715,245.37142944335938,316.0480000813802,358.6311104668511,0.046510492256701765,0.14361152799763222,TSLA
2025-03-17,238.00999450683594,238.00999450683594,245.39999389648438,232.8000030517578,245.05999755859375,111900600,-0.04788383640805238,241.73714120047433,310.49499969482423,358.5092215643989,0.04664434923293962,0.22696527674979383,TSLA
2025-03-18,225.30999755859375,225.30999755859375,230.10000610351562,222.27999877929688,228.16000366210938,111477600,-0.05335909096824687,236.3999960763114,305.2159998575846,358.31444380018445,0.04668841513166737,0.2523190569416758,TSLA
2025-03-19,235.86000061035156,235.86000061035156,241.41000366210938,229.1999969482422,231.61000061035156,111993800,0.046824389357219776,238.3585684640067,300.00433349609375,358.1413326687283,0.047598880503033486,0.18934956452026852,TSLA
2025-03-20,236.25999450683594,236.25999450683594,238.0,230.0500030517578,233.35000610351562,99028300,0.0016958954271570903,239.1699959891183,295.2739995320638,357.5605548434787,0.047544583226182054,0.215652239620991,TSLA
2025-03-21,248.7100067138672,248.7100067138672,249.52000427246094,234.5500030517578,234.99000549316406,132728700,0.05269623506518384,239.2585688999721,291.0869995117188,357.0249993218316,0.04909875693485199,0.12685457842496484,TSLA
2025-03-24,278.3900146484375,278.3900146484375,278.6400146484375,256.3299865722656,258.0799865722656,169079900,0.11933580126800525,244.64571489606584,288.3126668294271,356.54911058213975,0.054455594655350055,-0.010919962588316734,TSLA
2025-03-25,288.1400146484375,288.1400146484375,288.20001220703125,271.2799987792969,283.6000061035156,150361500,0.03502280788451673,250.0971461704799,286.22633361816406,355.86177741156683,0.054808827104266815,-0.04136882356405136,TSLA
2025-03-26,272.05999755859375,272.05999755859375,284.8999938964844,266.510009765625,282.6600036621094,153629800,-0.05580626179068926,254.96143232073103,284.3450002034505,355.23477749294705,0.054547636787763344,0.046901455120673674,TSLA
2025-03-27,273.1300048828125,273.1300048828125,291.8500061035156,271.82000732421875,272.4800109863281,162572100,0.0039329829222258805,261.79286193847656,282.2323333740234,354.6002221001519,0.05429757236432359,0.09200748520322621,TSLA
2025-03-28,263.54998779296875,263.54998779296875,276.1000061035156,260.57000732421875,275.5799865722656,123809400,-0.03507493471452938,265.74857439313615,279.1526662190755,354.07099982367623,0.05320433890600235,0.20804408889942883,TSLA
2025-03-31,259.1600036621094,259.1600036621094,260.55999755859375,243.36000061035156,249.30999755859375,134008900,-0.016657121359109794,269.02000427246094,275.92999979654945,353.38699985080297,0.05320031884730771,0.28904924603943294,TSLA
2025-04-01,268.4599914550781,268.4599914550781,277.45001220703125,259.25,263.79998779296875,146486900,0.035885119854736525,271.8414306640625,273.075,352.6061109754774,0.05382922791856699,0.29509053021764386,TSLA
2025-04-02,282.760009765625,282.760009765625,284.989990234375,251.27000427246094,254.60000610351562,212787800,0.05326685079977622,272.46571568080356,270.48166707356773,351.9034444173177,0.05478446740154014,0.2124062649749392,TSLA
2025-04-03,267.2799987792969,267.2799987792969,276.29998779296875,261.510009765625,265.2900085449219,136174300,-0.05474611137253549,269.48571341378346,267.5776672363281,351.0728888617622,0.055460481682987846,0.3094133963810728,TSLA
2025-04-04,239.42999267578125,239.42999267578125,261.0,236.0,255.3800048828125,181229400,-0.10419786826814681,264.8242841448103,264.2986673990885,349.9594441731771,0.057790702053293286,0.42876835318256945,TSLA
2025-04-07,233.2899932861328,233.2899932861328,252.0,214.25,223.77999877929688,183453800,-0.025644236634809525,259.13285391671315,261.05733388264974,348.6342219034831,0.057824522929532704,0.47378806300757037,TSLA
2025-04-08,221.86000061035156,221.86000061035156,250.44000244140625,217.8000030517578,245.0,171603500,-0.048994783337158565,253.17714146205358,258.3593343098958,347.33722195095487,0.056623060552252975,0.5082484188074718,TSLA
2025-04-09,272.20001220703125,272.20001220703125,274.69000244140625,223.8800048828125,224.69000244140625,219433400,0.22689989839624536,255.03999982561385,257.7393351236979,346.6035552978516,0.07075469211980806,0.2529022529416052,TSLA
2025-04-10,252.39999389648438,252.39999389648438,262.489990234375,239.3300018310547,260.0,181722600,-0.07274069589492627,252.74571446010046,256.75433451334635,345.709221733941,0.07179917578653444,0.3444532668137168,TSLA
2025-04-11,252.30999755859375,252.30999755859375,257.739990234375,241.36000061035156,251.83999633789062,128948100,-0.00035656236159631316,248.39571271623885,255.39866739908854,344.67755499945747,0.07139417275082419,0.4382704536476556,TSLA
2025-04-14,252.35000610351562,252.35000610351562,261.79998779296875,245.92999267578125,258.3599853515625,100135200,0.00015856900364230597,246.26285661969865,254.3220011393229,343.51377733018666,0.07122777427281675,0.41430546964235715,TSLA
2025-04-15,254.11000061035156,254.11000061035156,258.75,247.5399932861328,249.91000366210938,79594300,0.0069744183248166,248.36000061035156,253.72433420817057,342.43255496554906,0.07078222208223944,0.4105308402458052,TSLA
2025-04-16,241.5500030517578,241.5500030517578,251.97000122070312,233.88999938964844,247.61000061035156,112378700,-0.049427403598542585,249.54000200544084,252.47266743977863,341.1394439697266,0.07116918130420356,0.4343199630630552,TSLA
2025-04-17,241.3699951171875,241.3699951171875,244.33999633789062,237.67999267578125,243.47000122070312,83404800,-0.0007452201709629014,252.327144077846,251.73666687011718,339.71588846842445,0.07044427800095965,0.4197705156973919,TSLA
2025-04-21,227.5,227.5,232.2100067138672,222.7899932861328,230.25999450683594,97768000,-0.05746362595919796,245.9414280482701,250.5643330891927,337.91899956597223,0.07120639506980321,0.5132746769831731,TSLA
2025-04-22,237.97000122070312,237.97000122070312,242.7899932861328,229.85000610351562,230.9600067138672,120858500,0.04602198338770602,243.8800005231585,251.09166666666667,336.23211059570315,0.06564947611527484,0.395343892464042,TSLA
2025-04-23,250.74000549316406,250.74000549316406,259.45001220703125,244.42999267578125,254.86000061035156,150381900,0.0536622440095611,243.6557159423828,251.76366678873697,334.56266632080076,0.06598922852585767,0.13543912407225744,TSLA
2025-04-24,259.510009765625,259.510009765625,259.5400085449219,249.1999969482422,250.5,94464200,0.0349764859229853,244.67857360839844,252.1443339029948,332.7264443291558,0.06488097577490481,0.13729722762906738,TSLA
2025-04-25,284.95001220703125,284.95001220703125,286.8500061035156,259.6300048828125,261.69000244140625,167560700,0.09803091011549903,249.08428955078125,253.62000122070313,331.2469999525282,0.06679120442167928,0.08292673575344844,TSLA
2025-04-28,285.8800048828125,285.8800048828125,294.8599853515625,272.4200134277344,288.9800109863281,151731800,0.0032637046356942534,255.41714695521765,254.81666819254556,329.57644432915583,0.0665378710427394,0.14065338872356925,TSLA
2025-04-29,292.0299987792969,292.0299987792969,293.32000732421875,279.4700012207031,285.5,108906600,0.021512501019458785,262.65429033551897,256.6173350016276,327.6765555487739,0.06578335873131873,0.1177960964294027,TSLA
2025-04-30,282.1600036621094,282.1600036621094,284.45001220703125,270.7799987792969,279.8999938964844,128961100,-0.03379788089732105,270.46286228724887,258.5123352050781,325.4798890855577,0.0652403766593671,0.13095400201972374,TSLA
2025-05-01,280.5199890136719,280.5199890136719,290.8699951171875,279.80999755859375,280.010009765625,99659000,-0.005812356915055328,276.54143197195873,260.0010014851888,323.7064444647895,0.06490846963631773,0.1596677965887805,TSLA
2025-05-02,287.2099914550781,287.2099914550781,294.7799987792969,279.80999755859375,284.8999938964844,114454700,0.023848576584252656,281.75142996651783,261.6993347167969,322.0513331095378,0.06496345281693568,0.1459559718495762,TSLA
2025-05-05,280.260009765625,280.260009765625,284.8500061035156,274.3999938964844,284.57000732421875,94618900,-0.024198258752220814,284.71571568080356,262.7510014851888,320.486888800727,0.06467452452273993,0.12877326439855574,TSLA
2025-05-06,275.3500061035156,275.3500061035156,277.7300109863281,271.3500061035156,273.1099853515625,76715800,-0.017519458684867262,283.3442862374442,262.64966786702473,318.761888800727,0.061126970546678386,0.16960225405586749,TSLA
2025-05-07,276.2200012207031,276.2200012207031,277.9200134277344,271.0,276.8800048828125,71592600,0.003159597232260225,281.9642857142857,262.25233408610023,316.6945554945204,0.06079751138722033,0.16631671218008437,TSLA
2025-05-08,284.82000732421875,284.82000732421875,289.79998779296875,279.4100036621094,279.6300048828125,97539400,0.031134624811778533,280.93428693498885,262.6776677449544,314.8133332994249,0.06009994608817728,0.2242117256842453,TSLA
2025-05-09,298.260009765625,298.260009765625,307.0400085449219,290.0,290.2099914550781,132387800,0.04718770485146129,283.23428780691967,263.5153345743815,313.3311111450195,0.06063514004586403,0.1415207874775002,TSLA
2025-05-12,318.3800048828125,318.3800048828125,322.2099914550781,311.5,321.989990234375,112826700,0.06745790403815088,288.64286150251115,265.3430018107096,312.23077782524956,0.061207510814871566,0.028802006311707595,TSLA
2025-05-13,334.07000732421875,334.07000732421875,337.5899963378906,316.79998779296875,320.0,136992600,0.049280740626853614,295.337149483817,267.84000193277996,311.45555572509767,0.061473462762898404,-0.02481518353390022,TSLA
2025-05-14,347.67999267578125,347.67999267578125,350.0,337.0,342.5,136997300,0.04073991993646375,304.9685756138393,270.48066864013674,311.1044445461697,0.06154965449769464,-0.06917276892431323,TSLA
2025-05-15,342.82000732421875,342.82000732421875,346.1400146484375,334.7200012207031,340.3399963378906,97882600,-0.013978329078298546,314.6071472167969,272.48266855875653,310.35311126708984,0.061157834407531086,-0.07339129317010529,TSLA
2025-05-16,349.9800109863281,349.9800109863281,351.6199951171875,342.3299865722656,346.239990234375,95895700,0.0208856061756566,325.14429146902904,275.23933563232424,309.67455596923827,0.060023788586538236,-0.140779524500257,TSLA
2025-05-19,342.0899963378906,342.0899963378906,343.0,333.3699951171875,336.29998779296875,88869900,-0.022544186527114873,333.32571847098217,278.66133575439454,309.09377831353083,0.05637556362179199,-0.07728961011561064,TSLA
2025-05-20,343.82000732421875,343.82000732421875,354.989990234375,341.6300048828125,347.8699951171875,131715500,0.005057180873010214,339.83428955078125,282.3456695556641,308.5257783677843,0.055919186926509046,-0.08280495786813302,TSLA
2025-05-21,334.6199951171875,334.6199951171875,347.3500061035156,332.20001220703125,344.42999267578125,102354800,-0.026758222357769146,342.154288155692,286.10433603922525,307.85777842203777,0.05519224339861247,-0.12157071684115794,TSLA
2025-05-22,341.0400085449219,341.0400085449219,347.2699890136719,331.3900146484375,331.8999938964844,97113400,0.019185982671137136,343.1500026157924,288.39900258382164,307.1658896552192,0.03809476002017593,-0.12675935345759837,TSLA
2025-05-23,339.3399963378906,339.3399963378906,343.17999267578125,333.2099914550781,337.9200134277344,84654800,-0.004984788190348977,341.9585745675223,291.29700266520183,306.53233422173395,0.03501188008139474,-0.12807211623767378,TSLA
2025-05-27,362.8900146484375,362.8900146484375,363.7900085449219,347.32000732421875,347.3500061035156,120146400,0.06939947711644767,344.82571847098217,294.9830032348633,305.8064454820421,0.03654870572899528,-0.14610492819047394,TSLA
2025-05-28,356.8999938964844,356.8999938964844,365.0,355.9100036621094,364.8399963378906,91404300,-0.016506435862546853,345.8142874581473,298.46800282796227,305.1740008884006,0.03687304400364962,-0.12157462839140376,TSLA
2025-05-29,358.42999267578125,358.42999267578125,367.7099914550781,356.0,365.2900085449219,88087800,0.004286911755287504,348.14857264927457,301.9453358968099,304.41766747368706,0.03688960953762898,-0.1158664163935158,TSLA
2025-05-30,346.4599914550781,346.4599914550781,363.67999267578125,345.2900085449219,355.5199890136719,123474900,-0.03339564619395741,348.5257132393973,305.4423355102539,303.55533396402996,0.03607348950885563,-0.10298445291166469,TSLA
2025-06-02,342.69000244140625,342.69000244140625,348.0199890136719,333.3299865722656,343.5,81873800,-0.01088145559849063,349.67857142857144,308.81966908772785,302.75066748725044,0.036250921982863483,-0.061338203227174426,TSLA
2025-06-03,344.2699890136719,344.2699890136719,355.3999938964844,343.0400085449219,346.6000061035156,99324500,0.004610541775392996,350.13999720982144,312.71200205485025,301.9938895331489,0.03381703213723322,-0.07221072456180677,TSLA
